graph,family,n,m,num_rules,rulebook,alg,eps,s,t,runtime,size,frontier,expansions,dijkstras,residual_edges,peeled_rules,sound,recall,covered,eps_achieved
grid_k06_N4,grid,36,120,4,chain2top,exact,0.0,0,35,1.9724e-05,1,1,31,0,0,0,True,1.0,1.0,0.0
grid_k06_N4,grid,36,120,4,chain2top,exact,0.0,5,30,1.5692e-05,1,1,36,0,0,0,True,1.0,1.0,0.0
grid_k06_N4,grid,36,120,4,chain2top,exact,0.0,0,30,1.5627e-05,1,1,34,0,0,0,True,1.0,1.0,0.0
grid_k06_N4,grid,36,120,4,chain2top,rapex-nodr,0.0,0,35,2.3535e-05,1,1,11,0,0,0,True,1.0,1.0,0.0
grid_k06_N4,grid,36,120,4,chain2top,rapex-nodr,0.0,5,30,1.4482e-05,1,1,11,0,0,0,True,1.0,1.0,0.0
grid_k06_N4,grid,36,120,4,chain2top,rapex-nodr,0.0,0,30,4.938e-06,1,1,6,0,0,0,True,1.0,1.0,0.0
grid_k06_N4,grid,36,120,4,chain2top,rapex,0.0,0,35,3.0768e-05,1,1,11,0,0,0,True,1.0,1.0,0.0
grid_k06_N4,grid,36,120,4,chain2top,rapex,0.0,5,30,1.7185e-05,1,1,11,0,0,0,True,1.0,1.0,0.0
grid_k06_N4,grid,36,120,4,chain2top,rapex,0.0,0,30,6.405e-06,1,1,6,0,0,0,True,1.0,1.0,0.0
grid_k06_N4,grid,36,120,4,chain2top,topolex,0.0,0,35,1.6634e-05,1,1,0,12,0,0,True,1.0,1.0,0.0
grid_k06_N4,grid,36,120,4,chain2top,topolex,0.0,5,30,1.3643e-05,1,1,0,12,0,0,True,1.0,1.0,0.0
grid_k06_N4,grid,36,120,4,chain2top,topolex,0.0,0,30,8.353e-06,1,1,0,12,0,0,True,1.0,1.0,0.0
grid_k06_N4,grid,36,120,4,chain2top,peel-only,0.0,0,35,2.5115e-05,0,1,0,4,10,2,True,0.0,0.0,inf
grid_k06_N4,grid,36,120,4,chain2top,peel-only,0.0,5,30,1.376e-05,0,1,0,4,10,2,True,0.0,0.0,inf
grid_k06_N4,grid,36,120,4,chain2top,peel-only,0.0,0,30,8.631e-06,0,1,0,4,5,2,True,0.0,0.0,inf
grid_k06_N4,grid,36,120,4,chain2top,peel-exact,0.0,0,35,2.949e-05,1,1,11,4,10,2,True,1.0,1.0,0.0
grid_k06_N4,grid,36,120,4,chain2top,peel-exact,0.0,5,30,2.3602e-05,1,1,11,4,10,2,True,1.0,1.0,0.0
grid_k06_N4,grid,36,120,4,chain2top,peel-exact,0.0,0,30,1.4541e-05,1,1,6,4,5,2,True,1.0,1.0,0.0
grid_k06_N4,grid,36,120,4,chain2top,peel-rapex,0.0,0,35,3.5203e-05,1,1,11,4,10,2,True,1.0,1.0,0.0
grid_k06_N4,grid,36,120,4,chain2top,peel-rapex,0.0,5,30,2.6065e-05,1,1,11,4,10,2,True,1.0,1.0,0.0
grid_k06_N4,grid,36,120,4,chain2top,peel-rapex,0.0,0,30,1.467e-05,1,1,6,4,5,2,True,1.0,1.0,0.0
grid_k06_N4,grid,36,120,4,chain2top,rapex-nodr,0.01,0,35,2.243e-05,1,1,11,0,0,0,True,1.0,1.0,0.0
grid_k06_N4,grid,36,120,4,chain2top,rapex-nodr,0.01,5,30,1.2324e-05,1,1,11,0,0,0,True,1.0,1.0,0.0
grid_k06_N4,grid,36,120,4,chain2top,rapex-nodr,0.01,0,30,4.853e-06,1,1,6,0,0,0,True,1.0,1.0,0.0
grid_k06_N4,grid,36,120,4,chain2top,rapex,0.01,0,35,2.0144e-05,1,1,11,0,0,0,True,1.0,1.0,0.0
grid_k06_N4,grid,36,120,4,chain2top,rapex,0.01,5,30,1.2551e-05,1,1,11,0,0,0,True,1.0,1.0,0.0
grid_k06_N4,grid,36,120,4,chain2top,rapex,0.01,0,30,5.003e-06,1,1,6,0,0,0,True,1.0,1.0,0.0
grid_k06_N4,grid,36,120,4,chain2top,peel-rapex,0.01,0,35,3.4775e-05,1,1,11,4,10,2,True,1.0,1.0,0.0
grid_k06_N4,grid,36,120,4,chain2top,peel-rapex,0.01,5,30,4.6408e-05,1,1,11,4,10,2,True,1.0,1.0,0.0
grid_k06_N4,grid,36,120,4,chain2top,peel-rapex,0.01,0,30,2.033e-05,1,1,6,4,5,2,True,1.0,1.0,0.0
grid_k06_N4,grid,36,120,4,chain4,exact,0.0,0,35,1.8341e-05,1,1,31,0,0,0,True,1.0,1.0,0.0
grid_k06_N4,grid,36,120,4,chain4,exact,0.0,5,30,1.6083e-05,1,1,36,0,0,0,True,1.0,1.0,0.0
grid_k06_N4,grid,36,120,4,chain4,exact,0.0,0,30,1.5831e-05,1,1,34,0,0,0,True,1.0,1.0,0.0
grid_k06_N4,grid,36,120,4,chain4,rapex-nodr,0.0,0,35,6.8758e-05,1,1,11,0,0,0,True,1.0,1.0,0.0
grid_k06_N4,grid,36,120,4,chain4,rapex-nodr,0.0,5,30,1.2764e-05,1,1,11,0,0,0,True,1.0,1.0,0.0
grid_k06_N4,grid,36,120,4,chain4,rapex-nodr,0.0,0,30,4.72e-06,1,1,6,0,0,0,True,1.0,1.0,0.0
grid_k06_N4,grid,36,120,4,chain4,rapex,0.0,0,35,2.0321e-05,1,1,11,0,0,0,True,1.0,1.0,0.0
grid_k06_N4,grid,36,120,4,chain4,rapex,0.0,5,30,1.2896e-05,1,1,11,0,0,0,True,1.0,1.0,0.0
grid_k06_N4,grid,36,120,4,chain4,rapex,0.0,0,30,5.098e-06,1,1,6,0,0,0,True,1.0,1.0,0.0
grid_k06_N4,grid,36,120,4,chain4,topolex,0.0,0,35,1.5288e-05,1,1,0,8,0,0,True,1.0,1.0,0.0
grid_k06_N4,grid,36,120,4,chain4,topolex,0.0,5,30,1.3785e-05,1,1,0,8,0,0,True,1.0,1.0,0.0
grid_k06_N4,grid,36,120,4,chain4,topolex,0.0,0,30,7.766e-06,1,1,0,8,0,0,True,1.0,1.0,0.0
grid_k06_N4,grid,36,120,4,chain4,peel-only,0.0,0,35,2.5097e-05,1,1,0,12,10,4,True,1.0,1.0,0.0
grid_k06_N4,grid,36,120,4,chain4,peel-only,0.0,5,30,2.1258e-05,1,1,0,12,10,4,True,1.0,1.0,0.0
grid_k06_N4,grid,36,120,4,chain4,peel-only,0.0,0,30,1.2247e-05,1,1,0,12,5,4,True,1.0,1.0,0.0
grid_k06_N4,grid,36,120,4,chain4,peel-exact,0.0,0,35,3.6528e-05,1,1,0,12,10,4,True,1.0,1.0,0.0
grid_k06_N4,grid,36,120,4,chain4,peel-exact,0.0,5,30,2.1169e-05,1,1,0,12,10,4,True,1.0,1.0,0.0
grid_k06_N4,grid,36,120,4,chain4,peel-exact,0.0,0,30,1.2292e-05,1,1,0,12,5,4,True,1.0,1.0,0.0
grid_k06_N4,grid,36,120,4,chain4,peel-rapex,0.0,0,35,2.4502e-05,1,1,0,12,10,4,True,1.0,1.0,0.0
grid_k06_N4,grid,36,120,4,chain4,peel-rapex,0.0,5,30,2.088e-05,1,1,0,12,10,4,True,1.0,1.0,0.0
grid_k06_N4,grid,36,120,4,chain4,peel-rapex,0.0,0,30,1.2169e-05,1,1,0,12,5,4,True,1.0,1.0,0.0
grid_k06_N4,grid,36,120,4,chain4,rapex-nodr,0.01,0,35,1.8707e-05,1,1,11,0,0,0,True,1.0,1.0,0.0
grid_k06_N4,grid,36,120,4,chain4,rapex-nodr,0.01,5,30,1.268e-05,1,1,11,0,0,0,True,1.0,1.0,0.0
grid_k06_N4,grid,36,120,4,chain4,rapex-nodr,0.01,0,30,4.789e-06,1,1,6,0,0,0,True,1.0,1.0,0.0
grid_k06_N4,grid,36,120,4,chain4,rapex,0.01,0,35,1.989e-05,1,1,11,0,0,0,True,1.0,1.0,0.0
grid_k06_N4,grid,36,120,4,chain4,rapex,0.01,5,30,1.2898e-05,1,1,11,0,0,0,True,1.0,1.0,0.0
grid_k06_N4,grid,36,120,4,chain4,rapex,0.01,0,30,6.837e-06,1,1,6,0,0,0,True,1.0,1.0,0.0
grid_k06_N4,grid,36,120,4,chain4,peel-rapex,0.01,0,35,2.5084e-05,1,1,0,12,10,4,True,1.0,1.0,0.0
grid_k06_N4,grid,36,120,4,chain4,peel-rapex,0.01,5,30,2.0321e-05,1,1,0,12,10,4,True,1.0,1.0,0.0
grid_k06_N4,grid,36,120,4,chain4,peel-rapex,0.01,0,30,1.2092e-05,1,1,0,12,5,4,True,1.0,1.0,0.0
grid_k06_N4,grid,36,120,4,diamond4,exact,0.0,0,35,0.000154321,12,12,177,0,0,0,True,1.0,1.0,0.0
grid_k06_N4,grid,36,120,4,diamond4,exact,0.0,5,30,6.6986e-05,9,9,103,0,0,0,True,1.0,1.0,0.0
grid_k06_N4,grid,36,120,4,diamond4,exact,0.0,0,30,5.809e-05,1,1,90,0,0,0,True,1.0,1.0,0.0
grid_k06_N4,grid,36,120,4,diamond4,rapex-nodr,0.0,0,35,0.000185082,12,12,92,0,0,0,True,1.0,1.0,0.0
grid_k06_N4,grid,36,120,4,diamond4,rapex-nodr,0.0,5,30,9.6096e-05,9,9,70,0,0,0,True,1.0,1.0,0.0
grid_k06_N4,grid,36,120,4,diamond4,rapex-nodr,0.0,0,30,7.008e-06,1,1,6,0,0,0,True,1.0,1.0,0.0
grid_k06_N4,grid,36,120,4,diamond4,rapex,0.0,0,35,0.000185843,12,12,92,0,0,0,True,1.0,1.0,0.0
grid_k06_N4,grid,36,120,4,diamond4,rapex,0.0,5,30,0.000118389,9,9,70,0,0,0,True,1.0,1.0,0.0
grid_k06_N4,grid,36,120,4,diamond4,rapex,0.0,0,30,7.163e-06,1,1,6,0,0,0,True,1.0,1.0,0.0
grid_k06_N4,grid,36,120,4,diamond4,topolex,0.0,0,35,3.3236e-05,2,12,0,24,0,0,True,0.16666666666666666,0.16666666666666666,0.22388059701492535
grid_k06_N4,grid,36,120,4,diamond4,topolex,0.0,5,30,2.4675e-05,2,9,0,24,0,0,True,0.2222222222222222,0.2222222222222222,0.24806201550387597
grid_k06_N4,grid,36,120,4,diamond4,topolex,0.0,0,30,1.6044e-05,1,1,0,24,0,0,True,1.0,1.0,0.0
grid_k06_N4,grid,36,120,4,diamond4,peel-only,0.0,0,35,2.231e-06,0,12,0,0,120,0,True,0.0,0.0,inf
grid_k06_N4,grid,36,120,4,diamond4,peel-only,0.0,5,30,1.751e-06,0,9,0,0,120,0,True,0.0,0.0,inf
grid_k06_N4,grid,36,120,4,diamond4,peel-only,0.0,0,30,6.21e-07,0,1,0,0,120,0,True,0.0,0.0,inf
grid_k06_N4,grid,36,120,4,diamond4,peel-exact,0.0,0,35,0.000137288,12,12,177,0,120,0,True,1.0,1.0,0.0
grid_k06_N4,grid,36,120,4,diamond4,peel-exact,0.0,5,30,6.4882e-05,9,9,103,0,120,0,True,1.0,1.0,0.0
grid_k06_N4,grid,36,120,4,diamond4,peel-exact,0.0,0,30,6.0922e-05,1,1,90,0,120,0,True,1.0,1.0,0.0
grid_k06_N4,grid,36,120,4,diamond4,peel-rapex,0.0,0,35,0.000208571,12,12,92,0,120,0,True,1.0,1.0,0.0
grid_k06_N4,grid,36,120,4,diamond4,peel-rapex,0.0,5,30,0.000122391,9,9,70,0,120,0,True,1.0,1.0,0.0
grid_k06_N4,grid,36,120,4,diamond4,peel-rapex,0.0,0,30,1.9245e-05,1,1,6,0,120,0,True,1.0,1.0,0.0
grid_k06_N4,grid,36,120,4,diamond4,rapex-nodr,0.01,0,35,0.000140241,8,12,77,0,0,0,True,0.6666666666666666,0.6666666666666666,0.00995024875621886
grid_k06_N4,grid,36,120,4,diamond4,rapex-nodr,0.01,5,30,6.8764e-05,6,9,59,0,0,0,True,0.6666666666666666,0.6666666666666666,0.0050167224080268635
grid_k06_N4,grid,36,120,4,diamond4,rapex-nodr,0.01,0,30,5e-06,1,1,6,0,0,0,True,1.0,1.0,0.0
grid_k06_N4,grid,36,120,4,diamond4,rapex,0.01,0,35,0.000129128,8,12,77,0,0,0,True,0.6666666666666666,0.6666666666666666,0.00995024875621886
grid_k06_N4,grid,36,120,4,diamond4,rapex,0.01,5,30,7.3865e-05,6,9,59,0,0,0,True,0.6666666666666666,0.6666666666666666,0.0050167224080268635
grid_k06_N4,grid,36,120,4,diamond4,rapex,0.01,0,30,7.129e-06,1,1,6,0,0,0,True,1.0,1.0,0.0
grid_k06_N4,grid,36,120,4,diamond4,peel-rapex,0.01,0,35,0.000195487,8,12,77,0,120,0,True,0.6666666666666666,0.6666666666666666,0.00995024875621886
grid_k06_N4,grid,36,120,4,diamond4,peel-rapex,0.01,5,30,0.000106034,6,9,59,0,120,0,True,0.6666666666666666,0.6666666666666666,0.0050167224080268635
grid_k06_N4,grid,36,120,4,diamond4,peel-rapex,0.01,0,30,2.3283e-05,1,1,6,0,120,0,True,1.0,1.0,0.0
grid_k06_N4,grid,36,120,4,flat4,exact,0.0,0,35,0.00059645,40,40,305,0,0,0,True,1.0,1.0,0.0
grid_k06_N4,grid,36,120,4,flat4,exact,0.0,5,30,0.000319143,26,26,214,0,0,0,True,1.0,1.0,0.0
grid_k06_N4,grid,36,120,4,flat4,exact,0.0,0,30,0.00014232,2,2,135,0,0,0,True,1.0,1.0,0.0
grid_k06_N4,grid,36,120,4,flat4,rapex-nodr,0.0,0,35,0.000941103,40,40,201,0,0,0,True,1.0,1.0,0.0
grid_k06_N4,grid,36,120,4,flat4,rapex-nodr,0.0,5,30,0.000458694,26,26,147,0,0,0,True,1.0,1.0,0.0
grid_k06_N4,grid,36,120,4,flat4,rapex-nodr,0.0,0,30,1.3632e-05,2,2,11,0,0,0,True,1.0,1.0,0.0
grid_k06_N4,grid,36,120,4,flat4,rapex,0.0,0,35,0.001023863,40,40,201,0,0,0,True,1.0,1.0,0.0
grid_k06_N4,grid,36,120,4,flat4,rapex,0.0,5,30,0.000492201,26,26,147,0,0,0,True,1.0,1.0,0.0
grid_k06_N4,grid,36,120,4,flat4,rapex,0.0,0,30,1.5374e-05,2,2,11,0,0,0,True,1.0,1.0,0.0
grid_k06_N4,grid,36,120,4,flat4,topolex,0.0,0,35,7.598e-05,4,40,0,128,0,0,True,0.1,0.1,0.2900552486187846
grid_k06_N4,grid,36,120,4,flat4,topolex,0.0,5,30,7.9349e-05,4,26,0,128,0,0,True,0.15384615384615385,0.15384615384615385,0.23670212765957444
grid_k06_N4,grid,36,120,4,flat4,topolex,0.0,0,30,5.3698e-05,2,2,0,128,0,0,True,1.0,1.0,0.0
grid_k06_N4,grid,36,120,4,flat4,peel-only,0.0,0,35,2.249e-06,0,40,0,0,120,0,True,0.0,0.0,inf
grid_k06_N4,grid,36,120,4,flat4,peel-only,0.0,5,30,1.739e-06,0,26,0,0,120,0,True,0.0,0.0,inf
grid_k06_N4,grid,36,120,4,flat4,peel-only,0.0,0,30,6.2e-07,0,2,0,0,120,0,True,0.0,0.0,inf
grid_k06_N4,grid,36,120,4,flat4,peel-exact,0.0,0,35,0.00063675,40,40,305,0,120,0,True,1.0,1.0,0.0
grid_k06_N4,grid,36,120,4,flat4,peel-exact,0.0,5,30,0.000282828,26,26,214,0,120,0,True,1.0,1.0,0.0
grid_k06_N4,grid,36,120,4,flat4,peel-exact,0.0,0,30,0.000259702,2,2,135,0,120,0,True,1.0,1.0,0.0
grid_k06_N4,grid,36,120,4,flat4,peel-rapex,0.0,0,35,0.001019757,40,40,201,0,120,0,True,1.0,1.0,0.0
grid_k06_N4,grid,36,120,4,flat4,peel-rapex,0.0,5,30,0.000494076,26,26,147,0,120,0,True,1.0,1.0,0.0
grid_k06_N4,grid,36,120,4,flat4,peel-rapex,0.0,0,30,2.7871e-05,2,2,11,0,120,0,True,1.0,1.0,0.0
grid_k06_N4,grid,36,120,4,flat4,rapex-nodr,0.01,0,35,0.000791625,35,40,193,0,0,0,True,0.875,0.875,0.007653061224489832
grid_k06_N4,grid,36,120,4,flat4,rapex-nodr,0.01,5,30,0.000369297,23,26,134,0,0,0,True,0.8846153846153846,0.8846153846153846,0.004255319148936065
grid_k06_N4,grid,36,120,4,flat4,rapex-nodr,0.01,0,30,1.3514e-05,2,2,11,0,0,0,True,1.0,1.0,0.0
grid_k06_N4,grid,36,120,4,flat4,rapex,0.01,0,35,0.000861108,35,40,193,0,0,0,True,0.875,0.875,0.007653061224489832
grid_k06_N4,grid,36,120,4,flat4,rapex,0.01,5,30,0.000404314,23,26,134,0,0,0,True,0.8846153846153846,0.8846153846153846,0.004255319148936065
grid_k06_N4,grid,36,120,4,flat4,rapex,0.01,0,30,1.5099e-05,2,2,11,0,0,0,True,1.0,1.0,0.0
grid_k06_N4,grid,36,120,4,flat4,peel-rapex,0.01,0,35,0.000936027,35,40,193,0,120,0,True,0.875,0.875,0.007653061224489832
grid_k06_N4,grid,36,120,4,flat4,peel-rapex,0.01,5,30,0.000458761,23,26,134,0,120,0,True,0.8846153846153846,0.8846153846153846,0.004255319148936065
grid_k06_N4,grid,36,120,4,flat4,peel-rapex,0.01,0,30,2.7665e-05,2,2,11,0,120,0,True,1.0,1.0,0.0
grid_k06_N4,grid,36,120,4,top1,exact,0.0,0,35,2.2575e-05,1,1,32,0,0,0,True,1.0,1.0,0.0
grid_k06_N4,grid,36,120,4,top1,exact,0.0,5,30,1.5795e-05,1,1,36,0,0,0,True,1.0,1.0,0.0
grid_k06_N4,grid,36,120,4,top1,exact,0.0,0,30,1.9438e-05,1,1,34,0,0,0,True,1.0,1.0,0.0
grid_k06_N4,grid,36,120,4,top1,rapex-nodr,0.0,0,35,5.8466e-05,1,1,11,0,0,0,True,1.0,1.0,0.0
grid_k06_N4,grid,36,120,4,top1,rapex-nodr,0.0,5,30,2.3547e-05,1,1,11,0,0,0,True,1.0,1.0,0.0
grid_k06_N4,grid,36,120,4,top1,rapex-nodr,0.0,0,30,8.284e-06,1,1,6,0,0,0,True,1.0,1.0,0.0
grid_k06_N4,grid,36,120,4,top1,rapex,0.0,0,35,2.5712e-05,1,1,11,0,0,0,True,1.0,1.0,0.0
grid_k06_N4,grid,36,120,4,top1,rapex,0.0,5,30,1.687e-05,1,1,11,0,0,0,True,1.0,1.0,0.0
grid_k06_N4,grid,36,120,4,top1,rapex,0.0,0,30,8.55e-06,1,1,6,0,0,0,True,1.0,1.0,0.0
grid_k06_N4,grid,36,120,4,top1,topolex,0.0,0,35,2.8136e-05,1,1,0,32,0,0,True,1.0,1.0,0.0
grid_k06_N4,grid,36,120,4,top1,topolex,0.0,5,30,2.0658e-05,1,1,0,32,0,0,True,1.0,1.0,0.0
grid_k06_N4,grid,36,120,4,top1,topolex,0.0,0,30,1.6288e-05,1,1,0,32,0,0,True,1.0,1.0,0.0
grid_k06_N4,grid,36,120,4,top1,peel-only,0.0,0,35,1.939e-05,0,1,0,2,10,1,True,0.0,0.0,inf
grid_k06_N4,grid,36,120,4,top1,peel-only,0.0,5,30,1.308e-05,0,1,0,2,10,1,True,0.0,0.0,inf
grid_k06_N4,grid,36,120,4,top1,peel-only,0.0,0,30,7.265e-06,0,1,0,2,5,1,True,0.0,0.0,inf
grid_k06_N4,grid,36,120,4,top1,peel-exact,0.0,0,35,2.0002e-05,1,1,11,2,10,1,True,1.0,1.0,0.0
grid_k06_N4,grid,36,120,4,top1,peel-exact,0.0,5,30,1.545e-05,1,1,11,2,10,1,True,1.0,1.0,0.0
grid_k06_N4,grid,36,120,4,top1,peel-exact,0.0,0,30,8.024e-06,1,1,6,2,5,1,True,1.0,1.0,0.0
grid_k06_N4,grid,36,120,4,top1,peel-rapex,0.0,0,35,3.4564e-05,1,1,11,2,10,1,True,1.0,1.0,0.0
grid_k06_N4,grid,36,120,4,top1,peel-rapex,0.0,5,30,3.4619e-05,1,1,11,2,10,1,True,1.0,1.0,0.0
grid_k06_N4,grid,36,120,4,top1,peel-rapex,0.0,0,30,1.5957e-05,1,1,6,2,5,1,True,1.0,1.0,0.0
grid_k06_N4,grid,36,120,4,top1,rapex-nodr,0.01,0,35,2.037e-05,1,1,11,0,0,0,True,1.0,1.0,0.0
grid_k06_N4,grid,36,120,4,top1,rapex-nodr,0.01,5,30,1.2495e-05,1,1,11,0,0,0,True,1.0,1.0,0.0
grid_k06_N4,grid,36,120,4,top1,rapex-nodr,0.01,0,30,4.8e-06,1,1,6,0,0,0,True,1.0,1.0,0.0
grid_k06_N4,grid,36,120,4,top1,rapex,0.01,0,35,2.0724e-05,1,1,11,0,0,0,True,1.0,1.0,0.0
grid_k06_N4,grid,36,120,4,top1,rapex,0.01,5,30,1.3094e-05,1,1,11,0,0,0,True,1.0,1.0,0.0
grid_k06_N4,grid,36,120,4,top1,rapex,0.01,0,30,5.047e-06,1,1,6,0,0,0,True,1.0,1.0,0.0
grid_k06_N4,grid,36,120,4,top1,peel-rapex,0.01,0,35,3.0254e-05,1,1,11,2,10,1,True,1.0,1.0,0.0
grid_k06_N4,grid,36,120,4,top1,peel-rapex,0.01,5,30,2.1812e-05,1,1,11,2,10,1,True,1.0,1.0,0.0
grid_k06_N4,grid,36,120,4,top1,peel-rapex,0.01,0,30,1.262e-05,1,1,6,2,5,1,True,1.0,1.0,0.0
grid_k08_N4,grid,64,224,4,chain2top,exact,0.0,0,63,3.1287e-05,1,1,64,0,0,0,True,1.0,1.0,0.0
grid_k08_N4,grid,64,224,4,chain2top,exact,0.0,7,56,3.6223e-05,1,1,64,0,0,0,True,1.0,1.0,0.0
grid_k08_N4,grid,64,224,4,chain2top,exact,0.0,0,56,1.9229e-05,1,1,35,0,0,0,True,1.0,1.0,0.0
grid_k08_N4,grid,64,224,4,chain2top,rapex-nodr,0.0,0,63,2.9238e-05,1,1,15,0,0,0,True,1.0,1.0,0.0
grid_k08_N4,grid,64,224,4,chain2top,rapex-nodr,0.0,7,56,1.787e-05,1,1,15,0,0,0,True,1.0,1.0,0.0
grid_k08_N4,grid,64,224,4,chain2top,rapex-nodr,0.0,0,56,9.028e-06,1,1,8,0,0,0,True,1.0,1.0,0.0
grid_k08_N4,grid,64,224,4,chain2top,rapex,0.0,0,63,2.5131e-05,1,1,15,0,0,0,True,1.0,1.0,0.0
grid_k08_N4,grid,64,224,4,chain2top,rapex,0.0,7,56,1.8073e-05,1,1,15,0,0,0,True,1.0,1.0,0.0
grid_k08_N4,grid,64,224,4,chain2top,rapex,0.0,0,56,1.1475e-05,1,1,8,0,0,0,True,1.0,1.0,0.0
grid_k08_N4,grid,64,224,4,chain2top,topolex,0.0,0,63,2.3457e-05,1,1,0,12,0,0,True,1.0,1.0,0.0
grid_k08_N4,grid,64,224,4,chain2top,topolex,0.0,7,56,2.1789e-05,1,1,0,12,0,0,True,1.0,1.0,0.0
grid_k08_N4,grid,64,224,4,chain2top,topolex,0.0,0,56,1.7012e-05,1,1,0,12,0,0,True,1.0,1.0,0.0
grid_k08_N4,grid,64,224,4,chain2top,peel-only,0.0,0,63,2.5283e-05,0,1,0,4,14,2,True,0.0,0.0,inf
grid_k08_N4,grid,64,224,4,chain2top,peel-only,0.0,7,56,2.6152e-05,0,1,0,4,14,2,True,0.0,0.0,inf
grid_k08_N4,grid,64,224,4,chain2top,peel-only,0.0,0,56,1.382e-05,0,1,0,4,7,2,True,0.0,0.0,inf
grid_k08_N4,grid,64,224,4,chain2top,peel-exact,0.0,0,63,3.225e-05,1,1,15,4,14,2,True,1.0,1.0,0.0
grid_k08_N4,grid,64,224,4,chain2top,peel-exact,0.0,7,56,2.7123e-05,1,1,15,4,14,2,True,1.0,1.0,0.0
grid_k08_N4,grid,64,224,4,chain2top,peel-exact,0.0,0,56,1.6936e-05,1,1,8,4,7,2,True,1.0,1.0,0.0
grid_k08_N4,grid,64,224,4,chain2top,peel-rapex,0.0,0,63,7.974e-05,1,1,15,4,14,2,True,1.0,1.0,0.0
grid_k08_N4,grid,64,224,4,chain2top,peel-rapex,0.0,7,56,4.2767e-05,1,1,15,4,14,2,True,1.0,1.0,0.0
grid_k08_N4,grid,64,224,4,chain2top,peel-rapex,0.0,0,56,2.9446e-05,1,1,8,4,7,2,True,1.0,1.0,0.0
grid_k08_N4,grid,64,224,4,chain2top,rapex-nodr,0.01,0,63,3.1972e-05,1,1,15,0,0,0,True,1.0,1.0,0.0
grid_k08_N4,grid,64,224,4,chain2top,rapex-nodr,0.01,7,56,1.8338e-05,1,1,15,0,0,0,True,1.0,1.0,0.0
grid_k08_N4,grid,64,224,4,chain2top,rapex-nodr,0.01,0,56,9.395e-06,1,1,8,0,0,0,True,1.0,1.0,0.0
grid_k08_N4,grid,64,224,4,chain2top,rapex,0.01,0,63,2.7546e-05,1,1,15,0,0,0,True,1.0,1.0,0.0
grid_k08_N4,grid,64,224,4,chain2top,rapex,0.01,7,56,1.915e-05,1,1,15,0,0,0,True,1.0,1.0,0.0
grid_k08_N4,grid,64,224,4,chain2top,rapex,0.01,0,56,1.1488e-05,1,1,8,0,0,0,True,1.0,1.0,0.0
grid_k08_N4,grid,64,224,4,chain2top,peel-rapex,0.01,0,63,4.3615e-05,1,1,15,4,14,2,True,1.0,1.0,0.0
grid_k08_N4,grid,64,224,4,chain2top,peel-rapex,0.01,7,56,4.534e-05,1,1,15,4,14,2,True,1.0,1.0,0.0
grid_k08_N4,grid,64,224,4,chain2top,peel-rapex,0.01,0,56,2.7738e-05,1,1,8,4,7,2,True,1.0,1.0,0.0
grid_k08_N4,grid,64,224,4,chain4,exact,0.0,0,63,3.049e-05,1,1,64,0,0,0,True,1.0,1.0,0.0
grid_k08_N4,grid,64,224,4,chain4,exact,0.0,7,56,3.8819e-05,1,1,64,0,0,0,True,1.0,1.0,0.0
grid_k08_N4,grid,64,224,4,chain4,exact,0.0,0,56,1.8935e-05,1,1,35,0,0,0,True,1.0,1.0,0.0
grid_k08_N4,grid,64,224,4,chain4,rapex-nodr,0.0,0,63,2.4761e-05,1,1,15,0,0,0,True,1.0,1.0,0.0
grid_k08_N4,grid,64,224,4,chain4,rapex-nodr,0.0,7,56,2.1744e-05,1,1,15,0,0,0,True,1.0,1.0,0.0
grid_k08_N4,grid,64,224,4,chain4,rapex-nodr,0.0,0,56,1.0664e-05,1,1,8,0,0,0,True,1.0,1.0,0.0
grid_k08_N4,grid,64,224,4,chain4,rapex,0.0,0,63,2.5905e-05,1,1,15,0,0,0,True,1.0,1.0,0.0
grid_k08_N4,grid,64,224,4,chain4,rapex,0.0,7,56,1.8815e-05,1,1,15,0,0,0,True,1.0,1.0,0.0
grid_k08_N4,grid,64,224,4,chain4,rapex,0.0,0,56,1.1455e-05,1,1,8,0,0,0,True,1.0,1.0,0.0
grid_k08_N4,grid,64,224,4,chain4,topolex,0.0,0,63,2.3142e-05,1,1,0,8,0,0,True,1.0,1.0,0.0
grid_k08_N4,grid,64,224,4,chain4,topolex,0.0,7,56,1.9528e-05,1,1,0,8,0,0,True,1.0,1.0,0.0
grid_k08_N4,grid,64,224,4,chain4,topolex,0.0,0,56,1.2105e-05,1,1,0,8,0,0,True,1.0,1.0,0.0
grid_k08_N4,grid,64,224,4,chain4,peel-only,0.0,0,63,3.2097e-05,1,1,0,12,14,4,True,1.0,1.0,0.0
grid_k08_N4,grid,64,224,4,chain4,peel-only,0.0,7,56,3.2937e-05,1,1,0,12,14,4,True,1.0,1.0,0.0
grid_k08_N4,grid,64,224,4,chain4,peel-only,0.0,0,56,1.8434e-05,1,1,0,12,7,4,True,1.0,1.0,0.0
grid_k08_N4,grid,64,224,4,chain4,peel-exact,0.0,0,63,3.2044e-05,1,1,0,12,14,4,True,1.0,1.0,0.0
grid_k08_N4,grid,64,224,4,chain4,peel-exact,0.0,7,56,2.876e-05,1,1,0,12,14,4,True,1.0,1.0,0.0
grid_k08_N4,grid,64,224,4,chain4,peel-exact,0.0,0,56,2.008e-05,1,1,0,12,7,4,True,1.0,1.0,0.0
grid_k08_N4,grid,64,224,4,chain4,peel-rapex,0.0,0,63,3.2709e-05,1,1,0,12,14,4,True,1.0,1.0,0.0
grid_k08_N4,grid,64,224,4,chain4,peel-rapex,0.0,7,56,2.8569e-05,1,1,0,12,14,4,True,1.0,1.0,0.0
grid_k08_N4,grid,64,224,4,chain4,peel-rapex,0.0,0,56,3.909e-05,1,1,0,12,7,4,True,1.0,1.0,0.0
grid_k08_N4,grid,64,224,4,chain4,rapex-nodr,0.01,0,63,2.5509e-05,1,1,15,0,0,0,True,1.0,1.0,0.0
grid_k08_N4,grid,64,224,4,chain4,rapex-nodr,0.01,7,56,1.8421e-05,1,1,15,0,0,0,True,1.0,1.0,0.0
grid_k08_N4,grid,64,224,4,chain4,rapex-nodr,0.01,0,56,1.0639e-05,1,1,8,0,0,0,True,1.0,1.0,0.0
grid_k08_N4,grid,64,224,4,chain4,rapex,0.01,0,63,2.464e-05,1,1,15,0,0,0,True,1.0,1.0,0.0
grid_k08_N4,grid,64,224,4,chain4,rapex,0.01,7,56,1.8968e-05,1,1,15,0,0,0,True,1.0,1.0,0.0
grid_k08_N4,grid,64,224,4,chain4,rapex,0.01,0,56,1.1586e-05,1,1,8,0,0,0,True,1.0,1.0,0.0
grid_k08_N4,grid,64,224,4,chain4,peel-rapex,0.01,0,63,3.2532e-05,1,1,0,12,14,4,True,1.0,1.0,0.0
grid_k08_N4,grid,64,224,4,chain4,peel-rapex,0.01,7,56,2.8059e-05,1,1,0,12,14,4,True,1.0,1.0,0.0
grid_k08_N4,grid,64,224,4,chain4,peel-rapex,0.01,0,56,1.718e-05,1,1,0,12,7,4,True,1.0,1.0,0.0
grid_k08_N4,grid,64,224,4,diamond4,exact,0.0,0,63,0.000135391,4,4,202,0,0,0,True,1.0,1.0,0.0
grid_k08_N4,grid,64,224,4,diamond4,exact,0.0,7,56,0.00025713,10,10,312,0,0,0,True,1.0,1.0,0.0
grid_k08_N4,grid,64,224,4,diamond4,exact,0.0,0,56,5.7965e-05,1,1,83,0,0,0,True,1.0,1.0,0.0
grid_k08_N4,grid,64,224,4,diamond4,rapex-nodr,0.0,0,63,7.3294e-05,4,4,52,0,0,0,True,1.0,1.0,0.0
grid_k08_N4,grid,64,224,4,diamond4,rapex-nodr,0.0,7,56,0.0001944,10,10,128,0,0,0,True,1.0,1.0,0.0
grid_k08_N4,grid,64,224,4,diamond4,rapex-nodr,0.0,0,56,1.2238e-05,1,1,8,0,0,0,True,1.0,1.0,0.0
grid_k08_N4,grid,64,224,4,diamond4,rapex,0.0,0,63,8.4051e-05,4,4,52,0,0,0,True,1.0,1.0,0.0
grid_k08_N4,grid,64,224,4,diamond4,rapex,0.0,7,56,0.000254446,10,10,128,0,0,0,True,1.0,1.0,0.0
grid_k08_N4,grid,64,224,4,diamond4,rapex,0.0,0,56,1.1562e-05,1,1,8,0,0,0,True,1.0,1.0,0.0
grid_k08_N4,grid,64,224,4,diamond4,topolex,0.0,0,63,4.172e-05,2,4,0,24,0,0,True,0.5,0.5,0.1778350515463918
grid_k08_N4,grid,64,224,4,diamond4,topolex,0.0,7,56,3.9882e-05,2,10,0,24,0,0,True,0.2,0.2,0.15700934579439263
grid_k08_N4,grid,64,224,4,diamond4,topolex,0.0,0,56,2.8296e-05,1,1,0,24,0,0,True,1.0,1.0,0.0
grid_k08_N4,grid,64,224,4,diamond4,peel-only,0.0,0,63,2.517e-06,0,4,0,0,224,0,True,0.0,0.0,inf
grid_k08_N4,grid,64,224,4,diamond4,peel-only,0.0,7,56,1.906e-06,0,10,0,0,224,0,True,0.0,0.0,inf
grid_k08_N4,grid,64,224,4,diamond4,peel-only,0.0,0,56,7.45e-07,0,1,0,0,224,0,True,0.0,0.0,inf
grid_k08_N4,grid,64,224,4,diamond4,peel-exact,0.0,0,63,0.000140364,4,4,202,0,224,0,True,1.0,1.0,0.0
grid_k08_N4,grid,64,224,4,diamond4,peel-exact,0.0,7,56,0.000243891,10,10,312,0,224,0,True,1.0,1.0,0.0
grid_k08_N4,grid,64,224,4,diamond4,peel-exact,0.0,0,56,6.2261e-05,1,1,83,0,224,0,True,1.0,1.0,0.0
grid_k08_N4,grid,64,224,4,diamond4,peel-rapex,0.0,0,63,0.000136375,4,4,52,0,224,0,True,1.0,1.0,0.0
grid_k08_N4,grid,64,224,4,diamond4,peel-rapex,0.0,7,56,0.000275104,10,10,128,0,224,0,True,1.0,1.0,0.0
grid_k08_N4,grid,64,224,4,diamond4,peel-rapex,0.0,0,56,5.2006e-05,1,1,8,0,224,0,True,1.0,1.0,0.0
grid_k08_N4,grid,64,224,4,diamond4,rapex-nodr,0.01,0,63,0.00012,4,4,52,0,0,0,True,1.0,1.0,0.0
grid_k08_N4,grid,64,224,4,diamond4,rapex-nodr,0.01,7,56,0.000236192,8,10,114,0,0,0,True,0.8,0.8,0.0033167495854062867
grid_k08_N4,grid,64,224,4,diamond4,rapex-nodr,0.01,0,56,1.548e-05,1,1,8,0,0,0,True,1.0,1.0,0.0
grid_k08_N4,grid,64,224,4,diamond4,rapex,0.01,0,63,0.000106871,4,4,53,0,0,0,True,1.0,1.0,0.0
grid_k08_N4,grid,64,224,4,diamond4,rapex,0.01,7,56,0.000220607,8,10,114,0,0,0,True,0.8,0.8,0.0033167495854062867
grid_k08_N4,grid,64,224,4,diamond4,rapex,0.01,0,56,1.8439e-05,1,1,8,0,0,0,True,1.0,1.0,0.0
grid_k08_N4,grid,64,224,4,diamond4,peel-rapex,0.01,0,63,0.000124638,4,4,53,0,224,0,True,1.0,1.0,0.0
grid_k08_N4,grid,64,224,4,diamond4,peel-rapex,0.01,7,56,0.00021844,8,10,114,0,224,0,True,0.8,0.8,0.0033167495854062867
grid_k08_N4,grid,64,224,4,diamond4,peel-rapex,0.01,0,56,5.3808e-05,1,1,8,0,224,0,True,1.0,1.0,0.0
grid_k08_N4,grid,64,224,4,flat4,exact,0.0,0,63,0.006359526,80,80,1385,0,0,0,True,1.0,1.0,0.0
grid_k08_N4,grid,64,224,4,flat4,exact,0.0,7,56,0.003059446,62,62,1124,0,0,0,True,1.0,1.0,0.0
grid_k08_N4,grid,64,224,4,flat4,exact,0.0,0,56,0.00062328,8,8,444,0,0,0,True,1.0,1.0,0.0
grid_k08_N4,grid,64,224,4,flat4,rapex-nodr,0.0,0,63,0.005261268,80,80,689,0,0,0,True,1.0,1.0,0.0
grid_k08_N4,grid,64,224,4,flat4,rapex-nodr,0.0,7,56,0.003184205,62,62,548,0,0,0,True,1.0,1.0,0.0
grid_k08_N4,grid,64,224,4,flat4,rapex-nodr,0.0,0,56,9.6568e-05,8,8,64,0,0,0,True,1.0,1.0,0.0
grid_k08_N4,grid,64,224,4,flat4,rapex,0.0,0,63,0.005321392,80,80,689,0,0,0,True,1.0,1.0,0.0
grid_k08_N4,grid,64,224,4,flat4,rapex,0.0,7,56,0.003127294,62,62,548,0,0,0,True,1.0,1.0,0.0
grid_k08_N4,grid,64,224,4,flat4,rapex,0.0,0,56,0.000128791,8,8,64,0,0,0,True,1.0,1.0,0.0
grid_k08_N4,grid,64,224,4,flat4,topolex,0.0,0,63,0.000114102,4,80,0,128,0,0,True,0.05,0.05,0.27863247863247853
grid_k08_N4,grid,64,224,4,flat4,topolex,0.0,7,56,0.000113105,4,62,0,128,0,0,True,0.06451612903225806,0.06451612903225806,0.4522058823529411
grid_k08_N4,grid,64,224,4,flat4,topolex,0.0,0,56,8.8485e-05,2,8,0,128,0,0,True,0.25,0.25,0.21753246753246747
grid_k08_N4,grid,64,224,4,flat4,peel-only,0.0,0,63,2.197e-06,0,80,0,0,224,0,True,0.0,0.0,inf
grid_k08_N4,grid,64,224,4,flat4,peel-only,0.0,7,56,1.578e-06,0,62,0,0,224,0,True,0.0,0.0,inf
grid_k08_N4,grid,64,224,4,flat4,peel-only,0.0,0,56,6.75e-07,0,8,0,0,224,0,True,0.0,0.0,inf
grid_k08_N4,grid,64,224,4,flat4,peel-exact,0.0,0,63,0.005682415,80,80,1385,0,224,0,True,1.0,1.0,0.0
grid_k08_N4,grid,64,224,4,flat4,peel-exact,0.0,7,56,0.003102085,62,62,1124,0,224,0,True,1.0,1.0,0.0
grid_k08_N4,grid,64,224,4,flat4,peel-exact,0.0,0,56,0.000624065,8,8,444,0,224,0,True,1.0,1.0,0.0
grid_k08_N4,grid,64,224,4,flat4,peel-rapex,0.0,0,63,0.00555002,80,80,689,0,224,0,True,1.0,1.0,0.0
grid_k08_N4,grid,64,224,4,flat4,peel-rapex,0.0,7,56,0.003301745,62,62,548,0,224,0,True,1.0,1.0,0.0
grid_k08_N4,grid,64,224,4,flat4,peel-rapex,0.0,0,56,0.000148294,8,8,64,0,224,0,True,1.0,1.0,0.0
grid_k08_N4,grid,64,224,4,flat4,rapex-nodr,0.01,0,63,0.003867058,61,80,620,0,0,0,True,0.7625,0.7625,0.009501187648456089
grid_k08_N4,grid,64,224,4,flat4,rapex-nodr,0.01,7,56,0.002385774,51,62,519,0,0,0,True,0.8225806451612904,0.8225806451612904,0.008474576271186418
grid_k08_N4,grid,64,224,4,flat4,rapex-nodr,0.01,0,56,0.000104186,6,8,56,0,0,0,True,0.75,0.75,0.009836065573770592
grid_k08_N4,grid,64,224,4,flat4,rapex,0.01,0,63,0.003816733,61,80,613,0,0,0,True,0.7625,0.7625,0.009501187648456089
grid_k08_N4,grid,64,224,4,flat4,rapex,0.01,7,56,0.002549903,51,62,517,0,0,0,True,0.8225806451612904,0.8225806451612904,0.008474576271186418
grid_k08_N4,grid,64,224,4,flat4,rapex,0.01,0,56,8.9267e-05,6,8,56,0,0,0,True,0.75,0.75,0.009836065573770592
grid_k08_N4,grid,64,224,4,flat4,peel-rapex,0.01,0,63,0.003957627,61,80,613,0,224,0,True,0.7625,0.7625,0.009501187648456089
grid_k08_N4,grid,64,224,4,flat4,peel-rapex,0.01,7,56,0.002707434,51,62,517,0,224,0,True,0.8225806451612904,0.8225806451612904,0.008474576271186418
grid_k08_N4,grid,64,224,4,flat4,peel-rapex,0.01,0,56,0.000126761,6,8,56,0,224,0,True,0.75,0.75,0.009836065573770592
grid_k08_N4,grid,64,224,4,top1,exact,0.0,0,63,3.0737e-05,1,1,64,0,0,0,True,1.0,1.0,0.0
grid_k08_N4,grid,64,224,4,top1,exact,0.0,7,56,3.3405e-05,1,1,64,0,0,0,True,1.0,1.0,0.0
grid_k08_N4,grid,64,224,4,top1,exact,0.0,0,56,1.8964e-05,1,1,35,0,0,0,True,1.0,1.0,0.0
grid_k08_N4,grid,64,224,4,top1,rapex-nodr,0.0,0,63,2.6158e-05,1,1,15,0,0,0,True,1.0,1.0,0.0
grid_k08_N4,grid,64,224,4,top1,rapex-nodr,0.0,7,56,1.7514e-05,1,1,15,0,0,0,True,1.0,1.0,0.0
grid_k08_N4,grid,64,224,4,top1,rapex-nodr,0.0,0,56,8.842e-06,1,1,8,0,0,0,True,1.0,1.0,0.0
grid_k08_N4,grid,64,224,4,top1,rapex,0.0,0,63,3.0478e-05,1,1,15,0,0,0,True,1.0,1.0,0.0
grid_k08_N4,grid,64,224,4,top1,rapex,0.0,7,56,1.9086e-05,1,1,15,0,0,0,True,1.0,1.0,0.0
grid_k08_N4,grid,64,224,4,top1,rapex,0.0,0,56,1.1396e-05,1,1,8,0,0,0,True,1.0,1.0,0.0
grid_k08_N4,grid,64,224,4,top1,topolex,0.0,0,63,3.2697e-05,1,1,0,32,0,0,True,1.0,1.0,0.0
grid_k08_N4,grid,64,224,4,top1,topolex,0.0,7,56,3.0388e-05,1,1,0,32,0,0,True,1.0,1.0,0.0
grid_k08_N4,grid,64,224,4,top1,topolex,0.0,0,56,2.0371e-05,1,1,0,32,0,0,True,1.0,1.0,0.0
grid_k08_N4,grid,64,224,4,top1,peel-only,0.0,0,63,2.0667e-05,0,1,0,2,14,1,True,0.0,0.0,inf
grid_k08_N4,grid,64,224,4,top1,peel-only,0.0,7,56,1.863e-05,0,1,0,2,14,1,True,0.0,0.0,inf
grid_k08_N4,grid,64,224,4,top1,peel-only,0.0,0,56,1.0993e-05,0,1,0,2,7,1,True,0.0,0.0,inf
grid_k08_N4,grid,64,224,4,top1,peel-exact,0.0,0,63,2.5992e-05,1,1,15,2,14,1,True,1.0,1.0,0.0
grid_k08_N4,grid,64,224,4,top1,peel-exact,0.0,7,56,2.9844e-05,1,1,15,2,14,1,True,1.0,1.0,0.0
grid_k08_N4,grid,64,224,4,top1,peel-exact,0.0,0,56,1.4258e-05,1,1,8,2,7,1,True,1.0,1.0,0.0
grid_k08_N4,grid,64,224,4,top1,peel-rapex,0.0,0,63,3.9553e-05,1,1,15,2,14,1,True,1.0,1.0,0.0
grid_k08_N4,grid,64,224,4,top1,peel-rapex,0.0,7,56,4.2547e-05,1,1,15,2,14,1,True,1.0,1.0,0.0
grid_k08_N4,grid,64,224,4,top1,peel-rapex,0.0,0,56,2.2917e-05,1,1,8,2,7,1,True,1.0,1.0,0.0
grid_k08_N4,grid,64,224,4,top1,rapex-nodr,0.01,0,63,2.4379e-05,1,1,15,0,0,0,True,1.0,1.0,0.0
grid_k08_N4,grid,64,224,4,top1,rapex-nodr,0.01,7,56,1.7634e-05,1,1,15,0,0,0,True,1.0,1.0,0.0
grid_k08_N4,grid,64,224,4,top1,rapex-nodr,0.01,0,56,1.0407e-05,1,1,8,0,0,0,True,1.0,1.0,0.0
grid_k08_N4,grid,64,224,4,top1,rapex,0.01,0,63,2.5679e-05,1,1,15,0,0,0,True,1.0,1.0,0.0
grid_k08_N4,grid,64,224,4,top1,rapex,0.01,7,56,3.6601e-05,1,1,15,0,0,0,True,1.0,1.0,0.0
grid_k08_N4,grid,64,224,4,top1,rapex,0.01,0,56,1.0871e-05,1,1,8,0,0,0,True,1.0,1.0,0.0
grid_k08_N4,grid,64,224,4,top1,peel-rapex,0.01,0,63,4.303e-05,1,1,15,2,14,1,True,1.0,1.0,0.0
grid_k08_N4,grid,64,224,4,top1,peel-rapex,0.01,7,56,3.6199e-05,1,1,15,2,14,1,True,1.0,1.0,0.0
grid_k08_N4,grid,64,224,4,top1,peel-rapex,0.01,0,56,2.356e-05,1,1,8,2,7,1,True,1.0,1.0,0.0
grid_k10_N4,grid,100,360,4,chain2top,exact,0.0,0,99,4.8902e-05,1,1,100,0,0,0,True,1.0,1.0,0.0
grid_k10_N4,grid,100,360,4,chain2top,exact,0.0,9,90,4.8966e-05,1,1,92,0,0,0,True,1.0,1.0,0.0
grid_k10_N4,grid,100,360,4,chain2top,exact,0.0,0,90,3.3691e-05,1,1,62,0,0,0,True,1.0,1.0,0.0
grid_k10_N4,grid,100,360,4,chain2top,rapex-nodr,0.0,0,99,3.5488e-05,1,1,21,0,0,0,True,1.0,1.0,0.0
grid_k10_N4,grid,100,360,4,chain2top,rapex-nodr,0.0,9,90,2.2615e-05,1,1,19,0,0,0,True,1.0,1.0,0.0
grid_k10_N4,grid,100,360,4,chain2top,rapex-nodr,0.0,0,90,1.8615e-05,1,1,14,0,0,0,True,1.0,1.0,0.0
grid_k10_N4,grid,100,360,4,chain2top,rapex,0.0,0,99,3.7077e-05,1,1,21,0,0,0,True,1.0,1.0,0.0
grid_k10_N4,grid,100,360,4,chain2top,rapex,0.0,9,90,2.3483e-05,1,1,19,0,0,0,True,1.0,1.0,0.0
grid_k10_N4,grid,100,360,4,chain2top,rapex,0.0,0,90,2.093e-05,1,1,14,0,0,0,True,1.0,1.0,0.0
grid_k10_N4,grid,100,360,4,chain2top,topolex,0.0,0,99,3.5831e-05,1,1,0,12,0,0,True,1.0,1.0,0.0
grid_k10_N4,grid,100,360,4,chain2top,topolex,0.0,9,90,3.4672e-05,1,1,0,12,0,0,True,1.0,1.0,0.0
grid_k10_N4,grid,100,360,4,chain2top,topolex,0.0,0,90,2.9427e-05,1,1,0,12,0,0,True,1.0,1.0,0.0
grid_k10_N4,grid,100,360,4,chain2top,peel-only,0.0,0,99,3.5865e-05,0,1,0,4,20,2,True,0.0,0.0,inf
grid_k10_N4,grid,100,360,4,chain2top,peel-only,0.0,9,90,5.088e-05,0,1,0,4,18,2,True,0.0,0.0,inf
grid_k10_N4,grid,100,360,4,chain2top,peel-only,0.0,0,90,2.5138e-05,0,1,0,4,13,2,True,0.0,0.0,inf
grid_k10_N4,grid,100,360,4,chain2top,peel-exact,0.0,0,99,4.5375e-05,1,1,21,4,20,2,True,1.0,1.0,0.0
grid_k10_N4,grid,100,360,4,chain2top,peel-exact,0.0,9,90,4.0757e-05,1,1,19,4,18,2,True,1.0,1.0,0.0
grid_k10_N4,grid,100,360,4,chain2top,peel-exact,0.0,0,90,3.0097e-05,1,1,14,4,13,2,True,1.0,1.0,0.0
grid_k10_N4,grid,100,360,4,chain2top,peel-rapex,0.0,0,99,6.4226e-05,1,1,21,4,20,2,True,1.0,1.0,0.0
grid_k10_N4,grid,100,360,4,chain2top,peel-rapex,0.0,9,90,5.275e-05,1,1,19,4,18,2,True,1.0,1.0,0.0
grid_k10_N4,grid,100,360,4,chain2top,peel-rapex,0.0,0,90,3.9654e-05,1,1,14,4,13,2,True,1.0,1.0,0.0
grid_k10_N4,grid,100,360,4,chain2top,rapex-nodr,0.01,0,99,3.9752e-05,1,1,21,0,0,0,True,1.0,1.0,0.0
grid_k10_N4,grid,100,360,4,chain2top,rapex-nodr,0.01,9,90,2.212e-05,1,1,19,0,0,0,True,1.0,1.0,0.0
grid_k10_N4,grid,100,360,4,chain2top,rapex-nodr,0.01,0,90,1.9388e-05,1,1,14,0,0,0,True,1.0,1.0,0.0
grid_k10_N4,grid,100,360,4,chain2top,rapex,0.01,0,99,3.7659e-05,1,1,21,0,0,0,True,1.0,1.0,0.0
grid_k10_N4,grid,100,360,4,chain2top,rapex,0.01,9,90,2.3826e-05,1,1,19,0,0,0,True,1.0,1.0,0.0
grid_k10_N4,grid,100,360,4,chain2top,rapex,0.01,0,90,2.4944e-05,1,1,14,0,0,0,True,1.0,1.0,0.0
grid_k10_N4,grid,100,360,4,chain2top,peel-rapex,0.01,0,99,6.6394e-05,1,1,21,4,20,2,True,1.0,1.0,0.0
grid_k10_N4,grid,100,360,4,chain2top,peel-rapex,0.01,9,90,5.2609e-05,1,1,19,4,18,2,True,1.0,1.0,0.0
grid_k10_N4,grid,100,360,4,chain2top,peel-rapex,0.01,0,90,4.4782e-05,1,1,14,4,13,2,True,1.0,1.0,0.0
grid_k10_N4,grid,100,360,4,chain4,exact,0.0,0,99,4.9589e-05,1,1,100,0,0,0,True,1.0,1.0,0.0
grid_k10_N4,grid,100,360,4,chain4,exact,0.0,9,90,4.9584e-05,1,1,92,0,0,0,True,1.0,1.0,0.0
grid_k10_N4,grid,100,360,4,chain4,exact,0.0,0,90,3.7016e-05,1,1,62,0,0,0,True,1.0,1.0,0.0
grid_k10_N4,grid,100,360,4,chain4,rapex-nodr,0.0,0,99,3.6234e-05,1,1,21,0,0,0,True,1.0,1.0,0.0
grid_k10_N4,grid,100,360,4,chain4,rapex-nodr,0.0,9,90,2.2483e-05,1,1,19,0,0,0,True,1.0,1.0,0.0
grid_k10_N4,grid,100,360,4,chain4,rapex-nodr,0.0,0,90,1.9656e-05,1,1,14,0,0,0,True,1.0,1.0,0.0
grid_k10_N4,grid,100,360,4,chain4,rapex,0.0,0,99,3.8393e-05,1,1,21,0,0,0,True,1.0,1.0,0.0
grid_k10_N4,grid,100,360,4,chain4,rapex,0.0,9,90,2.3745e-05,1,1,19,0,0,0,True,1.0,1.0,0.0
grid_k10_N4,grid,100,360,4,chain4,rapex,0.0,0,90,2.0278e-05,1,1,14,0,0,0,True,1.0,1.0,0.0
grid_k10_N4,grid,100,360,4,chain4,topolex,0.0,0,99,3.2255e-05,1,1,0,8,0,0,True,1.0,1.0,0.0
grid_k10_N4,grid,100,360,4,chain4,topolex,0.0,9,90,3.0781e-05,1,1,0,8,0,0,True,1.0,1.0,0.0
grid_k10_N4,grid,100,360,4,chain4,topolex,0.0,0,90,2.1375e-05,1,1,0,8,0,0,True,1.0,1.0,0.0
grid_k10_N4,grid,100,360,4,chain4,peel-only,0.0,0,99,4.3311e-05,1,1,0,12,20,4,True,1.0,1.0,0.0
grid_k10_N4,grid,100,360,4,chain4,peel-only,0.0,9,90,4.2282e-05,1,1,0,12,18,4,True,1.0,1.0,0.0
grid_k10_N4,grid,100,360,4,chain4,peel-only,0.0,0,90,3.182e-05,1,1,0,12,13,4,True,1.0,1.0,0.0
grid_k10_N4,grid,100,360,4,chain4,peel-exact,0.0,0,99,4.427e-05,1,1,0,12,20,4,True,1.0,1.0,0.0
grid_k10_N4,grid,100,360,4,chain4,peel-exact,0.0,9,90,3.9995e-05,1,1,0,12,18,4,True,1.0,1.0,0.0
grid_k10_N4,grid,100,360,4,chain4,peel-exact,0.0,0,90,2.6937e-05,1,1,0,12,13,4,True,1.0,1.0,0.0
grid_k10_N4,grid,100,360,4,chain4,peel-rapex,0.0,0,99,4.3127e-05,1,1,0,12,20,4,True,1.0,1.0,0.0
grid_k10_N4,grid,100,360,4,chain4,peel-rapex,0.0,9,90,4.023e-05,1,1,0,12,18,4,True,1.0,1.0,0.0
grid_k10_N4,grid,100,360,4,chain4,peel-rapex,0.0,0,90,3.2063e-05,1,1,0,12,13,4,True,1.0,1.0,0.0
grid_k10_N4,grid,100,360,4,chain4,rapex-nodr,0.01,0,99,3.5753e-05,1,1,21,0,0,0,True,1.0,1.0,0.0
grid_k10_N4,grid,100,360,4,chain4,rapex-nodr,0.01,9,90,2.254e-05,1,1,19,0,0,0,True,1.0,1.0,0.0
grid_k10_N4,grid,100,360,4,chain4,rapex-nodr,0.01,0,90,1.9729e-05,1,1,14,0,0,0,True,1.0,1.0,0.0
grid_k10_N4,grid,100,360,4,chain4,rapex,0.01,0,99,3.758e-05,1,1,21,0,0,0,True,1.0,1.0,0.0
grid_k10_N4,grid,100,360,4,chain4,rapex,0.01,9,90,2.3362e-05,1,1,19,0,0,0,True,1.0,1.0,0.0
grid_k10_N4,grid,100,360,4,chain4,rapex,0.01,0,90,2.087e-05,1,1,14,0,0,0,True,1.0,1.0,0.0
grid_k10_N4,grid,100,360,4,chain4,peel-rapex,0.01,0,99,4.4393e-05,1,1,0,12,20,4,True,1.0,1.0,0.0
grid_k10_N4,grid,100,360,4,chain4,peel-rapex,0.01,9,90,4.2057e-05,1,1,0,12,18,4,True,1.0,1.0,0.0
grid_k10_N4,grid,100,360,4,chain4,peel-rapex,0.01,0,90,2.9615e-05,1,1,0,12,13,4,True,1.0,1.0,0.0
grid_k10_N4,grid,100,360,4,diamond4,exact,0.0,0,99,0.00121389,29,29,942,0,0,0,True,1.0,1.0,0.0
grid_k10_N4,grid,100,360,4,diamond4,exact,0.0,9,90,0.000596401,17,17,630,0,0,0,True,1.0,1.0,0.0
grid_k10_N4,grid,100,360,4,diamond4,exact,0.0,0,90,0.000343244,8,8,338,0,0,0,True,1.0,1.0,0.0
grid_k10_N4,grid,100,360,4,diamond4,rapex-nodr,0.0,0,99,0.001480641,29,29,486,0,0,0,True,1.0,1.0,0.0
grid_k10_N4,grid,100,360,4,diamond4,rapex-nodr,0.0,9,90,0.000515622,17,17,250,0,0,0,True,1.0,1.0,0.0
grid_k10_N4,grid,100,360,4,diamond4,rapex-nodr,0.0,0,90,0.000123724,8,8,87,0,0,0,True,1.0,1.0,0.0
grid_k10_N4,grid,100,360,4,diamond4,rapex,0.0,0,99,0.001433535,29,29,486,0,0,0,True,1.0,1.0,0.0
grid_k10_N4,grid,100,360,4,diamond4,rapex,0.0,9,90,0.000623525,17,17,250,0,0,0,True,1.0,1.0,0.0
grid_k10_N4,grid,100,360,4,diamond4,rapex,0.0,0,90,0.000162964,8,8,87,0,0,0,True,1.0,1.0,0.0
grid_k10_N4,grid,100,360,4,diamond4,topolex,0.0,0,99,6.3675e-05,2,29,0,24,0,0,True,0.06896551724137931,0.06896551724137931,0.7038216560509554
grid_k10_N4,grid,100,360,4,diamond4,topolex,0.0,9,90,6.33e-05,2,17,0,24,0,0,True,0.11764705882352941,0.11764705882352941,0.37163375224416506
grid_k10_N4,grid,100,360,4,diamond4,topolex,0.0,0,90,4.9373e-05,2,8,0,24,0,0,True,0.25,0.25,0.35897435897435903
grid_k10_N4,grid,100,360,4,diamond4,peel-only,0.0,0,99,2.549e-06,0,29,0,0,360,0,True,0.0,0.0,inf
grid_k10_N4,grid,100,360,4,diamond4,peel-only,0.0,9,90,1.963e-06,0,17,0,0,360,0,True,0.0,0.0,inf
grid_k10_N4,grid,100,360,4,diamond4,peel-only,0.0,0,90,8.39e-07,0,8,0,0,360,0,True,0.0,0.0,inf
grid_k10_N4,grid,100,360,4,diamond4,peel-exact,0.0,0,99,0.001231048,29,29,942,0,360,0,True,1.0,1.0,0.0
grid_k10_N4,grid,100,360,4,diamond4,peel-exact,0.0,9,90,0.000634048,17,17,630,0,360,0,True,1.0,1.0,0.0
grid_k10_N4,grid,100,360,4,diamond4,peel-exact,0.0,0,90,0.000373754,8,8,338,0,360,0,True,1.0,1.0,0.0
grid_k10_N4,grid,100,360,4,diamond4,peel-rapex,0.0,0,99,0.001538243,29,29,486,0,360,0,True,1.0,1.0,0.0
grid_k10_N4,grid,100,360,4,diamond4,peel-rapex,0.0,9,90,0.000681698,17,17,250,0,360,0,True,1.0,1.0,0.0
grid_k10_N4,grid,100,360,4,diamond4,peel-rapex,0.0,0,90,0.000210578,8,8,87,0,360,0,True,1.0,1.0,0.0
grid_k10_N4,grid,100,360,4,diamond4,rapex-nodr,0.01,0,99,0.001115249,21,29,411,0,0,0,True,0.7241379310344828,0.7241379310344828,0.007440476190476275
grid_k10_N4,grid,100,360,4,diamond4,rapex-nodr,0.01,9,90,0.00034094,10,17,226,0,0,0,True,0.5882352941176471,0.5882352941176471,0.008032128514056325
grid_k10_N4,grid,100,360,4,diamond4,rapex-nodr,0.01,0,90,0.000115991,7,8,86,0,0,0,True,0.875,0.875,0.003058103975535076
grid_k10_N4,grid,100,360,4,diamond4,rapex,0.01,0,99,0.001090745,21,29,413,0,0,0,True,0.7241379310344828,0.7241379310344828,0.007440476190476275
grid_k10_N4,grid,100,360,4,diamond4,rapex,0.01,9,90,0.000400975,10,17,238,0,0,0,True,0.5882352941176471,0.5882352941176471,0.008032128514056325
grid_k10_N4,grid,100,360,4,diamond4,rapex,0.01,0,90,0.000124888,7,8,86,0,0,0,True,0.875,0.875,0.003058103975535076
grid_k10_N4,grid,100,360,4,diamond4,peel-rapex,0.01,0,99,0.001187912,21,29,413,0,360,0,True,0.7241379310344828,0.7241379310344828,0.007440476190476275
grid_k10_N4,grid,100,360,4,diamond4,peel-rapex,0.01,9,90,0.000637221,10,17,238,0,360,0,True,0.5882352941176471,0.5882352941176471,0.008032128514056325
grid_k10_N4,grid,100,360,4,diamond4,peel-rapex,0.01,0,90,0.00021464,7,8,86,0,360,0,True,0.875,0.875,0.003058103975535076
grid_k10_N4,grid,100,360,4,flat4,exact,0.0,0,99,0.130062885,507,507,7534,0,0,0,True,1.0,1.0,0.0
grid_k10_N4,grid,100,360,4,flat4,exact,0.0,9,90,0.104835284,431,431,6352,0,0,0,True,1.0,1.0,0.0
grid_k10_N4,grid,100,360,4,flat4,exact,0.0,0,90,0.009437837,35,35,1947,0,0,0,True,1.0,1.0,0.0
grid_k10_N4,grid,100,360,4,flat4,rapex-nodr,0.0,0,99,0.18626534,507,507,4661,0,0,0,True,1.0,1.0,0.0
grid_k10_N4,grid,100,360,4,flat4,rapex-nodr,0.0,9,90,0.130494157,431,431,3826,0,0,0,True,1.0,1.0,0.0
grid_k10_N4,grid,100,360,4,flat4,rapex-nodr,0.0,0,90,0.00112052,35,35,264,0,0,0,True,1.0,1.0,0.0
grid_k10_N4,grid,100,360,4,flat4,rapex,0.0,0,99,0.177467707,507,507,4661,0,0,0,True,1.0,1.0,0.0
grid_k10_N4,grid,100,360,4,flat4,rapex,0.0,9,90,0.118748616,431,431,3826,0,0,0,True,1.0,1.0,0.0
grid_k10_N4,grid,100,360,4,flat4,rapex,0.0,0,90,0.001132518,35,35,264,0,0,0,True,1.0,1.0,0.0
grid_k10_N4,grid,100,360,4,flat4,topolex,0.0,0,99,0.000173966,5,507,0,128,0,0,True,0.009861932938856016,0.009861932938856016,0.6446280991735538
grid_k10_N4,grid,100,360,4,flat4,topolex,0.0,9,90,0.000167418,4,431,0,128,0,0,True,0.009280742459396751,0.009280742459396751,0.4277372262773722
grid_k10_N4,grid,100,360,4,flat4,topolex,0.0,0,90,0.000147315,5,35,0,128,0,0,True,0.14285714285714285,0.14285714285714285,0.35897435897435903
grid_k10_N4,grid,100,360,4,flat4,peel-only,0.0,0,99,2.703e-06,0,507,0,0,360,0,True,0.0,0.0,inf
grid_k10_N4,grid,100,360,4,flat4,peel-only,0.0,9,90,1.64e-06,0,431,0,0,360,0,True,0.0,0.0,inf
grid_k10_N4,grid,100,360,4,flat4,peel-only,0.0,0,90,7.55e-07,0,35,0,0,360,0,True,0.0,0.0,inf
grid_k10_N4,grid,100,360,4,flat4,peel-exact,0.0,0,99,0.130969058,507,507,7534,0,360,0,True,1.0,1.0,0.0
grid_k10_N4,grid,100,360,4,flat4,peel-exact,0.0,9,90,0.105419119,431,431,6352,0,360,0,True,1.0,1.0,0.0
grid_k10_N4,grid,100,360,4,flat4,peel-exact,0.0,0,90,0.009429673,35,35,1947,0,360,0,True,1.0,1.0,0.0
grid_k10_N4,grid,100,360,4,flat4,peel-rapex,0.0,0,99,0.185731946,507,507,4661,0,360,0,True,1.0,1.0,0.0
grid_k10_N4,grid,100,360,4,flat4,peel-rapex,0.0,9,90,0.119961047,431,431,3826,0,360,0,True,1.0,1.0,0.0
grid_k10_N4,grid,100,360,4,flat4,peel-rapex,0.0,0,90,0.00121356,35,35,264,0,360,0,True,1.0,1.0,0.0
grid_k10_N4,grid,100,360,4,flat4,rapex-nodr,0.01,0,99,0.128014846,326,507,4422,0,0,0,True,0.6429980276134122,0.6429980276134122,0.009554140127388644
grid_k10_N4,grid,100,360,4,flat4,rapex-nodr,0.01,9,90,0.077085542,292,431,3238,0,0,0,False,0.6705336426914154,0.6705336426914154,0.009971509971509862
grid_k10_N4,grid,100,360,4,flat4,rapex-nodr,0.01,0,90,0.000964883,29,35,264,0,0,0,True,0.8285714285714286,0.8285714285714286,0.009320905459387463
grid_k10_N4,grid,100,360,4,flat4,rapex,0.01,0,99,0.102604769,316,507,4197,0,0,0,True,0.6232741617357002,0.6232741617357002,0.009887005649717562
grid_k10_N4,grid,100,360,4,flat4,rapex,0.01,9,90,0.07074711,292,431,3212,0,0,0,False,0.6705336426914154,0.6705336426914154,0.009971509971509862
grid_k10_N4,grid,100,360,4,flat4,rapex,0.01,0,90,0.000951879,29,35,254,0,0,0,True,0.8285714285714286,0.8285714285714286,0.009320905459387463
grid_k10_N4,grid,100,360,4,flat4,peel-rapex,0.01,0,99,0.103160314,316,507,4197,0,360,0,True,0.6232741617357002,0.6232741617357002,0.009887005649717562
grid_k10_N4,grid,100,360,4,flat4,peel-rapex,0.01,9,90,0.069247341,292,431,3212,0,360,0,False,0.6705336426914154,0.6705336426914154,0.009971509971509862
grid_k10_N4,grid,100,360,4,flat4,peel-rapex,0.01,0,90,0.001036337,29,35,254,0,360,0,True,0.8285714285714286,0.8285714285714286,0.009320905459387463
grid_k10_N4,grid,100,360,4,top1,exact,0.0,0,99,4.9361e-05,1,1,100,0,0,0,True,1.0,1.0,0.0
grid_k10_N4,grid,100,360,4,top1,exact,0.0,9,90,4.9817e-05,1,1,92,0,0,0,True,1.0,1.0,0.0
grid_k10_N4,grid,100,360,4,top1,exact,0.0,0,90,3.3697e-05,1,1,62,0,0,0,True,1.0,1.0,0.0
grid_k10_N4,grid,100,360,4,top1,rapex-nodr,0.0,0,99,3.9197e-05,1,1,21,0,0,0,True,1.0,1.0,0.0
grid_k10_N4,grid,100,360,4,top1,rapex-nodr,0.0,9,90,2.3155e-05,1,1,19,0,0,0,True,1.0,1.0,0.0
grid_k10_N4,grid,100,360,4,top1,rapex-nodr,0.0,0,90,2.0063e-05,1,1,14,0,0,0,True,1.0,1.0,0.0
grid_k10_N4,grid,100,360,4,top1,rapex,0.0,0,99,3.9393e-05,1,1,21,0,0,0,True,1.0,1.0,0.0
grid_k10_N4,grid,100,360,4,top1,rapex,0.0,9,90,3.2217e-05,1,1,19,0,0,0,True,1.0,1.0,0.0
grid_k10_N4,grid,100,360,4,top1,rapex,0.0,0,90,2.5544e-05,1,1,14,0,0,0,True,1.0,1.0,0.0
grid_k10_N4,grid,100,360,4,top1,topolex,0.0,0,99,4.6801e-05,1,1,0,32,0,0,True,1.0,1.0,0.0
grid_k10_N4,grid,100,360,4,top1,topolex,0.0,9,90,4.4005e-05,1,1,0,32,0,0,True,1.0,1.0,0.0
grid_k10_N4,grid,100,360,4,top1,topolex,0.0,0,90,3.3037e-05,1,1,0,32,0,0,True,1.0,1.0,0.0
grid_k10_N4,grid,100,360,4,top1,peel-only,0.0,0,99,2.9942e-05,0,1,0,2,20,1,True,0.0,0.0,inf
grid_k10_N4,grid,100,360,4,top1,peel-only,0.0,9,90,2.8013e-05,0,1,0,2,18,1,True,0.0,0.0,inf
grid_k10_N4,grid,100,360,4,top1,peel-only,0.0,0,90,1.973e-05,0,1,0,2,13,1,True,0.0,0.0,inf
grid_k10_N4,grid,100,360,4,top1,peel-exact,0.0,0,99,3.6985e-05,1,1,21,2,20,1,True,1.0,1.0,0.0
grid_k10_N4,grid,100,360,4,top1,peel-exact,0.0,9,90,3.5029e-05,1,1,19,2,18,1,True,1.0,1.0,0.0
grid_k10_N4,grid,100,360,4,top1,peel-exact,0.0,0,90,2.5438e-05,1,1,14,2,13,1,True,1.0,1.0,0.0
grid_k10_N4,grid,100,360,4,top1,peel-rapex,0.0,0,99,6.8648e-05,1,1,21,2,20,1,True,1.0,1.0,0.0
grid_k10_N4,grid,100,360,4,top1,peel-rapex,0.0,9,90,4.9106e-05,1,1,19,2,18,1,True,1.0,1.0,0.0
grid_k10_N4,grid,100,360,4,top1,peel-rapex,0.0,0,90,4.1006e-05,1,1,14,2,13,1,True,1.0,1.0,0.0
grid_k10_N4,grid,100,360,4,top1,rapex-nodr,0.01,0,99,3.8115e-05,1,1,21,0,0,0,True,1.0,1.0,0.0
grid_k10_N4,grid,100,360,4,top1,rapex-nodr,0.01,9,90,2.1931e-05,1,1,19,0,0,0,True,1.0,1.0,0.0
grid_k10_N4,grid,100,360,4,top1,rapex-nodr,0.01,0,90,1.6612e-05,1,1,14,0,0,0,True,1.0,1.0,0.0
grid_k10_N4,grid,100,360,4,top1,rapex,0.01,0,99,3.8006e-05,1,1,21,0,0,0,True,1.0,1.0,0.0
grid_k10_N4,grid,100,360,4,top1,rapex,0.01,9,90,2.4018e-05,1,1,19,0,0,0,True,1.0,1.0,0.0
grid_k10_N4,grid,100,360,4,top1,rapex,0.01,0,90,2.232e-05,1,1,14,0,0,0,True,1.0,1.0,0.0
grid_k10_N4,grid,100,360,4,top1,peel-rapex,0.01,0,99,6.0065e-05,1,1,21,2,20,1,True,1.0,1.0,0.0
grid_k10_N4,grid,100,360,4,top1,peel-rapex,0.01,9,90,4.8947e-05,1,1,19,2,18,1,True,1.0,1.0,0.0
grid_k10_N4,grid,100,360,4,top1,peel-rapex,0.01,0,90,4.1924e-05,1,1,14,2,13,1,True,1.0,1.0,0.0
grid_k12_N4,grid,144,528,4,chain2top,exact,0.0,0,143,7.4757e-05,1,1,141,0,0,0,True,1.0,1.0,0.0
grid_k12_N4,grid,144,528,4,chain2top,exact,0.0,11,132,7.1164e-05,1,1,142,0,0,0,True,1.0,1.0,0.0
grid_k12_N4,grid,144,528,4,chain2top,exact,0.0,0,132,5.1473e-05,1,1,84,0,0,0,True,1.0,1.0,0.0
grid_k12_N4,grid,144,528,4,chain2top,rapex-nodr,0.0,0,143,4.2718e-05,1,1,23,0,0,0,True,1.0,1.0,0.0
grid_k12_N4,grid,144,528,4,chain2top,rapex-nodr,0.0,11,132,2.7458e-05,1,1,23,0,0,0,True,1.0,1.0,0.0
grid_k12_N4,grid,144,528,4,chain2top,rapex-nodr,0.0,0,132,2.6167e-05,1,1,16,0,0,0,True,1.0,1.0,0.0
grid_k12_N4,grid,144,528,4,chain2top,rapex,0.0,0,143,4.1547e-05,1,1,23,0,0,0,True,1.0,1.0,0.0
grid_k12_N4,grid,144,528,4,chain2top,rapex,0.0,11,132,3.7415e-05,1,1,23,0,0,0,True,1.0,1.0,0.0
grid_k12_N4,grid,144,528,4,chain2top,rapex,0.0,0,132,2.4089e-05,1,1,16,0,0,0,True,1.0,1.0,0.0
grid_k12_N4,grid,144,528,4,chain2top,topolex,0.0,0,143,6.8301e-05,1,1,0,12,0,0,True,1.0,1.0,0.0
grid_k12_N4,grid,144,528,4,chain2top,topolex,0.0,11,132,5.9404e-05,1,1,0,12,0,0,True,1.0,1.0,0.0
grid_k12_N4,grid,144,528,4,chain2top,topolex,0.0,0,132,4.3331e-05,1,1,0,12,0,0,True,1.0,1.0,0.0
grid_k12_N4,grid,144,528,4,chain2top,peel-only,0.0,0,143,5.5431e-05,0,1,0,4,22,2,True,0.0,0.0,inf
grid_k12_N4,grid,144,528,4,chain2top,peel-only,0.0,11,132,4.8216e-05,0,1,0,4,22,2,True,0.0,0.0,inf
grid_k12_N4,grid,144,528,4,chain2top,peel-only,0.0,0,132,3.4819e-05,0,1,0,4,15,2,True,0.0,0.0,inf
grid_k12_N4,grid,144,528,4,chain2top,peel-exact,0.0,0,143,6.2203e-05,1,1,23,4,22,2,True,1.0,1.0,0.0
grid_k12_N4,grid,144,528,4,chain2top,peel-exact,0.0,11,132,5.5631e-05,1,1,23,4,22,2,True,1.0,1.0,0.0
grid_k12_N4,grid,144,528,4,chain2top,peel-exact,0.0,0,132,4.4556e-05,1,1,16,4,15,2,True,1.0,1.0,0.0
grid_k12_N4,grid,144,528,4,chain2top,peel-rapex,0.0,0,143,0.000107939,1,1,23,4,22,2,True,1.0,1.0,0.0
grid_k12_N4,grid,144,528,4,chain2top,peel-rapex,0.0,11,132,7.8027e-05,1,1,23,4,22,2,True,1.0,1.0,0.0
grid_k12_N4,grid,144,528,4,chain2top,peel-rapex,0.0,0,132,5.6818e-05,1,1,16,4,15,2,True,1.0,1.0,0.0
grid_k12_N4,grid,144,528,4,chain2top,rapex-nodr,0.01,0,143,3.8457e-05,1,1,23,0,0,0,True,1.0,1.0,0.0
grid_k12_N4,grid,144,528,4,chain2top,rapex-nodr,0.01,11,132,2.7549e-05,1,1,23,0,0,0,True,1.0,1.0,0.0
grid_k12_N4,grid,144,528,4,chain2top,rapex-nodr,0.01,0,132,2.2268e-05,1,1,16,0,0,0,True,1.0,1.0,0.0
grid_k12_N4,grid,144,528,4,chain2top,rapex,0.01,0,143,4.3094e-05,1,1,23,0,0,0,True,1.0,1.0,0.0
grid_k12_N4,grid,144,528,4,chain2top,rapex,0.01,11,132,2.9108e-05,1,1,23,0,0,0,True,1.0,1.0,0.0
grid_k12_N4,grid,144,528,4,chain2top,rapex,0.01,0,132,2.3493e-05,1,1,16,0,0,0,True,1.0,1.0,0.0
grid_k12_N4,grid,144,528,4,chain2top,peel-rapex,0.01,0,143,8.3814e-05,1,1,23,4,22,2,True,1.0,1.0,0.0
grid_k12_N4,grid,144,528,4,chain2top,peel-rapex,0.01,11,132,7.313e-05,1,1,23,4,22,2,True,1.0,1.0,0.0
grid_k12_N4,grid,144,528,4,chain2top,peel-rapex,0.01,0,132,6.0209e-05,1,1,16,4,15,2,True,1.0,1.0,0.0
grid_k12_N4,grid,144,528,4,chain4,exact,0.0,0,143,7.1442e-05,1,1,141,0,0,0,True,1.0,1.0,0.0
grid_k12_N4,grid,144,528,4,chain4,exact,0.0,11,132,7.0561e-05,1,1,142,0,0,0,True,1.0,1.0,0.0
grid_k12_N4,grid,144,528,4,chain4,exact,0.0,0,132,4.8253e-05,1,1,84,0,0,0,True,1.0,1.0,0.0
grid_k12_N4,grid,144,528,4,chain4,rapex-nodr,0.0,0,143,4.0435e-05,1,1,23,0,0,0,True,1.0,1.0,0.0
grid_k12_N4,grid,144,528,4,chain4,rapex-nodr,0.0,11,132,2.7771e-05,1,1,23,0,0,0,True,1.0,1.0,0.0
grid_k12_N4,grid,144,528,4,chain4,rapex-nodr,0.0,0,132,2.244e-05,1,1,16,0,0,0,True,1.0,1.0,0.0
grid_k12_N4,grid,144,528,4,chain4,rapex,0.0,0,143,4.4389e-05,1,1,23,0,0,0,True,1.0,1.0,0.0
grid_k12_N4,grid,144,528,4,chain4,rapex,0.0,11,132,2.9573e-05,1,1,23,0,0,0,True,1.0,1.0,0.0
grid_k12_N4,grid,144,528,4,chain4,rapex,0.0,0,132,2.3016e-05,1,1,16,0,0,0,True,1.0,1.0,0.0
grid_k12_N4,grid,144,528,4,chain4,topolex,0.0,0,143,5.238e-05,1,1,0,8,0,0,True,1.0,1.0,0.0
grid_k12_N4,grid,144,528,4,chain4,topolex,0.0,11,132,4.578e-05,1,1,0,8,0,0,True,1.0,1.0,0.0
grid_k12_N4,grid,144,528,4,chain4,topolex,0.0,0,132,3.3443e-05,1,1,0,8,0,0,True,1.0,1.0,0.0
grid_k12_N4,grid,144,528,4,chain4,peel-only,0.0,0,143,6.4373e-05,1,1,0,12,22,4,True,1.0,1.0,0.0
grid_k12_N4,grid,144,528,4,chain4,peel-only,0.0,11,132,5.7402e-05,1,1,0,12,22,4,True,1.0,1.0,0.0
grid_k12_N4,grid,144,528,4,chain4,peel-only,0.0,0,132,4.3932e-05,1,1,0,12,15,4,True,1.0,1.0,0.0
grid_k12_N4,grid,144,528,4,chain4,peel-exact,0.0,0,143,6.6141e-05,1,1,0,12,22,4,True,1.0,1.0,0.0
grid_k12_N4,grid,144,528,4,chain4,peel-exact,0.0,11,132,5.696e-05,1,1,0,12,22,4,True,1.0,1.0,0.0
grid_k12_N4,grid,144,528,4,chain4,peel-exact,0.0,0,132,4.6284e-05,1,1,0,12,15,4,True,1.0,1.0,0.0
grid_k12_N4,grid,144,528,4,chain4,peel-rapex,0.0,0,143,9.6151e-05,1,1,0,12,22,4,True,1.0,1.0,0.0
grid_k12_N4,grid,144,528,4,chain4,peel-rapex,0.0,11,132,6.1708e-05,1,1,0,12,22,4,True,1.0,1.0,0.0
grid_k12_N4,grid,144,528,4,chain4,peel-rapex,0.0,0,132,4.4226e-05,1,1,0,12,15,4,True,1.0,1.0,0.0
grid_k12_N4,grid,144,528,4,chain4,rapex-nodr,0.01,0,143,3.927e-05,1,1,23,0,0,0,True,1.0,1.0,0.0
grid_k12_N4,grid,144,528,4,chain4,rapex-nodr,0.01,11,132,2.7856e-05,1,1,23,0,0,0,True,1.0,1.0,0.0
grid_k12_N4,grid,144,528,4,chain4,rapex-nodr,0.01,0,132,2.2468e-05,1,1,16,0,0,0,True,1.0,1.0,0.0
grid_k12_N4,grid,144,528,4,chain4,rapex,0.01,0,143,4.0053e-05,1,1,23,0,0,0,True,1.0,1.0,0.0
grid_k12_N4,grid,144,528,4,chain4,rapex,0.01,11,132,3.3313e-05,1,1,23,0,0,0,True,1.0,1.0,0.0
grid_k12_N4,grid,144,528,4,chain4,rapex,0.01,0,132,2.1e-05,1,1,16,0,0,0,True,1.0,1.0,0.0
grid_k12_N4,grid,144,528,4,chain4,peel-rapex,0.01,0,143,6.8084e-05,1,1,0,12,22,4,True,1.0,1.0,0.0
grid_k12_N4,grid,144,528,4,chain4,peel-rapex,0.01,11,132,5.8208e-05,1,1,0,12,22,4,True,1.0,1.0,0.0
grid_k12_N4,grid,144,528,4,chain4,peel-rapex,0.01,0,132,4.6385e-05,1,1,0,12,15,4,True,1.0,1.0,0.0
grid_k12_N4,grid,144,528,4,diamond4,exact,0.0,0,143,0.001061024,17,17,1095,0,0,0,True,1.0,1.0,0.0
grid_k12_N4,grid,144,528,4,diamond4,exact,0.0,11,132,0.001514167,20,20,1238,0,0,0,True,1.0,1.0,0.0
grid_k12_N4,grid,144,528,4,diamond4,exact,0.0,0,132,0.000529212,9,9,591,0,0,0,True,1.0,1.0,0.0
grid_k12_N4,grid,144,528,4,diamond4,rapex-nodr,0.0,0,143,0.0006509,17,17,283,0,0,0,True,1.0,1.0,0.0
grid_k12_N4,grid,144,528,4,diamond4,rapex-nodr,0.0,11,132,0.000985407,20,20,418,0,0,0,True,1.0,1.0,0.0
grid_k12_N4,grid,144,528,4,diamond4,rapex-nodr,0.0,0,132,0.000119841,9,9,85,0,0,0,True,1.0,1.0,0.0
grid_k12_N4,grid,144,528,4,diamond4,rapex,0.0,0,143,0.000665815,17,17,283,0,0,0,True,1.0,1.0,0.0
grid_k12_N4,grid,144,528,4,diamond4,rapex,0.0,11,132,0.000932382,20,20,418,0,0,0,True,1.0,1.0,0.0
grid_k12_N4,grid,144,528,4,diamond4,rapex,0.0,0,132,0.000159279,9,9,85,0,0,0,True,1.0,1.0,0.0
grid_k12_N4,grid,144,528,4,diamond4,topolex,0.0,0,143,9.7994e-05,2,17,0,24,0,0,True,0.11764705882352941,0.11764705882352941,0.48969889064976235
grid_k12_N4,grid,144,528,4,diamond4,topolex,0.0,11,132,8.8066e-05,2,20,0,24,0,0,True,0.1,0.1,0.29427083333333326
grid_k12_N4,grid,144,528,4,diamond4,topolex,0.0,0,132,7.5138e-05,2,9,0,24,0,0,True,0.2222222222222222,0.2222222222222222,0.2783300198807157
grid_k12_N4,grid,144,528,4,diamond4,peel-only,0.0,0,143,2.753e-06,0,17,0,0,528,0,True,0.0,0.0,inf
grid_k12_N4,grid,144,528,4,diamond4,peel-only,0.0,11,132,1.878e-06,0,20,0,0,528,0,True,0.0,0.0,inf
grid_k12_N4,grid,144,528,4,diamond4,peel-only,0.0,0,132,9.01e-07,0,9,0,0,528,0,True,0.0,0.0,inf
grid_k12_N4,grid,144,528,4,diamond4,peel-exact,0.0,0,143,0.001092973,17,17,1095,0,528,0,True,1.0,1.0,0.0
grid_k12_N4,grid,144,528,4,diamond4,peel-exact,0.0,11,132,0.001482486,20,20,1238,0,528,0,True,1.0,1.0,0.0
grid_k12_N4,grid,144,528,4,diamond4,peel-exact,0.0,0,132,0.000552927,9,9,591,0,528,0,True,1.0,1.0,0.0
grid_k12_N4,grid,144,528,4,diamond4,peel-rapex,0.0,0,143,0.000778723,17,17,283,0,528,0,True,1.0,1.0,0.0
grid_k12_N4,grid,144,528,4,diamond4,peel-rapex,0.0,11,132,0.001134158,20,20,418,0,528,0,True,1.0,1.0,0.0
grid_k12_N4,grid,144,528,4,diamond4,peel-rapex,0.0,0,132,0.000278495,9,9,85,0,528,0,True,1.0,1.0,0.0
grid_k12_N4,grid,144,528,4,diamond4,rapex-nodr,0.01,0,143,0.000717718,13,17,309,0,0,0,True,0.7647058823529411,0.7647058823529411,0.0068728522336769515
grid_k12_N4,grid,144,528,4,diamond4,rapex-nodr,0.01,11,132,0.000770264,16,20,353,0,0,0,True,0.8,0.8,0.007092198581560183
grid_k12_N4,grid,144,528,4,diamond4,rapex-nodr,0.01,0,132,0.000114375,9,9,85,0,0,0,True,1.0,1.0,0.0
grid_k12_N4,grid,144,528,4,diamond4,rapex,0.01,0,143,0.000630883,13,17,269,0,0,0,True,0.7647058823529411,0.7647058823529411,0.0068728522336769515
grid_k12_N4,grid,144,528,4,diamond4,rapex,0.01,11,132,0.000778911,17,20,362,0,0,0,True,0.85,0.85,0.005847953216374213
grid_k12_N4,grid,144,528,4,diamond4,rapex,0.01,0,132,0.000127973,9,9,85,0,0,0,True,1.0,1.0,0.0
grid_k12_N4,grid,144,528,4,diamond4,peel-rapex,0.01,0,143,0.000697638,13,17,269,0,528,0,True,0.7647058823529411,0.7647058823529411,0.0068728522336769515
grid_k12_N4,grid,144,528,4,diamond4,peel-rapex,0.01,11,132,0.000932092,17,20,362,0,528,0,True,0.85,0.85,0.005847953216374213
grid_k12_N4,grid,144,528,4,diamond4,peel-rapex,0.01,0,132,0.000245899,9,9,85,0,528,0,True,1.0,1.0,0.0
grid_k12_N4,grid,144,528,4,flat4,exact,0.0,0,143,1.218418534,1395,1395,24211,0,0,0,True,1.0,1.0,0.0
grid_k12_N4,grid,144,528,4,flat4,exact,0.0,11,132,0.824590373,1129,1129,20036,0,0,0,True,1.0,1.0,0.0
grid_k12_N4,grid,144,528,4,flat4,exact,0.0,0,132,0.070529414,71,71,7867,0,0,0,True,1.0,1.0,0.0
grid_k12_N4,grid,144,528,4,flat4,rapex-nodr,0.0,0,143,2.03152327,1395,1395,16230,0,0,0,True,1.0,1.0,0.0
grid_k12_N4,grid,144,528,4,flat4,rapex-nodr,0.0,11,132,1.099582868,1129,1129,11341,0,0,0,True,1.0,1.0,0.0
grid_k12_N4,grid,144,528,4,flat4,rapex-nodr,0.0,0,132,0.002960505,71,71,516,0,0,0,True,1.0,1.0,0.0
grid_k12_N4,grid,144,528,4,flat4,rapex,0.0,0,143,1.800300058,1395,1395,16230,0,0,0,True,1.0,1.0,0.0
grid_k12_N4,grid,144,528,4,flat4,rapex,0.0,11,132,1.079461868,1129,1129,11341,0,0,0,True,1.0,1.0,0.0
grid_k12_N4,grid,144,528,4,flat4,rapex,0.0,0,132,0.003275254,71,71,516,0,0,0,True,1.0,1.0,0.0
grid_k12_N4,grid,144,528,4,flat4,topolex,0.0,0,143,0.000240103,4,1395,0,128,0,0,True,0.002867383512544803,0.002867383512544803,0.48969889064976235
grid_k12_N4,grid,144,528,4,flat4,topolex,0.0,11,132,0.000246468,4,1129,0,128,0,0,True,0.00354295837023915,0.00354295837023915,0.4545454545454546
grid_k12_N4,grid,144,528,4,flat4,topolex,0.0,0,132,0.000200343,4,71,0,128,0,0,True,0.056338028169014086,0.056338028169014086,0.30483870967741944
grid_k12_N4,grid,144,528,4,flat4,peel-only,0.0,0,143,2.714e-06,0,1395,0,0,528,0,True,0.0,0.0,inf
grid_k12_N4,grid,144,528,4,flat4,peel-only,0.0,11,132,1.768e-06,0,1129,0,0,528,0,True,0.0,0.0,inf
grid_k12_N4,grid,144,528,4,flat4,peel-only,0.0,0,132,7.06e-07,0,71,0,0,528,0,True,0.0,0.0,inf
grid_k12_N4,grid,144,528,4,flat4,peel-exact,0.0,0,143,1.300972939,1395,1395,24211,0,528,0,True,1.0,1.0,0.0
grid_k12_N4,grid,144,528,4,flat4,peel-exact,0.0,11,132,0.832838477,1129,1129,20036,0,528,0,True,1.0,1.0,0.0
grid_k12_N4,grid,144,528,4,flat4,peel-exact,0.0,0,132,0.069021107,71,71,7867,0,528,0,True,1.0,1.0,0.0
grid_k12_N4,grid,144,528,4,flat4,peel-rapex,0.0,0,143,1.767936397,1395,1395,16230,0,528,0,True,1.0,1.0,0.0
grid_k12_N4,grid,144,528,4,flat4,peel-rapex,0.0,11,132,1.048165037,1129,1129,11341,0,528,0,True,1.0,1.0,0.0
grid_k12_N4,grid,144,528,4,flat4,peel-rapex,0.0,0,132,0.003616085,71,71,516,0,528,0,True,1.0,1.0,0.0
grid_k12_N4,grid,144,528,4,flat4,rapex-nodr,0.01,0,143,1.125766746,876,1395,13757,0,0,0,False,0.6272401433691757,0.6272401433691757,0.009966777408637828
grid_k12_N4,grid,144,528,4,flat4,rapex-nodr,0.01,11,132,0.642509574,693,1129,10089,0,0,0,True,0.6138175376439327,0.6138175376439327,0.009933774834437026
grid_k12_N4,grid,144,528,4,flat4,rapex-nodr,0.01,0,132,0.00206113,55,71,432,0,0,0,True,0.7746478873239436,0.7746478873239436,0.00978792822185981
grid_k12_N4,grid,144,528,4,flat4,rapex,0.01,0,143,1.007380723,864,1395,13171,0,0,0,False,0.6186379928315412,0.6186379928315412,0.009966777408637828
grid_k12_N4,grid,144,528,4,flat4,rapex,0.01,11,132,0.591074556,684,1129,9461,0,0,0,True,0.6058458813108946,0.6058458813108946,0.009933774834437026
grid_k12_N4,grid,144,528,4,flat4,rapex,0.01,0,132,0.002534373,55,71,425,0,0,0,True,0.7746478873239436,0.7746478873239436,0.00978792822185981
grid_k12_N4,grid,144,528,4,flat4,peel-rapex,0.01,0,143,0.955628538,864,1395,13171,0,528,0,False,0.6186379928315412,0.6186379928315412,0.009966777408637828
grid_k12_N4,grid,144,528,4,flat4,peel-rapex,0.01,11,132,0.534397671,684,1129,9461,0,528,0,True,0.6058458813108946,0.6058458813108946,0.009933774834437026
grid_k12_N4,grid,144,528,4,flat4,peel-rapex,0.01,0,132,0.00245321,55,71,425,0,528,0,True,0.7746478873239436,0.7746478873239436,0.00978792822185981
grid_k12_N4,grid,144,528,4,top1,exact,0.0,0,143,7.4415e-05,1,1,142,0,0,0,True,1.0,1.0,0.0
grid_k12_N4,grid,144,528,4,top1,exact,0.0,11,132,7.9684e-05,1,1,143,0,0,0,True,1.0,1.0,0.0
grid_k12_N4,grid,144,528,4,top1,exact,0.0,0,132,4.6283e-05,1,1,85,0,0,0,True,1.0,1.0,0.0
grid_k12_N4,grid,144,528,4,top1,rapex-nodr,0.0,0,143,3.8228e-05,1,1,23,0,0,0,True,1.0,1.0,0.0
grid_k12_N4,grid,144,528,4,top1,rapex-nodr,0.0,11,132,2.7007e-05,1,1,23,0,0,0,True,1.0,1.0,0.0
grid_k12_N4,grid,144,528,4,top1,rapex-nodr,0.0,0,132,3.1059e-05,1,1,16,0,0,0,True,1.0,1.0,0.0
grid_k12_N4,grid,144,528,4,top1,rapex,0.0,0,143,8.6439e-05,1,1,23,0,0,0,True,1.0,1.0,0.0
grid_k12_N4,grid,144,528,4,top1,rapex,0.0,11,132,5.025e-05,1,1,23,0,0,0,True,1.0,1.0,0.0
grid_k12_N4,grid,144,528,4,top1,rapex,0.0,0,132,2.5341e-05,1,1,16,0,0,0,True,1.0,1.0,0.0
grid_k12_N4,grid,144,528,4,top1,topolex,0.0,0,143,8.909e-05,1,1,0,32,0,0,True,1.0,1.0,0.0
grid_k12_N4,grid,144,528,4,top1,topolex,0.0,11,132,6.3393e-05,1,1,0,32,0,0,True,1.0,1.0,0.0
grid_k12_N4,grid,144,528,4,top1,topolex,0.0,0,132,4.8663e-05,1,1,0,32,0,0,True,1.0,1.0,0.0
grid_k12_N4,grid,144,528,4,top1,peel-only,0.0,0,143,4.1447e-05,0,1,0,2,22,1,True,0.0,0.0,inf
grid_k12_N4,grid,144,528,4,top1,peel-only,0.0,11,132,4.6362e-05,0,1,0,2,22,1,True,0.0,0.0,inf
grid_k12_N4,grid,144,528,4,top1,peel-only,0.0,0,132,2.9931e-05,0,1,0,2,15,1,True,0.0,0.0,inf
grid_k12_N4,grid,144,528,4,top1,peel-exact,0.0,0,143,5.4904e-05,1,1,23,2,22,1,True,1.0,1.0,0.0
grid_k12_N4,grid,144,528,4,top1,peel-exact,0.0,11,132,6.291e-05,1,1,23,2,22,1,True,1.0,1.0,0.0
grid_k12_N4,grid,144,528,4,top1,peel-exact,0.0,0,132,3.5415e-05,1,1,16,2,15,1,True,1.0,1.0,0.0
grid_k12_N4,grid,144,528,4,top1,peel-rapex,0.0,0,143,7.4489e-05,1,1,23,2,22,1,True,1.0,1.0,0.0
grid_k12_N4,grid,144,528,4,top1,peel-rapex,0.0,11,132,6.7662e-05,1,1,23,2,22,1,True,1.0,1.0,0.0
grid_k12_N4,grid,144,528,4,top1,peel-rapex,0.0,0,132,5.421e-05,1,1,16,2,15,1,True,1.0,1.0,0.0
grid_k12_N4,grid,144,528,4,top1,rapex-nodr,0.01,0,143,4.0861e-05,1,1,23,0,0,0,True,1.0,1.0,0.0
grid_k12_N4,grid,144,528,4,top1,rapex-nodr,0.01,11,132,3.4215e-05,1,1,23,0,0,0,True,1.0,1.0,0.0
grid_k12_N4,grid,144,528,4,top1,rapex-nodr,0.01,0,132,2.9903e-05,1,1,16,0,0,0,True,1.0,1.0,0.0
grid_k12_N4,grid,144,528,4,top1,rapex,0.01,0,143,4.1325e-05,1,1,23,0,0,0,True,1.0,1.0,0.0
grid_k12_N4,grid,144,528,4,top1,rapex,0.01,11,132,2.9624e-05,1,1,23,0,0,0,True,1.0,1.0,0.0
grid_k12_N4,grid,144,528,4,top1,rapex,0.01,0,132,2.688e-05,1,1,17,0,0,0,True,1.0,1.0,0.0
grid_k12_N4,grid,144,528,4,top1,peel-rapex,0.01,0,143,7.6505e-05,1,1,23,2,22,1,True,1.0,1.0,0.0
grid_k12_N4,grid,144,528,4,top1,peel-rapex,0.01,11,132,8.355e-05,1,1,23,2,22,1,True,1.0,1.0,0.0
grid_k12_N4,grid,144,528,4,top1,peel-rapex,0.01,0,132,5.5067e-05,1,1,16,2,15,1,True,1.0,1.0,0.0
grid_k14_N4,grid,196,728,4,chain2top,exact,0.0,0,195,9.5935e-05,1,1,196,0,0,0,True,1.0,1.0,0.0
grid_k14_N4,grid,196,728,4,chain2top,exact,0.0,13,182,9.5138e-05,1,1,195,0,0,0,True,1.0,1.0,0.0
grid_k14_N4,grid,196,728,4,chain2top,exact,0.0,0,182,9.1041e-05,1,1,165,0,0,0,True,1.0,1.0,0.0
grid_k14_N4,grid,196,728,4,chain2top,rapex-nodr,0.0,0,195,5.3622e-05,1,1,31,0,0,0,True,1.0,1.0,0.0
grid_k14_N4,grid,196,728,4,chain2top,rapex-nodr,0.0,13,182,3.1554e-05,1,1,27,0,0,0,True,1.0,1.0,0.0
grid_k14_N4,grid,196,728,4,chain2top,rapex-nodr,0.0,0,182,2.974e-05,1,1,23,0,0,0,True,1.0,1.0,0.0
grid_k14_N4,grid,196,728,4,chain2top,rapex,0.0,0,195,5.47e-05,1,1,31,0,0,0,True,1.0,1.0,0.0
grid_k14_N4,grid,196,728,4,chain2top,rapex,0.0,13,182,3.2464e-05,1,1,27,0,0,0,True,1.0,1.0,0.0
grid_k14_N4,grid,196,728,4,chain2top,rapex,0.0,0,182,3.114e-05,1,1,23,0,0,0,True,1.0,1.0,0.0
grid_k14_N4,grid,196,728,4,chain2top,topolex,0.0,0,195,6.6854e-05,1,1,0,12,0,0,True,1.0,1.0,0.0
grid_k14_N4,grid,196,728,4,chain2top,topolex,0.0,13,182,6.1268e-05,1,1,0,12,0,0,True,1.0,1.0,0.0
grid_k14_N4,grid,196,728,4,chain2top,topolex,0.0,0,182,5.1621e-05,1,1,0,12,0,0,True,1.0,1.0,0.0
grid_k14_N4,grid,196,728,4,chain2top,peel-only,0.0,0,195,6.2958e-05,0,1,0,4,30,2,True,0.0,0.0,inf
grid_k14_N4,grid,196,728,4,chain2top,peel-only,0.0,13,182,5.8612e-05,0,1,0,4,26,2,True,0.0,0.0,inf
grid_k14_N4,grid,196,728,4,chain2top,peel-only,0.0,0,182,6.5855e-05,0,1,0,4,15,2,True,0.0,0.0,inf
grid_k14_N4,grid,196,728,4,chain2top,peel-exact,0.0,0,195,7.2051e-05,1,1,31,4,30,2,True,1.0,1.0,0.0
grid_k14_N4,grid,196,728,4,chain2top,peel-exact,0.0,13,182,6.6192e-05,1,1,27,4,26,2,True,1.0,1.0,0.0
grid_k14_N4,grid,196,728,4,chain2top,peel-exact,0.0,0,182,5.6088e-05,1,1,16,4,15,2,True,1.0,1.0,0.0
grid_k14_N4,grid,196,728,4,chain2top,peel-rapex,0.0,0,195,9.9374e-05,1,1,31,4,30,2,True,1.0,1.0,0.0
grid_k14_N4,grid,196,728,4,chain2top,peel-rapex,0.0,13,182,8.6538e-05,1,1,27,4,26,2,True,1.0,1.0,0.0
grid_k14_N4,grid,196,728,4,chain2top,peel-rapex,0.0,0,182,7.4311e-05,1,1,16,4,15,2,True,1.0,1.0,0.0
grid_k14_N4,grid,196,728,4,chain2top,rapex-nodr,0.01,0,195,5.033e-05,1,1,31,0,0,0,True,1.0,1.0,0.0
grid_k14_N4,grid,196,728,4,chain2top,rapex-nodr,0.01,13,182,3.219e-05,1,1,27,0,0,0,True,1.0,1.0,0.0
grid_k14_N4,grid,196,728,4,chain2top,rapex-nodr,0.01,0,182,2.9485e-05,1,1,23,0,0,0,True,1.0,1.0,0.0
grid_k14_N4,grid,196,728,4,chain2top,rapex,0.01,0,195,6.2202e-05,1,1,32,0,0,0,True,1.0,1.0,0.0
grid_k14_N4,grid,196,728,4,chain2top,rapex,0.01,13,182,3.319e-05,1,1,27,0,0,0,True,1.0,1.0,0.0
grid_k14_N4,grid,196,728,4,chain2top,rapex,0.01,0,182,3.2732e-05,1,1,24,0,0,0,False,0.0,0.0,0.15478615071283097
grid_k14_N4,grid,196,728,4,chain2top,peel-rapex,0.01,0,195,0.000105995,1,1,31,4,30,2,True,1.0,1.0,0.0
grid_k14_N4,grid,196,728,4,chain2top,peel-rapex,0.01,13,182,8.5916e-05,1,1,27,4,26,2,True,1.0,1.0,0.0
grid_k14_N4,grid,196,728,4,chain2top,peel-rapex,0.01,0,182,9.2669e-05,1,1,16,4,15,2,True,1.0,1.0,0.0
grid_k14_N4,grid,196,728,4,chain4,exact,0.0,0,195,9.6053e-05,1,1,196,0,0,0,True,1.0,1.0,0.0
grid_k14_N4,grid,196,728,4,chain4,exact,0.0,13,182,9.6844e-05,1,1,195,0,0,0,True,1.0,1.0,0.0
grid_k14_N4,grid,196,728,4,chain4,exact,0.0,0,182,9.2194e-05,1,1,165,0,0,0,True,1.0,1.0,0.0
grid_k14_N4,grid,196,728,4,chain4,rapex-nodr,0.0,0,195,5.5736e-05,1,1,31,0,0,0,True,1.0,1.0,0.0
grid_k14_N4,grid,196,728,4,chain4,rapex-nodr,0.0,13,182,3.126e-05,1,1,27,0,0,0,True,1.0,1.0,0.0
grid_k14_N4,grid,196,728,4,chain4,rapex-nodr,0.0,0,182,2.8882e-05,1,1,23,0,0,0,True,1.0,1.0,0.0
grid_k14_N4,grid,196,728,4,chain4,rapex,0.0,0,195,5.5276e-05,1,1,31,0,0,0,True,1.0,1.0,0.0
grid_k14_N4,grid,196,728,4,chain4,rapex,0.0,13,182,3.2597e-05,1,1,27,0,0,0,True,1.0,1.0,0.0
grid_k14_N4,grid,196,728,4,chain4,rapex,0.0,0,182,3.2359e-05,1,1,23,0,0,0,True,1.0,1.0,0.0
grid_k14_N4,grid,196,728,4,chain4,topolex,0.0,0,195,6.103e-05,1,1,0,8,0,0,True,1.0,1.0,0.0
grid_k14_N4,grid,196,728,4,chain4,topolex,0.0,13,182,5.6663e-05,1,1,0,8,0,0,True,1.0,1.0,0.0
grid_k14_N4,grid,196,728,4,chain4,topolex,0.0,0,182,4.7579e-05,1,1,0,8,0,0,True,1.0,1.0,0.0
grid_k14_N4,grid,196,728,4,chain4,peel-only,0.0,0,195,7.4466e-05,1,1,0,12,30,4,True,1.0,1.0,0.0
grid_k14_N4,grid,196,728,4,chain4,peel-only,0.0,13,182,6.782e-05,1,1,0,12,26,4,True,1.0,1.0,0.0
grid_k14_N4,grid,196,728,4,chain4,peel-only,0.0,0,182,5.8958e-05,1,1,0,12,15,4,True,1.0,1.0,0.0
grid_k14_N4,grid,196,728,4,chain4,peel-exact,0.0,0,195,9.1994e-05,1,1,0,12,30,4,True,1.0,1.0,0.0
grid_k14_N4,grid,196,728,4,chain4,peel-exact,0.0,13,182,6.8855e-05,1,1,0,12,26,4,True,1.0,1.0,0.0
grid_k14_N4,grid,196,728,4,chain4,peel-exact,0.0,0,182,6.4248e-05,1,1,0,12,15,4,True,1.0,1.0,0.0
grid_k14_N4,grid,196,728,4,chain4,peel-rapex,0.0,0,195,7.4856e-05,1,1,0,12,30,4,True,1.0,1.0,0.0
grid_k14_N4,grid,196,728,4,chain4,peel-rapex,0.0,13,182,7.5381e-05,1,1,0,12,26,4,True,1.0,1.0,0.0
grid_k14_N4,grid,196,728,4,chain4,peel-rapex,0.0,0,182,5.9549e-05,1,1,0,12,15,4,True,1.0,1.0,0.0
grid_k14_N4,grid,196,728,4,chain4,rapex-nodr,0.01,0,195,5.2592e-05,1,1,31,0,0,0,True,1.0,1.0,0.0
grid_k14_N4,grid,196,728,4,chain4,rapex-nodr,0.01,13,182,4.8945e-05,1,1,27,0,0,0,True,1.0,1.0,0.0
grid_k14_N4,grid,196,728,4,chain4,rapex-nodr,0.01,0,182,2.8969e-05,1,1,23,0,0,0,True,1.0,1.0,0.0
grid_k14_N4,grid,196,728,4,chain4,rapex,0.01,0,195,5.3664e-05,1,1,32,0,0,0,True,1.0,1.0,0.0
grid_k14_N4,grid,196,728,4,chain4,rapex,0.01,13,182,3.3329e-05,1,1,27,0,0,0,True,1.0,1.0,0.0
grid_k14_N4,grid,196,728,4,chain4,rapex,0.01,0,182,3.2604e-05,1,1,24,0,0,0,False,0.0,0.0,0.15478615071283097
grid_k14_N4,grid,196,728,4,chain4,peel-rapex,0.01,0,195,7.4278e-05,1,1,0,12,30,4,True,1.0,1.0,0.0
grid_k14_N4,grid,196,728,4,chain4,peel-rapex,0.01,13,182,6.8221e-05,1,1,0,12,26,4,True,1.0,1.0,0.0
grid_k14_N4,grid,196,728,4,chain4,peel-rapex,0.01,0,182,7.4739e-05,1,1,0,12,15,4,True,1.0,1.0,0.0
grid_k14_N4,grid,196,728,4,diamond4,exact,0.0,0,195,0.002384302,24,24,1888,0,0,0,True,1.0,1.0,0.0
grid_k14_N4,grid,196,728,4,diamond4,exact,0.0,13,182,0.00346848,27,27,2372,0,0,0,True,1.0,1.0,0.0
grid_k14_N4,grid,196,728,4,diamond4,exact,0.0,0,182,0.001122131,7,7,1164,0,0,0,True,1.0,1.0,0.0
grid_k14_N4,grid,196,728,4,diamond4,rapex-nodr,0.0,0,195,0.002003529,24,24,745,0,0,0,True,1.0,1.0,0.0
grid_k14_N4,grid,196,728,4,diamond4,rapex-nodr,0.0,13,182,0.002793197,27,27,862,0,0,0,True,1.0,1.0,0.0
grid_k14_N4,grid,196,728,4,diamond4,rapex-nodr,0.0,0,182,0.000181319,7,7,125,0,0,0,True,1.0,1.0,0.0
grid_k14_N4,grid,196,728,4,diamond4,rapex,0.0,0,195,0.002029135,24,24,745,0,0,0,True,1.0,1.0,0.0
grid_k14_N4,grid,196,728,4,diamond4,rapex,0.0,13,182,0.002591041,27,27,862,0,0,0,True,1.0,1.0,0.0
grid_k14_N4,grid,196,728,4,diamond4,rapex,0.0,0,182,0.000179302,7,7,125,0,0,0,True,1.0,1.0,0.0
grid_k14_N4,grid,196,728,4,diamond4,topolex,0.0,0,195,0.000121275,2,24,0,24,0,0,True,0.08333333333333333,0.08333333333333333,0.621
grid_k14_N4,grid,196,728,4,diamond4,topolex,0.0,13,182,0.000122156,2,27,0,24,0,0,True,0.07407407407407407,0.07407407407407407,0.3508771929824561
grid_k14_N4,grid,196,728,4,diamond4,topolex,0.0,0,182,0.00010805,2,7,0,24,0,0,True,0.2857142857142857,0.2857142857142857,0.38700564971751406
grid_k14_N4,grid,196,728,4,diamond4,peel-only,0.0,0,195,2.504e-06,0,24,0,0,728,0,True,0.0,0.0,inf
grid_k14_N4,grid,196,728,4,diamond4,peel-only,0.0,13,182,1.999e-06,0,27,0,0,728,0,True,0.0,0.0,inf
grid_k14_N4,grid,196,728,4,diamond4,peel-only,0.0,0,182,9.09e-07,0,7,0,0,728,0,True,0.0,0.0,inf
grid_k14_N4,grid,196,728,4,diamond4,peel-exact,0.0,0,195,0.002393343,24,24,1888,0,728,0,True,1.0,1.0,0.0
grid_k14_N4,grid,196,728,4,diamond4,peel-exact,0.0,13,182,0.003477957,27,27,2372,0,728,0,True,1.0,1.0,0.0
grid_k14_N4,grid,196,728,4,diamond4,peel-exact,0.0,0,182,0.001178185,7,7,1164,0,728,0,True,1.0,1.0,0.0
grid_k14_N4,grid,196,728,4,diamond4,peel-rapex,0.0,0,195,0.002241842,24,24,745,0,728,0,True,1.0,1.0,0.0
grid_k14_N4,grid,196,728,4,diamond4,peel-rapex,0.0,13,182,0.002976442,27,27,862,0,728,0,True,1.0,1.0,0.0
grid_k14_N4,grid,196,728,4,diamond4,peel-rapex,0.0,0,182,0.000409081,7,7,125,0,728,0,True,1.0,1.0,0.0
grid_k14_N4,grid,196,728,4,diamond4,rapex-nodr,0.01,0,195,0.001189787,12,24,586,0,0,0,True,0.5,0.5,0.006659267480577213
grid_k14_N4,grid,196,728,4,diamond4,rapex-nodr,0.01,13,182,0.002075203,17,27,836,0,0,0,False,0.5925925925925926,0.5925925925925926,0.009463722397476282
grid_k14_N4,grid,196,728,4,diamond4,rapex-nodr,0.01,0,182,0.000147316,4,7,105,0,0,0,True,0.5714285714285714,0.5714285714285714,0.006269592476489061
grid_k14_N4,grid,196,728,4,diamond4,rapex,0.01,0,195,0.001641702,11,24,556,0,0,0,True,0.4583333333333333,0.4583333333333333,0.006659267480577213
grid_k14_N4,grid,196,728,4,diamond4,rapex,0.01,13,182,0.001790036,17,27,750,0,0,0,False,0.5925925925925926,0.5925925925925926,0.009463722397476282
grid_k14_N4,grid,196,728,4,diamond4,rapex,0.01,0,182,0.000154019,4,7,105,0,0,0,True,0.5714285714285714,0.5714285714285714,0.006269592476489061
grid_k14_N4,grid,196,728,4,diamond4,peel-rapex,0.01,0,195,0.001312092,11,24,556,0,728,0,True,0.4583333333333333,0.4583333333333333,0.006659267480577213
grid_k14_N4,grid,196,728,4,diamond4,peel-rapex,0.01,13,182,0.002140174,17,27,750,0,728,0,False,0.5925925925925926,0.5925925925925926,0.009463722397476282
grid_k14_N4,grid,196,728,4,diamond4,peel-rapex,0.01,0,182,0.000364494,4,7,105,0,728,0,True,0.5714285714285714,0.5714285714285714,0.006269592476489061
grid_k14_N4,grid,196,728,4,flat4,exact,0.0,0,195,2.252208149,1205,1205,42139,0,0,0,True,1.0,1.0,0.0
grid_k14_N4,grid,196,728,4,flat4,exact,0.0,13,182,4.692721524,2639,2639,56284,0,0,0,True,1.0,1.0,0.0
grid_k14_N4,grid,196,728,4,flat4,exact,0.0,0,182,0.224973077,98,98,14583,0,0,0,True,1.0,1.0,0.0
grid_k14_N4,grid,196,728,4,flat4,rapex-nodr,0.0,0,195,2.589829859,1205,1205,21789,0,0,0,True,1.0,1.0,0.0
grid_k14_N4,grid,196,728,4,flat4,rapex-nodr,0.0,13,182,8.87051693,2639,2639,36659,0,0,0,True,1.0,1.0,0.0
grid_k14_N4,grid,196,728,4,flat4,rapex-nodr,0.0,0,182,0.012275404,98,98,1478,0,0,0,True,1.0,1.0,0.0
grid_k14_N4,grid,196,728,4,flat4,rapex,0.0,0,195,2.069968084,1205,1205,21789,0,0,0,True,1.0,1.0,0.0
grid_k14_N4,grid,196,728,4,flat4,rapex,0.0,13,182,7.782037138,2639,2639,36659,0,0,0,True,1.0,1.0,0.0
grid_k14_N4,grid,196,728,4,flat4,rapex,0.0,0,182,0.015566333,98,98,1478,0,0,0,True,1.0,1.0,0.0
grid_k14_N4,grid,196,728,4,flat4,topolex,0.0,0,195,0.000768497,4,1205,0,128,0,0,True,0.0033195020746887966,0.0033195020746887966,0.5277777777777777
grid_k14_N4,grid,196,728,4,flat4,topolex,0.0,13,182,0.000403753,4,2639,0,128,0,0,True,0.0015157256536566881,0.0015157256536566881,0.542719614921781
grid_k14_N4,grid,196,728,4,flat4,topolex,0.0,0,182,0.000346741,4,98,0,128,0,0,True,0.04081632653061224,0.04081632653061224,0.31641086186540734
grid_k14_N4,grid,196,728,4,flat4,peel-only,0.0,0,195,7.216e-06,0,1205,0,0,728,0,True,0.0,0.0,inf
grid_k14_N4,grid,196,728,4,flat4,peel-only,0.0,13,182,2.271e-06,0,2639,0,0,728,0,True,0.0,0.0,inf
grid_k14_N4,grid,196,728,4,flat4,peel-only,0.0,0,182,1.363e-06,0,98,0,0,728,0,True,0.0,0.0,inf
grid_k14_N4,grid,196,728,4,flat4,peel-exact,0.0,0,195,2.301669798,1205,1205,42139,0,728,0,True,1.0,1.0,0.0
grid_k14_N4,grid,196,728,4,flat4,peel-exact,0.0,13,182,4.707978515,2639,2639,56284,0,728,0,True,1.0,1.0,0.0
grid_k14_N4,grid,196,728,4,flat4,peel-exact,0.0,0,182,0.218934059,98,98,14583,0,728,0,True,1.0,1.0,0.0
grid_k14_N4,grid,196,728,4,flat4,peel-rapex,0.0,0,195,2.007738775,1205,1205,21789,0,728,0,True,1.0,1.0,0.0
grid_k14_N4,grid,196,728,4,flat4,peel-rapex,0.0,13,182,7.643828025,2639,2639,36659,0,728,0,True,1.0,1.0,0.0
grid_k14_N4,grid,196,728,4,flat4,peel-rapex,0.0,0,182,0.013441904,98,98,1478,0,728,0,True,1.0,1.0,0.0
grid_k14_N4,grid,196,728,4,flat4,rapex-nodr,0.01,0,195,1.394498004,695,1205,18067,0,0,0,False,0.5717842323651452,0.5717842323651452,0.010000000000000009
grid_k14_N4,grid,196,728,4,flat4,rapex-nodr,0.01,13,182,5.527289509,1565,2639,33694,0,0,0,False,0.5922697991663509,0.5922697991663509,0.009393680614859123
grid_k14_N4,grid,196,728,4,flat4,rapex-nodr,0.01,0,182,0.010310459,76,98,1434,0,0,0,True,0.7755102040816326,0.7755102040816326,0.00983146067415741
grid_k14_N4,grid,196,728,4,flat4,rapex,0.01,0,195,0.97846001,676,1205,17066,0,0,0,False,0.5560165975103735,0.5560165975103735,0.010000000000000009
grid_k14_N4,grid,196,728,4,flat4,rapex,0.01,13,182,3.903630619,1518,2639,28652,0,0,0,False,0.574838954149299,0.574838954149299,0.009946442234123998
grid_k14_N4,grid,196,728,4,flat4,rapex,0.01,0,182,0.011614656,76,98,1401,0,0,0,True,0.7755102040816326,0.7755102040816326,0.00983146067415741
grid_k14_N4,grid,196,728,4,flat4,peel-rapex,0.01,0,195,1.057061148,676,1205,17066,0,728,0,False,0.5560165975103735,0.5560165975103735,0.010000000000000009
grid_k14_N4,grid,196,728,4,flat4,peel-rapex,0.01,13,182,3.881570753,1518,2639,28652,0,728,0,False,0.574838954149299,0.574838954149299,0.009946442234123998
grid_k14_N4,grid,196,728,4,flat4,peel-rapex,0.01,0,182,0.011107769,76,98,1401,0,728,0,True,0.7755102040816326,0.7755102040816326,0.00983146067415741
grid_k14_N4,grid,196,728,4,top1,exact,0.0,0,195,0.000158246,1,1,244,0,0,0,True,1.0,1.0,0.0
grid_k14_N4,grid,196,728,4,top1,exact,0.0,13,182,0.000107774,1,1,198,0,0,0,True,1.0,1.0,0.0
grid_k14_N4,grid,196,728,4,top1,exact,0.0,0,182,0.000122718,1,1,202,0,0,0,True,1.0,1.0,0.0
grid_k14_N4,grid,196,728,4,top1,rapex-nodr,0.0,0,195,6.246e-05,1,1,31,0,0,0,True,1.0,1.0,0.0
grid_k14_N4,grid,196,728,4,top1,rapex-nodr,0.0,13,182,3.0962e-05,1,1,27,0,0,0,True,1.0,1.0,0.0
grid_k14_N4,grid,196,728,4,top1,rapex-nodr,0.0,0,182,3.0261e-05,1,1,23,0,0,0,True,1.0,1.0,0.0
grid_k14_N4,grid,196,728,4,top1,rapex,0.0,0,195,6.3152e-05,1,1,31,0,0,0,True,1.0,1.0,0.0
grid_k14_N4,grid,196,728,4,top1,rapex,0.0,13,182,3.3036e-05,1,1,27,0,0,0,True,1.0,1.0,0.0
grid_k14_N4,grid,196,728,4,top1,rapex,0.0,0,182,3.8462e-05,1,1,23,0,0,0,True,1.0,1.0,0.0
grid_k14_N4,grid,196,728,4,top1,topolex,0.0,0,195,9.3712e-05,1,1,0,32,0,0,True,1.0,1.0,0.0
grid_k14_N4,grid,196,728,4,top1,topolex,0.0,13,182,8.5749e-05,1,1,0,32,0,0,True,1.0,1.0,0.0
grid_k14_N4,grid,196,728,4,top1,topolex,0.0,0,182,6.8662e-05,1,1,0,32,0,0,True,1.0,1.0,0.0
grid_k14_N4,grid,196,728,4,top1,peel-only,0.0,0,195,7.0003e-05,0,1,0,2,30,1,True,0.0,0.0,inf
grid_k14_N4,grid,196,728,4,top1,peel-only,0.0,13,182,7.7662e-05,0,1,0,2,26,1,True,0.0,0.0,inf
grid_k14_N4,grid,196,728,4,top1,peel-only,0.0,0,182,4.4263e-05,0,1,0,2,23,1,True,0.0,0.0,inf
grid_k14_N4,grid,196,728,4,top1,peel-exact,0.0,0,195,6.9674e-05,1,1,31,2,30,1,True,1.0,1.0,0.0
grid_k14_N4,grid,196,728,4,top1,peel-exact,0.0,13,182,6.4065e-05,1,1,27,2,26,1,True,1.0,1.0,0.0
grid_k14_N4,grid,196,728,4,top1,peel-exact,0.0,0,182,6.155e-05,1,1,23,2,23,1,True,1.0,1.0,0.0
grid_k14_N4,grid,196,728,4,top1,peel-rapex,0.0,0,195,0.000106227,1,1,31,2,30,1,True,1.0,1.0,0.0
grid_k14_N4,grid,196,728,4,top1,peel-rapex,0.0,13,182,8.1195e-05,1,1,27,2,26,1,True,1.0,1.0,0.0
grid_k14_N4,grid,196,728,4,top1,peel-rapex,0.0,0,182,7.1576e-05,1,1,16,2,23,1,True,1.0,1.0,0.0
grid_k14_N4,grid,196,728,4,top1,rapex-nodr,0.01,0,195,5.3516e-05,1,1,31,0,0,0,True,1.0,1.0,0.0
grid_k14_N4,grid,196,728,4,top1,rapex-nodr,0.01,13,182,3.5484e-05,1,1,27,0,0,0,True,1.0,1.0,0.0
grid_k14_N4,grid,196,728,4,top1,rapex-nodr,0.01,0,182,3.3283e-05,1,1,23,0,0,0,True,1.0,1.0,0.0
grid_k14_N4,grid,196,728,4,top1,rapex,0.01,0,195,6.5128e-05,1,1,32,0,0,0,True,1.0,1.0,0.0
grid_k14_N4,grid,196,728,4,top1,rapex,0.01,13,182,3.8038e-05,1,1,27,0,0,0,True,1.0,1.0,0.0
grid_k14_N4,grid,196,728,4,top1,rapex,0.01,0,182,3.2483e-05,1,1,24,0,0,0,False,0.0,0.0,0.15478615071283097
grid_k14_N4,grid,196,728,4,top1,peel-rapex,0.01,0,195,9.9386e-05,1,1,31,2,30,1,True,1.0,1.0,0.0
grid_k14_N4,grid,196,728,4,top1,peel-rapex,0.01,13,182,8.0598e-05,1,1,27,2,26,1,True,1.0,1.0,0.0
grid_k14_N4,grid,196,728,4,top1,peel-rapex,0.01,0,182,7.0894e-05,1,1,16,2,23,1,True,1.0,1.0,0.0
grid_k16_N4,grid,256,960,4,chain2top,exact,0.0,0,255,0.000128497,1,1,256,0,0,0,True,1.0,1.0,0.0
grid_k16_N4,grid,256,960,4,chain2top,exact,0.0,15,240,0.000123856,1,1,255,0,0,0,True,1.0,1.0,0.0
grid_k16_N4,grid,256,960,4,chain2top,exact,0.0,0,240,0.000106,1,1,192,0,0,0,True,1.0,1.0,0.0
grid_k16_N4,grid,256,960,4,chain2top,rapex-nodr,0.0,0,255,5.3785e-05,1,1,31,0,0,0,True,1.0,1.0,0.0
grid_k16_N4,grid,256,960,4,chain2top,rapex-nodr,0.0,15,240,4.298e-05,1,1,31,0,0,0,True,1.0,1.0,0.0
grid_k16_N4,grid,256,960,4,chain2top,rapex-nodr,0.0,0,240,2.8032e-05,1,1,24,0,0,0,True,1.0,1.0,0.0
grid_k16_N4,grid,256,960,4,chain2top,rapex,0.0,0,255,5.2111e-05,1,1,31,0,0,0,True,1.0,1.0,0.0
grid_k16_N4,grid,256,960,4,chain2top,rapex,0.0,15,240,3.9938e-05,1,1,31,0,0,0,True,1.0,1.0,0.0
grid_k16_N4,grid,256,960,4,chain2top,rapex,0.0,0,240,4.0356e-05,1,1,24,0,0,0,True,1.0,1.0,0.0
grid_k16_N4,grid,256,960,4,chain2top,topolex,0.0,0,255,9.3435e-05,1,1,0,12,0,0,True,1.0,1.0,0.0
grid_k16_N4,grid,256,960,4,chain2top,topolex,0.0,15,240,7.667e-05,1,1,0,12,0,0,True,1.0,1.0,0.0
grid_k16_N4,grid,256,960,4,chain2top,topolex,0.0,0,240,0.000134557,1,1,0,12,0,0,True,1.0,1.0,0.0
grid_k16_N4,grid,256,960,4,chain2top,peel-only,0.0,0,255,8.5791e-05,0,1,0,4,30,2,True,0.0,0.0,inf
grid_k16_N4,grid,256,960,4,chain2top,peel-only,0.0,15,240,7.3371e-05,0,1,0,4,30,2,True,0.0,0.0,inf
grid_k16_N4,grid,256,960,4,chain2top,peel-only,0.0,0,240,6.5619e-05,0,1,0,4,23,2,True,0.0,0.0,inf
grid_k16_N4,grid,256,960,4,chain2top,peel-exact,0.0,0,255,9.2169e-05,1,1,31,4,30,2,True,1.0,1.0,0.0
grid_k16_N4,grid,256,960,4,chain2top,peel-exact,0.0,15,240,0.000102332,1,1,31,4,30,2,True,1.0,1.0,0.0
grid_k16_N4,grid,256,960,4,chain2top,peel-exact,0.0,0,240,7.5002e-05,1,1,24,4,23,2,True,1.0,1.0,0.0
grid_k16_N4,grid,256,960,4,chain2top,peel-rapex,0.0,0,255,0.000129742,1,1,31,4,30,2,True,1.0,1.0,0.0
grid_k16_N4,grid,256,960,4,chain2top,peel-rapex,0.0,15,240,0.000102316,1,1,31,4,30,2,True,1.0,1.0,0.0
grid_k16_N4,grid,256,960,4,chain2top,peel-rapex,0.0,0,240,9.3588e-05,1,1,24,4,23,2,True,1.0,1.0,0.0
grid_k16_N4,grid,256,960,4,chain2top,rapex-nodr,0.01,0,255,5.0027e-05,1,1,31,0,0,0,True,1.0,1.0,0.0
grid_k16_N4,grid,256,960,4,chain2top,rapex-nodr,0.01,15,240,3.8408e-05,1,1,31,0,0,0,True,1.0,1.0,0.0
grid_k16_N4,grid,256,960,4,chain2top,rapex-nodr,0.01,0,240,9.8961e-05,1,1,24,0,0,0,True,1.0,1.0,0.0
grid_k16_N4,grid,256,960,4,chain2top,rapex,0.01,0,255,5.2406e-05,1,1,31,0,0,0,True,1.0,1.0,0.0
grid_k16_N4,grid,256,960,4,chain2top,rapex,0.01,15,240,4.7169e-05,1,1,31,0,0,0,True,1.0,1.0,0.0
grid_k16_N4,grid,256,960,4,chain2top,rapex,0.01,0,240,3.1102e-05,1,1,24,0,0,0,True,1.0,1.0,0.0
grid_k16_N4,grid,256,960,4,chain2top,peel-rapex,0.01,0,255,0.000136223,1,1,31,4,30,2,True,1.0,1.0,0.0
grid_k16_N4,grid,256,960,4,chain2top,peel-rapex,0.01,15,240,0.000104563,1,1,31,4,30,2,True,1.0,1.0,0.0
grid_k16_N4,grid,256,960,4,chain2top,peel-rapex,0.01,0,240,9.816e-05,1,1,24,4,23,2,True,1.0,1.0,0.0
grid_k16_N4,grid,256,960,4,chain4,exact,0.0,0,255,0.000155489,1,1,256,0,0,0,True,1.0,1.0,0.0
grid_k16_N4,grid,256,960,4,chain4,exact,0.0,15,240,0.000124671,1,1,255,0,0,0,True,1.0,1.0,0.0
grid_k16_N4,grid,256,960,4,chain4,exact,0.0,0,240,0.000105336,1,1,192,0,0,0,True,1.0,1.0,0.0
grid_k16_N4,grid,256,960,4,chain4,rapex-nodr,0.0,0,255,6.4075e-05,1,1,31,0,0,0,True,1.0,1.0,0.0
grid_k16_N4,grid,256,960,4,chain4,rapex-nodr,0.0,15,240,4.4101e-05,1,1,31,0,0,0,True,1.0,1.0,0.0
grid_k16_N4,grid,256,960,4,chain4,rapex-nodr,0.0,0,240,2.9561e-05,1,1,24,0,0,0,True,1.0,1.0,0.0
grid_k16_N4,grid,256,960,4,chain4,rapex,0.0,0,255,5.6945e-05,1,1,31,0,0,0,True,1.0,1.0,0.0
grid_k16_N4,grid,256,960,4,chain4,rapex,0.0,15,240,4.558e-05,1,1,31,0,0,0,True,1.0,1.0,0.0
grid_k16_N4,grid,256,960,4,chain4,rapex,0.0,0,240,3.0774e-05,1,1,24,0,0,0,True,1.0,1.0,0.0
grid_k16_N4,grid,256,960,4,chain4,topolex,0.0,0,255,7.9859e-05,1,1,0,8,0,0,True,1.0,1.0,0.0
grid_k16_N4,grid,256,960,4,chain4,topolex,0.0,15,240,7.3123e-05,1,1,0,8,0,0,True,1.0,1.0,0.0
grid_k16_N4,grid,256,960,4,chain4,topolex,0.0,0,240,7.1619e-05,1,1,0,8,0,0,True,1.0,1.0,0.0
grid_k16_N4,grid,256,960,4,chain4,peel-only,0.0,0,255,0.000102494,1,1,0,12,30,4,True,1.0,1.0,0.0
grid_k16_N4,grid,256,960,4,chain4,peel-only,0.0,15,240,8.3658e-05,1,1,0,12,30,4,True,1.0,1.0,0.0
grid_k16_N4,grid,256,960,4,chain4,peel-only,0.0,0,240,6.8775e-05,1,1,0,12,23,4,True,1.0,1.0,0.0
grid_k16_N4,grid,256,960,4,chain4,peel-exact,0.0,0,255,9.8435e-05,1,1,0,12,30,4,True,1.0,1.0,0.0
grid_k16_N4,grid,256,960,4,chain4,peel-exact,0.0,15,240,8.632e-05,1,1,0,12,30,4,True,1.0,1.0,0.0
grid_k16_N4,grid,256,960,4,chain4,peel-exact,0.0,0,240,7.0829e-05,1,1,0,12,23,4,True,1.0,1.0,0.0
grid_k16_N4,grid,256,960,4,chain4,peel-rapex,0.0,0,255,9.1707e-05,1,1,0,12,30,4,True,1.0,1.0,0.0
grid_k16_N4,grid,256,960,4,chain4,peel-rapex,0.0,15,240,8.7262e-05,1,1,0,12,30,4,True,1.0,1.0,0.0
grid_k16_N4,grid,256,960,4,chain4,peel-rapex,0.0,0,240,7.3613e-05,1,1,0,12,23,4,True,1.0,1.0,0.0
grid_k16_N4,grid,256,960,4,chain4,rapex-nodr,0.01,0,255,6.2117e-05,1,1,31,0,0,0,True,1.0,1.0,0.0
grid_k16_N4,grid,256,960,4,chain4,rapex-nodr,0.01,15,240,3.88e-05,1,1,31,0,0,0,True,1.0,1.0,0.0
grid_k16_N4,grid,256,960,4,chain4,rapex-nodr,0.01,0,240,2.9623e-05,1,1,24,0,0,0,True,1.0,1.0,0.0
grid_k16_N4,grid,256,960,4,chain4,rapex,0.01,0,255,5.0414e-05,1,1,31,0,0,0,True,1.0,1.0,0.0
grid_k16_N4,grid,256,960,4,chain4,rapex,0.01,15,240,4.0255e-05,1,1,31,0,0,0,True,1.0,1.0,0.0
grid_k16_N4,grid,256,960,4,chain4,rapex,0.01,0,240,2.9624e-05,1,1,24,0,0,0,True,1.0,1.0,0.0
grid_k16_N4,grid,256,960,4,chain4,peel-rapex,0.01,0,255,9.9278e-05,1,1,0,12,30,4,True,1.0,1.0,0.0
grid_k16_N4,grid,256,960,4,chain4,peel-rapex,0.01,15,240,9.5406e-05,1,1,0,12,30,4,True,1.0,1.0,0.0
grid_k16_N4,grid,256,960,4,chain4,peel-rapex,0.01,0,240,8.524e-05,1,1,0,12,23,4,True,1.0,1.0,0.0
grid_k16_N4,grid,256,960,4,diamond4,exact,0.0,0,255,0.004648454,29,29,2851,0,0,0,True,1.0,1.0,0.0
grid_k16_N4,grid,256,960,4,diamond4,exact,0.0,15,240,0.006209982,51,51,3409,0,0,0,True,1.0,1.0,0.0
grid_k16_N4,grid,256,960,4,diamond4,exact,0.0,0,240,0.001196401,9,9,1249,0,0,0,True,1.0,1.0,0.0
grid_k16_N4,grid,256,960,4,diamond4,rapex-nodr,0.0,0,255,0.003524764,29,29,1062,0,0,0,True,1.0,1.0,0.0
grid_k16_N4,grid,256,960,4,diamond4,rapex-nodr,0.0,15,240,0.00492574,51,51,1203,0,0,0,True,1.0,1.0,0.0
grid_k16_N4,grid,256,960,4,diamond4,rapex-nodr,0.0,0,240,0.000143879,9,9,100,0,0,0,True,1.0,1.0,0.0
grid_k16_N4,grid,256,960,4,diamond4,rapex,0.0,0,255,0.003395584,29,29,1062,0,0,0,True,1.0,1.0,0.0
grid_k16_N4,grid,256,960,4,diamond4,rapex,0.0,15,240,0.004585039,51,51,1203,0,0,0,True,1.0,1.0,0.0
grid_k16_N4,grid,256,960,4,diamond4,rapex,0.0,0,240,0.000151631,9,9,100,0,0,0,True,1.0,1.0,0.0
grid_k16_N4,grid,256,960,4,diamond4,topolex,0.0,0,255,0.000167466,2,29,0,24,0,0,True,0.06896551724137931,0.06896551724137931,0.375
grid_k16_N4,grid,256,960,4,diamond4,topolex,0.0,15,240,0.000157201,2,51,0,24,0,0,True,0.0392156862745098,0.0392156862745098,0.5738636363636365
grid_k16_N4,grid,256,960,4,diamond4,topolex,0.0,0,240,0.000144947,2,9,0,24,0,0,True,0.2222222222222222,0.2222222222222222,0.4607407407407407
grid_k16_N4,grid,256,960,4,diamond4,peel-only,0.0,0,255,3.174e-06,0,29,0,0,960,0,True,0.0,0.0,inf
grid_k16_N4,grid,256,960,4,diamond4,peel-only,0.0,15,240,1.992e-06,0,51,0,0,960,0,True,0.0,0.0,inf
grid_k16_N4,grid,256,960,4,diamond4,peel-only,0.0,0,240,9.99e-07,0,9,0,0,960,0,True,0.0,0.0,inf
grid_k16_N4,grid,256,960,4,diamond4,peel-exact,0.0,0,255,0.004588989,29,29,2851,0,960,0,True,1.0,1.0,0.0
grid_k16_N4,grid,256,960,4,diamond4,peel-exact,0.0,15,240,0.00628685,51,51,3409,0,960,0,True,1.0,1.0,0.0
grid_k16_N4,grid,256,960,4,diamond4,peel-exact,0.0,0,240,0.001667917,9,9,1249,0,960,0,True,1.0,1.0,0.0
grid_k16_N4,grid,256,960,4,diamond4,peel-rapex,0.0,0,255,0.003730024,29,29,1062,0,960,0,True,1.0,1.0,0.0
grid_k16_N4,grid,256,960,4,diamond4,peel-rapex,0.0,15,240,0.005025958,51,51,1203,0,960,0,True,1.0,1.0,0.0
grid_k16_N4,grid,256,960,4,diamond4,peel-rapex,0.0,0,240,0.000299399,9,9,100,0,960,0,True,1.0,1.0,0.0
grid_k16_N4,grid,256,960,4,diamond4,rapex-nodr,0.01,0,255,0.003122501,23,29,1026,0,0,0,True,0.7931034482758621,0.7931034482758621,0.009230769230769154
grid_k16_N4,grid,256,960,4,diamond4,rapex-nodr,0.01,15,240,0.002920687,27,51,1049,0,0,0,False,0.49019607843137253,0.49019607843137253,0.00917431192660545
grid_k16_N4,grid,256,960,4,diamond4,rapex-nodr,0.01,0,240,0.000123384,6,9,88,0,0,0,True,0.6666666666666666,0.6666666666666666,0.008333333333333304
grid_k16_N4,grid,256,960,4,diamond4,rapex,0.01,0,255,0.002790629,22,29,973,0,0,0,True,0.7586206896551724,0.7586206896551724,0.009871668311944637
grid_k16_N4,grid,256,960,4,diamond4,rapex,0.01,15,240,0.002398799,27,51,906,0,0,0,False,0.49019607843137253,0.49019607843137253,0.00917431192660545
grid_k16_N4,grid,256,960,4,diamond4,rapex,0.01,0,240,0.000123711,6,9,88,0,0,0,True,0.6666666666666666,0.6666666666666666,0.008333333333333304
grid_k16_N4,grid,256,960,4,diamond4,peel-rapex,0.01,0,255,0.002939237,22,29,973,0,960,0,True,0.7586206896551724,0.7586206896551724,0.009871668311944637
grid_k16_N4,grid,256,960,4,diamond4,peel-rapex,0.01,15,240,0.002754127,27,51,906,0,960,0,False,0.49019607843137253,0.49019607843137253,0.00917431192660545
grid_k16_N4,grid,256,960,4,diamond4,peel-rapex,0.01,0,240,0.000397429,6,9,88,0,960,0,True,0.6666666666666666,0.6666666666666666,0.008333333333333304
grid_k16_N4,grid,256,960,4,flat4,exact,0.0,0,255,15.520133189,3333,3333,111029,0,0,0,True,1.0,1.0,0.0
grid_k16_N4,grid,256,960,4,flat4,exact,0.0,15,240,77.402196172,8840,8840,220034,0,0,0,True,1.0,1.0,0.0
grid_k16_N4,grid,256,960,4,flat4,exact,0.0,0,240,0.242292823,62,62,17168,0,0,0,True,1.0,1.0,0.0
grid_k16_N4,grid,256,960,4,flat4,rapex-nodr,0.0,0,255,29.148910627,3333,3333,70730,0,0,0,True,1.0,1.0,0.0
grid_k16_N4,grid,256,960,4,flat4,rapex-nodr,0.0,15,240,270.978003366,8840,8840,150107,0,0,0,True,1.0,1.0,0.0
grid_k16_N4,grid,256,960,4,flat4,rapex-nodr,0.0,0,240,0.004816945,62,62,811,0,0,0,True,1.0,1.0,0.0
grid_k16_N4,grid,256,960,4,flat4,rapex,0.0,0,255,24.970321352,3333,3333,70730,0,0,0,True,1.0,1.0,0.0
grid_k16_N4,grid,256,960,4,flat4,rapex,0.0,15,240,191.077633188,8840,8840,150107,0,0,0,True,1.0,1.0,0.0
grid_k16_N4,grid,256,960,4,flat4,rapex,0.0,0,240,0.004809345,62,62,811,0,0,0,True,1.0,1.0,0.0
grid_k16_N4,grid,256,960,4,flat4,topolex,0.0,0,255,0.000392625,4,3333,0,128,0,0,True,0.0012001200120012002,0.0012001200120012002,0.5939457202505218
grid_k16_N4,grid,256,960,4,flat4,topolex,0.0,15,240,0.00039014,5,8840,0,128,0,0,True,0.0005656108597285068,0.0005656108597285068,0.589866156787763
grid_k16_N4,grid,256,960,4,flat4,topolex,0.0,0,240,0.000367441,4,62,0,128,0,0,True,0.06451612903225806,0.06451612903225806,0.3443113772455091
grid_k16_N4,grid,256,960,4,flat4,peel-only,0.0,0,255,2.62e-06,0,3333,0,0,960,0,True,0.0,0.0,inf
grid_k16_N4,grid,256,960,4,flat4,peel-only,0.0,15,240,1.544e-06,0,8840,0,0,960,0,True,0.0,0.0,inf
grid_k16_N4,grid,256,960,4,flat4,peel-only,0.0,0,240,8.45e-07,0,62,0,0,960,0,True,0.0,0.0,inf
grid_k16_N4,grid,256,960,4,flat4,peel-exact,0.0,0,255,16.136976353,3333,3333,111029,0,960,0,True,1.0,1.0,0.0
grid_k16_N4,grid,256,960,4,flat4,peel-exact,0.0,15,240,83.502305665,8840,8840,220034,0,960,0,True,1.0,1.0,0.0
grid_k16_N4,grid,256,960,4,flat4,peel-exact,0.0,0,240,0.247435352,62,62,17168,0,960,0,True,1.0,1.0,0.0
grid_k16_N4,grid,256,960,4,flat4,peel-rapex,0.0,0,255,24.678596653,3333,3333,70730,0,960,0,True,1.0,1.0,0.0
grid_k16_N4,grid,256,960,4,flat4,peel-rapex,0.0,15,240,188.164857715,8840,8840,150107,0,960,0,True,1.0,1.0,0.0
grid_k16_N4,grid,256,960,4,flat4,peel-rapex,0.0,0,240,0.005072534,62,62,811,0,960,0,True,1.0,1.0,0.0
grid_k16_N4,grid,256,960,4,flat4,rapex-nodr,0.01,0,255,16.452912344,1834,3333,54381,0,0,0,False,0.546954695469547,0.546954695469547,0.00870827285921627
grid_k16_N4,grid,256,960,4,flat4,rapex-nodr,0.01,15,240,128.146553442,4452,8840,119906,0,0,0,False,0.4987556561085973,0.4987556561085973,0.009199632014719406
grid_k16_N4,grid,256,960,4,flat4,rapex-nodr,0.01,0,240,0.003905828,45,62,768,0,0,0,True,0.7258064516129032,0.7258064516129032,0.009244992295839749
grid_k16_N4,grid,256,960,4,flat4,rapex,0.01,0,255,9.346485856,1784,3333,50978,0,0,0,False,0.5331533153315332,0.5331533153315332,0.008995502248875464
grid_k16_N4,grid,256,960,4,flat4,rapex,0.01,15,240,62.54745355,4249,8840,106339,0,0,0,False,0.476131221719457,0.476131221719457,0.009641873278236845
grid_k16_N4,grid,256,960,4,flat4,rapex,0.01,0,240,0.0036162,45,62,726,0,0,0,True,0.7258064516129032,0.7258064516129032,0.009244992295839749
grid_k16_N4,grid,256,960,4,flat4,peel-rapex,0.01,0,255,9.850446232,1784,3333,50978,0,960,0,False,0.5331533153315332,0.5331533153315332,0.008995502248875464
grid_k16_N4,grid,256,960,4,flat4,peel-rapex,0.01,15,240,61.626226246,4249,8840,106339,0,960,0,False,0.476131221719457,0.476131221719457,0.009641873278236845
grid_k16_N4,grid,256,960,4,flat4,peel-rapex,0.01,0,240,0.003830915,45,62,726,0,960,0,True,0.7258064516129032,0.7258064516129032,0.009244992295839749
grid_k16_N4,grid,256,960,4,top1,exact,0.0,0,255,0.00013109,1,1,257,0,0,0,True,1.0,1.0,0.0
grid_k16_N4,grid,256,960,4,top1,exact,0.0,15,240,0.000123262,1,1,256,0,0,0,True,1.0,1.0,0.0
grid_k16_N4,grid,256,960,4,top1,exact,0.0,0,240,0.000101669,1,1,195,0,0,0,True,1.0,1.0,0.0
grid_k16_N4,grid,256,960,4,top1,rapex-nodr,0.0,0,255,5.6143e-05,1,1,31,0,0,0,True,1.0,1.0,0.0
grid_k16_N4,grid,256,960,4,top1,rapex-nodr,0.0,15,240,3.958e-05,1,1,31,0,0,0,True,1.0,1.0,0.0
grid_k16_N4,grid,256,960,4,top1,rapex-nodr,0.0,0,240,2.9375e-05,1,1,24,0,0,0,True,1.0,1.0,0.0
grid_k16_N4,grid,256,960,4,top1,rapex,0.0,0,255,6.6719e-05,1,1,31,0,0,0,True,1.0,1.0,0.0
grid_k16_N4,grid,256,960,4,top1,rapex,0.0,15,240,4.033e-05,1,1,31,0,0,0,True,1.0,1.0,0.0
grid_k16_N4,grid,256,960,4,top1,rapex,0.0,0,240,3.1111e-05,1,1,24,0,0,0,True,1.0,1.0,0.0
grid_k16_N4,grid,256,960,4,top1,topolex,0.0,0,255,0.000107679,1,1,0,32,0,0,True,1.0,1.0,0.0
grid_k16_N4,grid,256,960,4,top1,topolex,0.0,15,240,9.7557e-05,1,1,0,32,0,0,True,1.0,1.0,0.0
grid_k16_N4,grid,256,960,4,top1,topolex,0.0,0,240,8.6789e-05,1,1,0,32,0,0,True,1.0,1.0,0.0
grid_k16_N4,grid,256,960,4,top1,peel-only,0.0,0,255,6.7965e-05,0,1,0,2,30,1,True,0.0,0.0,inf
grid_k16_N4,grid,256,960,4,top1,peel-only,0.0,15,240,6.381e-05,0,1,0,2,30,1,True,0.0,0.0,inf
grid_k16_N4,grid,256,960,4,top1,peel-only,0.0,0,240,5.6664e-05,0,1,0,2,23,1,True,0.0,0.0,inf
grid_k16_N4,grid,256,960,4,top1,peel-exact,0.0,0,255,7.867e-05,1,1,31,2,30,1,True,1.0,1.0,0.0
grid_k16_N4,grid,256,960,4,top1,peel-exact,0.0,15,240,7.3386e-05,1,1,31,2,30,1,True,1.0,1.0,0.0
grid_k16_N4,grid,256,960,4,top1,peel-exact,0.0,0,240,6.4825e-05,1,1,24,2,23,1,True,1.0,1.0,0.0
grid_k16_N4,grid,256,960,4,top1,peel-rapex,0.0,0,255,0.000117464,1,1,31,2,30,1,True,1.0,1.0,0.0
grid_k16_N4,grid,256,960,4,top1,peel-rapex,0.0,15,240,9.8111e-05,1,1,31,2,30,1,True,1.0,1.0,0.0
grid_k16_N4,grid,256,960,4,top1,peel-rapex,0.0,0,240,8.4645e-05,1,1,24,2,23,1,True,1.0,1.0,0.0
grid_k16_N4,grid,256,960,4,top1,rapex-nodr,0.01,0,255,5.5377e-05,1,1,31,0,0,0,True,1.0,1.0,0.0
grid_k16_N4,grid,256,960,4,top1,rapex-nodr,0.01,15,240,3.8198e-05,1,1,31,0,0,0,True,1.0,1.0,0.0
grid_k16_N4,grid,256,960,4,top1,rapex-nodr,0.01,0,240,2.8828e-05,1,1,24,0,0,0,True,1.0,1.0,0.0
grid_k16_N4,grid,256,960,4,top1,rapex,0.01,0,255,5.5056e-05,1,1,31,0,0,0,True,1.0,1.0,0.0
grid_k16_N4,grid,256,960,4,top1,rapex,0.01,15,240,5.6359e-05,1,1,31,0,0,0,True,1.0,1.0,0.0
grid_k16_N4,grid,256,960,4,top1,rapex,0.01,0,240,3.4513e-05,1,1,25,0,0,0,True,1.0,1.0,0.0
grid_k16_N4,grid,256,960,4,top1,peel-rapex,0.01,0,255,0.00014484,1,1,31,2,30,1,True,1.0,1.0,0.0
grid_k16_N4,grid,256,960,4,top1,peel-rapex,0.01,15,240,9.7027e-05,1,1,31,2,30,1,True,1.0,1.0,0.0
grid_k16_N4,grid,256,960,4,top1,peel-rapex,0.01,0,240,0.000105258,1,1,24,2,23,1,True,1.0,1.0,0.0
grid_k20_N4,grid,400,1520,4,chain2top,exact,0.0,0,399,0.000303392,1,1,400,0,0,0,True,1.0,1.0,0.0
grid_k20_N4,grid,400,1520,4,chain2top,exact,0.0,19,380,0.000206043,1,1,394,0,0,0,True,1.0,1.0,0.0
grid_k20_N4,grid,400,1520,4,chain2top,exact,0.0,0,380,0.000179208,1,1,319,0,0,0,True,1.0,1.0,0.0
grid_k20_N4,grid,400,1520,4,chain2top,rapex-nodr,0.0,0,399,7.7838e-05,1,1,39,0,0,0,True,1.0,1.0,0.0
grid_k20_N4,grid,400,1520,4,chain2top,rapex-nodr,0.0,19,380,4.3226e-05,1,1,39,0,0,0,True,1.0,1.0,0.0
grid_k20_N4,grid,400,1520,4,chain2top,rapex-nodr,0.0,0,380,3.6412e-05,1,1,30,0,0,0,True,1.0,1.0,0.0
grid_k20_N4,grid,400,1520,4,chain2top,rapex,0.0,0,399,6.7523e-05,1,1,39,0,0,0,True,1.0,1.0,0.0
grid_k20_N4,grid,400,1520,4,chain2top,rapex,0.0,19,380,4.5478e-05,1,1,39,0,0,0,True,1.0,1.0,0.0
grid_k20_N4,grid,400,1520,4,chain2top,rapex,0.0,0,380,3.8199e-05,1,1,30,0,0,0,True,1.0,1.0,0.0
grid_k20_N4,grid,400,1520,4,chain2top,topolex,0.0,0,399,0.000144603,1,1,0,12,0,0,True,1.0,1.0,0.0
grid_k20_N4,grid,400,1520,4,chain2top,topolex,0.0,19,380,0.00011909,1,1,0,12,0,0,True,1.0,1.0,0.0
grid_k20_N4,grid,400,1520,4,chain2top,topolex,0.0,0,380,0.000108551,1,1,0,12,0,0,True,1.0,1.0,0.0
grid_k20_N4,grid,400,1520,4,chain2top,peel-only,0.0,0,399,0.000123975,0,1,0,4,38,2,True,0.0,0.0,inf
grid_k20_N4,grid,400,1520,4,chain2top,peel-only,0.0,19,380,0.000128721,0,1,0,4,38,2,True,0.0,0.0,inf
grid_k20_N4,grid,400,1520,4,chain2top,peel-only,0.0,0,380,0.000103728,0,1,0,4,29,2,True,0.0,0.0,inf
grid_k20_N4,grid,400,1520,4,chain2top,peel-exact,0.0,0,399,0.000127367,1,1,39,4,38,2,True,1.0,1.0,0.0
grid_k20_N4,grid,400,1520,4,chain2top,peel-exact,0.0,19,380,0.000143989,1,1,39,4,38,2,True,1.0,1.0,0.0
grid_k20_N4,grid,400,1520,4,chain2top,peel-exact,0.0,0,380,0.000117383,1,1,30,4,29,2,True,1.0,1.0,0.0
grid_k20_N4,grid,400,1520,4,chain2top,peel-rapex,0.0,0,399,0.000186061,1,1,39,4,38,2,True,1.0,1.0,0.0
grid_k20_N4,grid,400,1520,4,chain2top,peel-rapex,0.0,19,380,0.000162265,1,1,39,4,38,2,True,1.0,1.0,0.0
grid_k20_N4,grid,400,1520,4,chain2top,peel-rapex,0.0,0,380,0.000162628,1,1,30,4,29,2,True,1.0,1.0,0.0
grid_k20_N4,grid,400,1520,4,chain2top,rapex-nodr,0.01,0,399,7.5226e-05,1,1,39,0,0,0,True,1.0,1.0,0.0
grid_k20_N4,grid,400,1520,4,chain2top,rapex-nodr,0.01,19,380,4.3936e-05,1,1,39,0,0,0,True,1.0,1.0,0.0
grid_k20_N4,grid,400,1520,4,chain2top,rapex-nodr,0.01,0,380,3.5998e-05,1,1,30,0,0,0,True,1.0,1.0,0.0
grid_k20_N4,grid,400,1520,4,chain2top,rapex,0.01,0,399,0.000115256,1,1,39,0,0,0,True,1.0,1.0,0.0
grid_k20_N4,grid,400,1520,4,chain2top,rapex,0.01,19,380,6.8599e-05,1,1,39,0,0,0,True,1.0,1.0,0.0
grid_k20_N4,grid,400,1520,4,chain2top,rapex,0.01,0,380,5.7919e-05,1,1,30,0,0,0,True,1.0,1.0,0.0
grid_k20_N4,grid,400,1520,4,chain2top,peel-rapex,0.01,0,399,0.000177043,1,1,39,4,38,2,True,1.0,1.0,0.0
grid_k20_N4,grid,400,1520,4,chain2top,peel-rapex,0.01,19,380,0.000153325,1,1,39,4,38,2,True,1.0,1.0,0.0
grid_k20_N4,grid,400,1520,4,chain2top,peel-rapex,0.01,0,380,0.000148472,1,1,30,4,29,2,True,1.0,1.0,0.0
grid_k20_N4,grid,400,1520,4,chain4,exact,0.0,0,399,0.000197295,1,1,400,0,0,0,True,1.0,1.0,0.0
grid_k20_N4,grid,400,1520,4,chain4,exact,0.0,19,380,0.000191402,1,1,394,0,0,0,True,1.0,1.0,0.0
grid_k20_N4,grid,400,1520,4,chain4,exact,0.0,0,380,0.000181677,1,1,319,0,0,0,True,1.0,1.0,0.0
grid_k20_N4,grid,400,1520,4,chain4,rapex-nodr,0.0,0,399,7.343e-05,1,1,39,0,0,0,True,1.0,1.0,0.0
grid_k20_N4,grid,400,1520,4,chain4,rapex-nodr,0.0,19,380,4.3358e-05,1,1,39,0,0,0,True,1.0,1.0,0.0
grid_k20_N4,grid,400,1520,4,chain4,rapex-nodr,0.0,0,380,3.6487e-05,1,1,30,0,0,0,True,1.0,1.0,0.0
grid_k20_N4,grid,400,1520,4,chain4,rapex,0.0,0,399,7.3065e-05,1,1,39,0,0,0,True,1.0,1.0,0.0
grid_k20_N4,grid,400,1520,4,chain4,rapex,0.0,19,380,4.6756e-05,1,1,39,0,0,0,True,1.0,1.0,0.0
grid_k20_N4,grid,400,1520,4,chain4,rapex,0.0,0,380,4.455e-05,1,1,30,0,0,0,True,1.0,1.0,0.0
grid_k20_N4,grid,400,1520,4,chain4,topolex,0.0,0,399,0.000117482,1,1,0,8,0,0,True,1.0,1.0,0.0
grid_k20_N4,grid,400,1520,4,chain4,topolex,0.0,19,380,0.000111921,1,1,0,8,0,0,True,1.0,1.0,0.0
grid_k20_N4,grid,400,1520,4,chain4,topolex,0.0,0,380,0.000102268,1,1,0,8,0,0,True,1.0,1.0,0.0
grid_k20_N4,grid,400,1520,4,chain4,peel-only,0.0,0,399,0.000129721,1,1,0,12,38,4,True,1.0,1.0,0.0
grid_k20_N4,grid,400,1520,4,chain4,peel-only,0.0,19,380,0.000127252,1,1,0,12,38,4,True,1.0,1.0,0.0
grid_k20_N4,grid,400,1520,4,chain4,peel-only,0.0,0,380,0.000116338,1,1,0,12,29,4,True,1.0,1.0,0.0
grid_k20_N4,grid,400,1520,4,chain4,peel-exact,0.0,0,399,0.000135443,1,1,0,12,38,4,True,1.0,1.0,0.0
grid_k20_N4,grid,400,1520,4,chain4,peel-exact,0.0,19,380,0.000134735,1,1,0,12,38,4,True,1.0,1.0,0.0
grid_k20_N4,grid,400,1520,4,chain4,peel-exact,0.0,0,380,0.000119876,1,1,0,12,29,4,True,1.0,1.0,0.0
grid_k20_N4,grid,400,1520,4,chain4,peel-rapex,0.0,0,399,0.000132296,1,1,0,12,38,4,True,1.0,1.0,0.0
grid_k20_N4,grid,400,1520,4,chain4,peel-rapex,0.0,19,380,0.000128269,1,1,0,12,38,4,True,1.0,1.0,0.0
grid_k20_N4,grid,400,1520,4,chain4,peel-rapex,0.0,0,380,0.000133956,1,1,0,12,29,4,True,1.0,1.0,0.0
grid_k20_N4,grid,400,1520,4,chain4,rapex-nodr,0.01,0,399,0.000100532,1,1,39,0,0,0,True,1.0,1.0,0.0
grid_k20_N4,grid,400,1520,4,chain4,rapex-nodr,0.01,19,380,4.4093e-05,1,1,39,0,0,0,True,1.0,1.0,0.0
grid_k20_N4,grid,400,1520,4,chain4,rapex-nodr,0.01,0,380,4.2729e-05,1,1,30,0,0,0,True,1.0,1.0,0.0
grid_k20_N4,grid,400,1520,4,chain4,rapex,0.01,0,399,8.253e-05,1,1,39,0,0,0,True,1.0,1.0,0.0
grid_k20_N4,grid,400,1520,4,chain4,rapex,0.01,19,380,4.7045e-05,1,1,39,0,0,0,True,1.0,1.0,0.0
grid_k20_N4,grid,400,1520,4,chain4,rapex,0.01,0,380,3.956e-05,1,1,30,0,0,0,True,1.0,1.0,0.0
grid_k20_N4,grid,400,1520,4,chain4,peel-rapex,0.01,0,399,0.000165873,1,1,0,12,38,4,True,1.0,1.0,0.0
grid_k20_N4,grid,400,1520,4,chain4,peel-rapex,0.01,19,380,0.000136438,1,1,0,12,38,4,True,1.0,1.0,0.0
grid_k20_N4,grid,400,1520,4,chain4,peel-rapex,0.01,0,380,0.000115782,1,1,0,12,29,4,True,1.0,1.0,0.0
grid_k20_N4,grid,400,1520,4,diamond4,exact,0.0,0,399,0.012707897,44,44,6942,0,0,0,True,1.0,1.0,0.0
grid_k20_N4,grid,400,1520,4,diamond4,exact,0.0,19,380,0.016059844,59,59,7233,0,0,0,True,1.0,1.0,0.0
grid_k20_N4,grid,400,1520,4,diamond4,exact,0.0,0,380,0.006774739,30,30,3991,0,0,0,True,1.0,1.0,0.0
grid_k20_N4,grid,400,1520,4,diamond4,rapex-nodr,0.0,0,399,0.008231133,44,44,1941,0,0,0,True,1.0,1.0,0.0
grid_k20_N4,grid,400,1520,4,diamond4,rapex-nodr,0.0,19,380,0.010681158,59,59,2432,0,0,0,True,1.0,1.0,0.0
grid_k20_N4,grid,400,1520,4,diamond4,rapex-nodr,0.0,0,380,0.002247607,30,30,736,0,0,0,True,1.0,1.0,0.0
grid_k20_N4,grid,400,1520,4,diamond4,rapex,0.0,0,399,0.007319136,44,44,1941,0,0,0,True,1.0,1.0,0.0
grid_k20_N4,grid,400,1520,4,diamond4,rapex,0.0,19,380,0.010059143,59,59,2432,0,0,0,True,1.0,1.0,0.0
grid_k20_N4,grid,400,1520,4,diamond4,rapex,0.0,0,380,0.002252768,30,30,736,0,0,0,True,1.0,1.0,0.0
grid_k20_N4,grid,400,1520,4,diamond4,topolex,0.0,0,399,0.000241482,2,44,0,24,0,0,True,0.045454545454545456,0.045454545454545456,0.4404057480980559
grid_k20_N4,grid,400,1520,4,diamond4,topolex,0.0,19,380,0.000234693,2,59,0,24,0,0,True,0.03389830508474576,0.03389830508474576,0.629317607413648
grid_k20_N4,grid,400,1520,4,diamond4,topolex,0.0,0,380,0.000221892,2,30,0,24,0,0,True,0.06666666666666667,0.06666666666666667,0.5051783659378597
grid_k20_N4,grid,400,1520,4,diamond4,peel-only,0.0,0,399,3.143e-06,0,44,0,0,1520,0,True,0.0,0.0,inf
grid_k20_N4,grid,400,1520,4,diamond4,peel-only,0.0,19,380,2.421e-06,0,59,0,0,1520,0,True,0.0,0.0,inf
grid_k20_N4,grid,400,1520,4,diamond4,peel-only,0.0,0,380,1.365e-06,0,30,0,0,1520,0,True,0.0,0.0,inf
grid_k20_N4,grid,400,1520,4,diamond4,peel-exact,0.0,0,399,0.012887615,44,44,6942,0,1520,0,True,1.0,1.0,0.0
grid_k20_N4,grid,400,1520,4,diamond4,peel-exact,0.0,19,380,0.016496256,59,59,7233,0,1520,0,True,1.0,1.0,0.0
grid_k20_N4,grid,400,1520,4,diamond4,peel-exact,0.0,0,380,0.006914166,30,30,3991,0,1520,0,True,1.0,1.0,0.0
grid_k20_N4,grid,400,1520,4,diamond4,peel-rapex,0.0,0,399,0.008134528,44,44,1941,0,1520,0,True,1.0,1.0,0.0
grid_k20_N4,grid,400,1520,4,diamond4,peel-rapex,0.0,19,380,0.010910322,59,59,2432,0,1520,0,True,1.0,1.0,0.0
grid_k20_N4,grid,400,1520,4,diamond4,peel-rapex,0.0,0,380,0.002533404,30,30,736,0,1520,0,True,1.0,1.0,0.0
grid_k20_N4,grid,400,1520,4,diamond4,rapex-nodr,0.01,0,399,0.005466243,26,44,1774,0,0,0,True,0.5909090909090909,0.5909090909090909,0.008795669824086527
grid_k20_N4,grid,400,1520,4,diamond4,rapex-nodr,0.01,19,380,0.005989467,33,59,2027,0,0,0,False,0.5084745762711864,0.5084745762711864,0.0093131548311991
grid_k20_N4,grid,400,1520,4,diamond4,rapex-nodr,0.01,0,380,0.002343307,21,30,775,0,0,0,True,0.7,0.7,0.00990099009900991
grid_k20_N4,grid,400,1520,4,diamond4,rapex,0.01,0,399,0.005048903,26,44,1693,0,0,0,False,0.5454545454545454,0.5454545454545454,0.009844134536505234
grid_k20_N4,grid,400,1520,4,diamond4,rapex,0.01,19,380,0.005651112,31,59,1963,0,0,0,False,0.4745762711864407,0.4745762711864407,0.0093131548311991
grid_k20_N4,grid,400,1520,4,diamond4,rapex,0.01,0,380,0.001720357,20,30,694,0,0,0,True,0.6666666666666666,0.6666666666666666,0.00990099009900991
grid_k20_N4,grid,400,1520,4,diamond4,peel-rapex,0.01,0,399,0.005610872,26,44,1693,0,1520,0,False,0.5454545454545454,0.5454545454545454,0.009844134536505234
grid_k20_N4,grid,400,1520,4,diamond4,peel-rapex,0.01,19,380,0.006394234,31,59,1963,0,1520,0,False,0.4745762711864407,0.4745762711864407,0.0093131548311991
grid_k20_N4,grid,400,1520,4,diamond4,peel-rapex,0.01,0,380,0.002395245,20,30,694,0,1520,0,True,0.6666666666666666,0.6666666666666666,0.00990099009900991
grid_k20_N4,grid,400,1520,4,top1,exact,0.0,0,399,0.000225248,1,1,405,0,0,0,True,1.0,1.0,0.0
grid_k20_N4,grid,400,1520,4,top1,exact,0.0,19,380,0.000204693,1,1,399,0,0,0,True,1.0,1.0,0.0
grid_k20_N4,grid,400,1520,4,top1,exact,0.0,0,380,0.000188994,1,1,325,0,0,0,True,1.0,1.0,0.0
grid_k20_N4,grid,400,1520,4,top1,rapex-nodr,0.0,0,399,7.9975e-05,1,1,39,0,0,0,True,1.0,1.0,0.0
grid_k20_N4,grid,400,1520,4,top1,rapex-nodr,0.0,19,380,4.1764e-05,1,1,39,0,0,0,True,1.0,1.0,0.0
grid_k20_N4,grid,400,1520,4,top1,rapex-nodr,0.0,0,380,3.8717e-05,1,1,30,0,0,0,True,1.0,1.0,0.0
grid_k20_N4,grid,400,1520,4,top1,rapex,0.0,0,399,8.6162e-05,1,1,39,0,0,0,True,1.0,1.0,0.0
grid_k20_N4,grid,400,1520,4,top1,rapex,0.0,19,380,4.6289e-05,1,1,39,0,0,0,True,1.0,1.0,0.0
grid_k20_N4,grid,400,1520,4,top1,rapex,0.0,0,380,5.5603e-05,1,1,30,0,0,0,True,1.0,1.0,0.0
grid_k20_N4,grid,400,1520,4,top1,topolex,0.0,0,399,0.000164277,1,1,0,32,0,0,True,1.0,1.0,0.0
grid_k20_N4,grid,400,1520,4,top1,topolex,0.0,19,380,0.00015742,1,1,0,32,0,0,True,1.0,1.0,0.0
grid_k20_N4,grid,400,1520,4,top1,topolex,0.0,0,380,0.000155429,1,1,0,32,0,0,True,1.0,1.0,0.0
grid_k20_N4,grid,400,1520,4,top1,peel-only,0.0,0,399,0.000112803,0,1,0,2,38,1,True,0.0,0.0,inf
grid_k20_N4,grid,400,1520,4,top1,peel-only,0.0,19,380,0.000118302,0,1,0,2,38,1,True,0.0,0.0,inf
grid_k20_N4,grid,400,1520,4,top1,peel-only,0.0,0,380,9.5689e-05,0,1,0,2,29,1,True,0.0,0.0,inf
grid_k20_N4,grid,400,1520,4,top1,peel-exact,0.0,0,399,0.00013914,1,1,39,2,38,1,True,1.0,1.0,0.0
grid_k20_N4,grid,400,1520,4,top1,peel-exact,0.0,19,380,0.000119231,1,1,39,2,38,1,True,1.0,1.0,0.0
grid_k20_N4,grid,400,1520,4,top1,peel-exact,0.0,0,380,0.000115988,1,1,30,2,29,1,True,1.0,1.0,0.0
grid_k20_N4,grid,400,1520,4,top1,peel-rapex,0.0,0,399,0.000200304,1,1,39,2,38,1,True,1.0,1.0,0.0
grid_k20_N4,grid,400,1520,4,top1,peel-rapex,0.0,19,380,0.000149118,1,1,39,2,38,1,True,1.0,1.0,0.0
grid_k20_N4,grid,400,1520,4,top1,peel-rapex,0.0,0,380,0.000145494,1,1,30,2,29,1,True,1.0,1.0,0.0
grid_k20_N4,grid,400,1520,4,top1,rapex-nodr,0.01,0,399,7.4951e-05,1,1,39,0,0,0,True,1.0,1.0,0.0
grid_k20_N4,grid,400,1520,4,top1,rapex-nodr,0.01,19,380,4.4079e-05,1,1,39,0,0,0,True,1.0,1.0,0.0
grid_k20_N4,grid,400,1520,4,top1,rapex-nodr,0.01,0,380,3.7706e-05,1,1,30,0,0,0,True,1.0,1.0,0.0
grid_k20_N4,grid,400,1520,4,top1,rapex,0.01,0,399,7.1416e-05,1,1,39,0,0,0,True,1.0,1.0,0.0
grid_k20_N4,grid,400,1520,4,top1,rapex,0.01,19,380,4.7354e-05,1,1,39,0,0,0,True,1.0,1.0,0.0
grid_k20_N4,grid,400,1520,4,top1,rapex,0.01,0,380,3.9508e-05,1,1,30,0,0,0,True,1.0,1.0,0.0
grid_k20_N4,grid,400,1520,4,top1,peel-rapex,0.01,0,399,0.00017156,1,1,39,2,38,1,True,1.0,1.0,0.0
grid_k20_N4,grid,400,1520,4,top1,peel-rapex,0.01,19,380,0.000156708,1,1,39,2,38,1,True,1.0,1.0,0.0
grid_k20_N4,grid,400,1520,4,top1,peel-rapex,0.01,0,380,0.000146864,1,1,30,2,29,1,True,1.0,1.0,0.0
grid_k25_N4,grid,625,2400,4,chain2top,exact,0.0,0,624,0.000325851,1,1,625,0,0,0,True,1.0,1.0,0.0
grid_k25_N4,grid,625,2400,4,chain2top,exact,0.0,24,600,0.000346748,1,1,624,0,0,0,True,1.0,1.0,0.0
grid_k25_N4,grid,625,2400,4,chain2top,exact,0.0,0,600,0.000294881,1,1,562,0,0,0,True,1.0,1.0,0.0
grid_k25_N4,grid,625,2400,4,chain2top,rapex-nodr,0.0,0,624,9.3773e-05,1,1,51,0,0,0,True,1.0,1.0,0.0
grid_k25_N4,grid,625,2400,4,chain2top,rapex-nodr,0.0,24,600,8.9839e-05,1,1,53,0,0,0,True,1.0,1.0,0.0
grid_k25_N4,grid,625,2400,4,chain2top,rapex-nodr,0.0,0,600,5.7356e-05,1,1,41,0,0,0,True,1.0,1.0,0.0
grid_k25_N4,grid,625,2400,4,chain2top,rapex,0.0,0,624,9.5268e-05,1,1,51,0,0,0,True,1.0,1.0,0.0
grid_k25_N4,grid,625,2400,4,chain2top,rapex,0.0,24,600,6.5841e-05,1,1,53,0,0,0,True,1.0,1.0,0.0
grid_k25_N4,grid,625,2400,4,chain2top,rapex,0.0,0,600,5.4852e-05,1,1,41,0,0,0,True,1.0,1.0,0.0
grid_k25_N4,grid,625,2400,4,chain2top,topolex,0.0,0,624,0.000198808,1,1,0,12,0,0,True,1.0,1.0,0.0
grid_k25_N4,grid,625,2400,4,chain2top,topolex,0.0,24,600,0.000192706,1,1,0,12,0,0,True,1.0,1.0,0.0
grid_k25_N4,grid,625,2400,4,chain2top,topolex,0.0,0,600,0.000181154,1,1,0,12,0,0,True,1.0,1.0,0.0
grid_k25_N4,grid,625,2400,4,chain2top,peel-only,0.0,0,624,0.000220249,0,1,0,4,50,2,True,0.0,0.0,inf
grid_k25_N4,grid,625,2400,4,chain2top,peel-only,0.0,24,600,0.000173932,0,1,0,4,52,2,True,0.0,0.0,inf
grid_k25_N4,grid,625,2400,4,chain2top,peel-only,0.0,0,600,0.000180329,0,1,0,4,40,2,True,0.0,0.0,inf
grid_k25_N4,grid,625,2400,4,chain2top,peel-exact,0.0,0,624,0.000229148,1,1,51,4,50,2,True,1.0,1.0,0.0
grid_k25_N4,grid,625,2400,4,chain2top,peel-exact,0.0,24,600,0.000197974,1,1,53,4,52,2,True,1.0,1.0,0.0
grid_k25_N4,grid,625,2400,4,chain2top,peel-exact,0.0,0,600,0.00019402,1,1,41,4,40,2,True,1.0,1.0,0.0
grid_k25_N4,grid,625,2400,4,chain2top,peel-rapex,0.0,0,624,0.000290674,1,1,51,4,50,2,True,1.0,1.0,0.0
grid_k25_N4,grid,625,2400,4,chain2top,peel-rapex,0.0,24,600,0.00024496,1,1,53,4,52,2,True,1.0,1.0,0.0
grid_k25_N4,grid,625,2400,4,chain2top,peel-rapex,0.0,0,600,0.00025319,1,1,41,4,40,2,True,1.0,1.0,0.0
grid_k25_N4,grid,625,2400,4,chain2top,rapex-nodr,0.01,0,624,8.6361e-05,1,1,51,0,0,0,True,1.0,1.0,0.0
grid_k25_N4,grid,625,2400,4,chain2top,rapex-nodr,0.01,24,600,6.6061e-05,1,1,53,0,0,0,True,1.0,1.0,0.0
grid_k25_N4,grid,625,2400,4,chain2top,rapex-nodr,0.01,0,600,7.0643e-05,1,1,41,0,0,0,False,0.0,0.0,0.009708737864077666
grid_k25_N4,grid,625,2400,4,chain2top,rapex,0.01,0,624,9.8583e-05,1,1,51,0,0,0,True,1.0,1.0,0.0
grid_k25_N4,grid,625,2400,4,chain2top,rapex,0.01,24,600,7.0135e-05,1,1,53,0,0,0,True,1.0,1.0,0.0
grid_k25_N4,grid,625,2400,4,chain2top,rapex,0.01,0,600,5.9577e-05,1,1,41,0,0,0,False,0.0,0.0,0.009708737864077666
grid_k25_N4,grid,625,2400,4,chain2top,peel-rapex,0.01,0,624,0.000287613,1,1,51,4,50,2,True,1.0,1.0,0.0
grid_k25_N4,grid,625,2400,4,chain2top,peel-rapex,0.01,24,600,0.000253244,1,1,53,4,52,2,True,1.0,1.0,0.0
grid_k25_N4,grid,625,2400,4,chain2top,peel-rapex,0.01,0,600,0.000228178,1,1,41,4,40,2,True,1.0,1.0,0.0
grid_k25_N4,grid,625,2400,4,chain4,exact,0.0,0,624,0.000326824,1,1,625,0,0,0,True,1.0,1.0,0.0
grid_k25_N4,grid,625,2400,4,chain4,exact,0.0,24,600,0.000334617,1,1,624,0,0,0,True,1.0,1.0,0.0
grid_k25_N4,grid,625,2400,4,chain4,exact,0.0,0,600,0.000301328,1,1,562,0,0,0,True,1.0,1.0,0.0
grid_k25_N4,grid,625,2400,4,chain4,rapex-nodr,0.0,0,624,8.7022e-05,1,1,51,0,0,0,True,1.0,1.0,0.0
grid_k25_N4,grid,625,2400,4,chain4,rapex-nodr,0.0,24,600,6.2769e-05,1,1,53,0,0,0,True,1.0,1.0,0.0
grid_k25_N4,grid,625,2400,4,chain4,rapex-nodr,0.0,0,600,5.2228e-05,1,1,41,0,0,0,True,1.0,1.0,0.0
grid_k25_N4,grid,625,2400,4,chain4,rapex,0.0,0,624,9.4458e-05,1,1,51,0,0,0,True,1.0,1.0,0.0
grid_k25_N4,grid,625,2400,4,chain4,rapex,0.0,24,600,8.7683e-05,1,1,53,0,0,0,True,1.0,1.0,0.0
grid_k25_N4,grid,625,2400,4,chain4,rapex,0.0,0,600,5.4446e-05,1,1,41,0,0,0,True,1.0,1.0,0.0
grid_k25_N4,grid,625,2400,4,chain4,topolex,0.0,0,624,0.000193518,1,1,0,8,0,0,True,1.0,1.0,0.0
grid_k25_N4,grid,625,2400,4,chain4,topolex,0.0,24,600,0.000184637,1,1,0,8,0,0,True,1.0,1.0,0.0
grid_k25_N4,grid,625,2400,4,chain4,topolex,0.0,0,600,0.000178853,1,1,0,8,0,0,True,1.0,1.0,0.0
grid_k25_N4,grid,625,2400,4,chain4,peel-only,0.0,0,624,0.000215638,1,1,0,12,50,4,True,1.0,1.0,0.0
grid_k25_N4,grid,625,2400,4,chain4,peel-only,0.0,24,600,0.000207437,1,1,0,12,52,4,True,1.0,1.0,0.0
grid_k25_N4,grid,625,2400,4,chain4,peel-only,0.0,0,600,0.000197689,1,1,0,12,40,4,True,1.0,1.0,0.0
grid_k25_N4,grid,625,2400,4,chain4,peel-exact,0.0,0,624,0.000211338,1,1,0,12,50,4,True,1.0,1.0,0.0
grid_k25_N4,grid,625,2400,4,chain4,peel-exact,0.0,24,600,0.000205403,1,1,0,12,52,4,True,1.0,1.0,0.0
grid_k25_N4,grid,625,2400,4,chain4,peel-exact,0.0,0,600,0.000197087,1,1,0,12,40,4,True,1.0,1.0,0.0
grid_k25_N4,grid,625,2400,4,chain4,peel-rapex,0.0,0,624,0.000217467,1,1,0,12,50,4,True,1.0,1.0,0.0
grid_k25_N4,grid,625,2400,4,chain4,peel-rapex,0.0,24,600,0.000212224,1,1,0,12,52,4,True,1.0,1.0,0.0
grid_k25_N4,grid,625,2400,4,chain4,peel-rapex,0.0,0,600,0.000226017,1,1,0,12,40,4,True,1.0,1.0,0.0
grid_k25_N4,grid,625,2400,4,chain4,rapex-nodr,0.01,0,624,0.000105444,1,1,51,0,0,0,True,1.0,1.0,0.0
grid_k25_N4,grid,625,2400,4,chain4,rapex-nodr,0.01,24,600,7.2062e-05,1,1,53,0,0,0,True,1.0,1.0,0.0
grid_k25_N4,grid,625,2400,4,chain4,rapex-nodr,0.01,0,600,5.2006e-05,1,1,41,0,0,0,False,0.0,0.0,0.009708737864077666
grid_k25_N4,grid,625,2400,4,chain4,rapex,0.01,0,624,9.6859e-05,1,1,51,0,0,0,True,1.0,1.0,0.0
grid_k25_N4,grid,625,2400,4,chain4,rapex,0.01,24,600,0.000107857,1,1,53,0,0,0,True,1.0,1.0,0.0
grid_k25_N4,grid,625,2400,4,chain4,rapex,0.01,0,600,6.2823e-05,1,1,41,0,0,0,False,0.0,0.0,0.009708737864077666
grid_k25_N4,grid,625,2400,4,chain4,peel-rapex,0.01,0,624,0.000204242,1,1,0,12,50,4,True,1.0,1.0,0.0
grid_k25_N4,grid,625,2400,4,chain4,peel-rapex,0.01,24,600,0.000200423,1,1,0,12,52,4,True,1.0,1.0,0.0
grid_k25_N4,grid,625,2400,4,chain4,peel-rapex,0.01,0,600,0.000212383,1,1,0,12,40,4,True,1.0,1.0,0.0
grid_k25_N4,grid,625,2400,4,diamond4,exact,0.0,0,624,0.059618008,82,82,17432,0,0,0,True,1.0,1.0,0.0
grid_k25_N4,grid,625,2400,4,diamond4,exact,0.0,24,600,0.085820051,101,101,20997,0,0,0,True,1.0,1.0,0.0
grid_k25_N4,grid,625,2400,4,diamond4,exact,0.0,0,600,0.02356545,17,17,10679,0,0,0,True,1.0,1.0,0.0
grid_k25_N4,grid,625,2400,4,diamond4,rapex-nodr,0.0,0,624,0.052761688,82,82,6881,0,0,0,True,1.0,1.0,0.0
grid_k25_N4,grid,625,2400,4,diamond4,rapex-nodr,0.0,24,600,0.112977414,101,101,11182,0,0,0,True,1.0,1.0,0.0
grid_k25_N4,grid,625,2400,4,diamond4,rapex-nodr,0.0,0,600,0.001257852,17,17,602,0,0,0,True,1.0,1.0,0.0
grid_k25_N4,grid,625,2400,4,diamond4,rapex,0.0,0,624,0.044737305,82,82,6881,0,0,0,True,1.0,1.0,0.0
grid_k25_N4,grid,625,2400,4,diamond4,rapex,0.0,24,600,0.089815862,101,101,11182,0,0,0,True,1.0,1.0,0.0
grid_k25_N4,grid,625,2400,4,diamond4,rapex,0.0,0,600,0.001332341,17,17,602,0,0,0,True,1.0,1.0,0.0
grid_k25_N4,grid,625,2400,4,diamond4,topolex,0.0,0,624,0.000387284,2,82,0,24,0,0,True,0.024390243902439025,0.024390243902439025,0.5701917130488559
grid_k25_N4,grid,625,2400,4,diamond4,topolex,0.0,24,600,0.000428887,2,101,0,24,0,0,True,0.019801980198019802,0.019801980198019802,0.5732522796352584
grid_k25_N4,grid,625,2400,4,diamond4,topolex,0.0,0,600,0.000364148,2,17,0,24,0,0,True,0.11764705882352941,0.11764705882352941,0.26415094339622636
grid_k25_N4,grid,625,2400,4,diamond4,peel-only,0.0,0,624,3.502e-06,0,82,0,0,2400,0,True,0.0,0.0,inf
grid_k25_N4,grid,625,2400,4,diamond4,peel-only,0.0,24,600,2.82e-06,0,101,0,0,2400,0,True,0.0,0.0,inf
grid_k25_N4,grid,625,2400,4,diamond4,peel-only,0.0,0,600,1.596e-06,0,17,0,0,2400,0,True,0.0,0.0,inf
grid_k25_N4,grid,625,2400,4,diamond4,peel-exact,0.0,0,624,0.060697006,82,82,17432,0,2400,0,True,1.0,1.0,0.0
grid_k25_N4,grid,625,2400,4,diamond4,peel-exact,0.0,24,600,0.084643424,101,101,20997,0,2400,0,True,1.0,1.0,0.0
grid_k25_N4,grid,625,2400,4,diamond4,peel-exact,0.0,0,600,0.022984692,17,17,10679,0,2400,0,True,1.0,1.0,0.0
grid_k25_N4,grid,625,2400,4,diamond4,peel-rapex,0.0,0,624,0.049213285,82,82,6881,0,2400,0,True,1.0,1.0,0.0
grid_k25_N4,grid,625,2400,4,diamond4,peel-rapex,0.0,24,600,0.096169719,101,101,11182,0,2400,0,True,1.0,1.0,0.0
grid_k25_N4,grid,625,2400,4,diamond4,peel-rapex,0.0,0,600,0.001904163,17,17,602,0,2400,0,True,1.0,1.0,0.0
grid_k25_N4,grid,625,2400,4,diamond4,rapex-nodr,0.01,0,624,0.026021483,46,82,5219,0,0,0,False,0.47560975609756095,0.47560975609756095,0.007477906186267758
grid_k25_N4,grid,625,2400,4,diamond4,rapex-nodr,0.01,24,600,0.040706433,47,101,7618,0,0,0,False,0.40594059405940597,0.40594059405940597,0.009530791788856297
grid_k25_N4,grid,625,2400,4,diamond4,rapex-nodr,0.01,0,600,0.000686132,10,17,446,0,0,0,True,0.5882352941176471,0.5882352941176471,0.009708737864077666
grid_k25_N4,grid,625,2400,4,diamond4,rapex,0.01,0,624,0.019974361,43,82,4689,0,0,0,False,0.45121951219512196,0.45121951219512196,0.007477906186267758
grid_k25_N4,grid,625,2400,4,diamond4,rapex,0.01,24,600,0.029990229,45,101,6574,0,0,0,False,0.37623762376237624,0.37623762376237624,0.009530791788856297
grid_k25_N4,grid,625,2400,4,diamond4,rapex,0.01,0,600,0.000782618,10,17,447,0,0,0,True,0.5882352941176471,0.5882352941176471,0.009708737864077666
grid_k25_N4,grid,625,2400,4,diamond4,peel-rapex,0.01,0,624,0.019857587,43,82,4689,0,2400,0,False,0.45121951219512196,0.45121951219512196,0.007477906186267758
grid_k25_N4,grid,625,2400,4,diamond4,peel-rapex,0.01,24,600,0.032391313,45,101,6574,0,2400,0,False,0.37623762376237624,0.37623762376237624,0.009530791788856297
grid_k25_N4,grid,625,2400,4,diamond4,peel-rapex,0.01,0,600,0.001273468,10,17,447,0,2400,0,True,0.5882352941176471,0.5882352941176471,0.009708737864077666
grid_k25_N4,grid,625,2400,4,top1,exact,0.0,0,624,0.000319053,1,1,625,0,0,0,True,1.0,1.0,0.0
grid_k25_N4,grid,625,2400,4,top1,exact,0.0,24,600,0.000313575,1,1,630,0,0,0,True,1.0,1.0,0.0
grid_k25_N4,grid,625,2400,4,top1,exact,0.0,0,600,0.000308403,1,1,562,0,0,0,True,1.0,1.0,0.0
grid_k25_N4,grid,625,2400,4,top1,rapex-nodr,0.0,0,624,0.000105578,1,1,51,0,0,0,True,1.0,1.0,0.0
grid_k25_N4,grid,625,2400,4,top1,rapex-nodr,0.0,24,600,6.3521e-05,1,1,53,0,0,0,True,1.0,1.0,0.0
grid_k25_N4,grid,625,2400,4,top1,rapex-nodr,0.0,0,600,5.1489e-05,1,1,41,0,0,0,True,1.0,1.0,0.0
grid_k25_N4,grid,625,2400,4,top1,rapex,0.0,0,624,9.6036e-05,1,1,51,0,0,0,True,1.0,1.0,0.0
grid_k25_N4,grid,625,2400,4,top1,rapex,0.0,24,600,7.3167e-05,1,1,53,0,0,0,True,1.0,1.0,0.0
grid_k25_N4,grid,625,2400,4,top1,rapex,0.0,0,600,5.6882e-05,1,1,41,0,0,0,True,1.0,1.0,0.0
grid_k25_N4,grid,625,2400,4,top1,topolex,0.0,0,624,0.00024739,1,1,0,32,0,0,True,1.0,1.0,0.0
grid_k25_N4,grid,625,2400,4,top1,topolex,0.0,24,600,0.000249252,1,1,0,32,0,0,True,1.0,1.0,0.0
grid_k25_N4,grid,625,2400,4,top1,topolex,0.0,0,600,0.000233418,1,1,0,32,0,0,True,1.0,1.0,0.0
grid_k25_N4,grid,625,2400,4,top1,peel-only,0.0,0,624,0.000173102,0,1,0,2,50,1,True,0.0,0.0,inf
grid_k25_N4,grid,625,2400,4,top1,peel-only,0.0,24,600,0.000167133,0,1,0,2,52,1,True,0.0,0.0,inf
grid_k25_N4,grid,625,2400,4,top1,peel-only,0.0,0,600,0.000165477,0,1,0,2,40,1,True,0.0,0.0,inf
grid_k25_N4,grid,625,2400,4,top1,peel-exact,0.0,0,624,0.000277188,1,1,51,2,50,1,True,1.0,1.0,0.0
grid_k25_N4,grid,625,2400,4,top1,peel-exact,0.0,24,600,0.000185329,1,1,53,2,52,1,True,1.0,1.0,0.0
grid_k25_N4,grid,625,2400,4,top1,peel-exact,0.0,0,600,0.000171131,1,1,41,2,40,1,True,1.0,1.0,0.0
grid_k25_N4,grid,625,2400,4,top1,peel-rapex,0.0,0,624,0.000262553,1,1,51,2,50,1,True,1.0,1.0,0.0
grid_k25_N4,grid,625,2400,4,top1,peel-rapex,0.0,24,600,0.000227718,1,1,53,2,52,1,True,1.0,1.0,0.0
grid_k25_N4,grid,625,2400,4,top1,peel-rapex,0.0,0,600,0.000229802,1,1,41,2,40,1,True,1.0,1.0,0.0
grid_k25_N4,grid,625,2400,4,top1,rapex-nodr,0.01,0,624,8.7988e-05,1,1,51,0,0,0,True,1.0,1.0,0.0
grid_k25_N4,grid,625,2400,4,top1,rapex-nodr,0.01,24,600,6.3958e-05,1,1,53,0,0,0,True,1.0,1.0,0.0
grid_k25_N4,grid,625,2400,4,top1,rapex-nodr,0.01,0,600,5.1981e-05,1,1,41,0,0,0,False,0.0,0.0,0.009708737864077666
grid_k25_N4,grid,625,2400,4,top1,rapex,0.01,0,624,9.1775e-05,1,1,51,0,0,0,True,1.0,1.0,0.0
grid_k25_N4,grid,625,2400,4,top1,rapex,0.01,24,600,7.1605e-05,1,1,53,0,0,0,True,1.0,1.0,0.0
grid_k25_N4,grid,625,2400,4,top1,rapex,0.01,0,600,5.7178e-05,1,1,42,0,0,0,False,0.0,0.0,0.009708737864077666
grid_k25_N4,grid,625,2400,4,top1,peel-rapex,0.01,0,624,0.000250417,1,1,51,2,50,1,True,1.0,1.0,0.0
grid_k25_N4,grid,625,2400,4,top1,peel-rapex,0.01,24,600,0.000240979,1,1,53,2,52,1,True,1.0,1.0,0.0
grid_k25_N4,grid,625,2400,4,top1,peel-rapex,0.01,0,600,0.000216039,1,1,41,2,40,1,True,1.0,1.0,0.0
grid_k30_N4,grid,900,3480,4,chain2top,exact,0.0,0,899,0.000450996,1,1,894,0,0,0,True,1.0,1.0,0.0
grid_k30_N4,grid,900,3480,4,chain2top,exact,0.0,29,870,0.000455483,1,1,900,0,0,0,True,1.0,1.0,0.0
grid_k30_N4,grid,900,3480,4,chain2top,exact,0.0,0,870,0.000388587,1,1,757,0,0,0,True,1.0,1.0,0.0
grid_k30_N4,grid,900,3480,4,chain2top,rapex-nodr,0.0,0,899,0.000126256,1,1,61,0,0,0,True,1.0,1.0,0.0
grid_k30_N4,grid,900,3480,4,chain2top,rapex-nodr,0.0,29,870,6.7806e-05,1,1,59,0,0,0,True,1.0,1.0,0.0
grid_k30_N4,grid,900,3480,4,chain2top,rapex-nodr,0.0,0,870,4.4025e-05,1,1,34,0,0,0,True,1.0,1.0,0.0
grid_k30_N4,grid,900,3480,4,chain2top,rapex,0.0,0,899,0.000131046,1,1,61,0,0,0,True,1.0,1.0,0.0
grid_k30_N4,grid,900,3480,4,chain2top,rapex,0.0,29,870,7.2239e-05,1,1,59,0,0,0,True,1.0,1.0,0.0
grid_k30_N4,grid,900,3480,4,chain2top,rapex,0.0,0,870,4.4511e-05,1,1,34,0,0,0,True,1.0,1.0,0.0
grid_k30_N4,grid,900,3480,4,chain2top,topolex,0.0,0,899,0.000297123,1,1,0,12,0,0,True,1.0,1.0,0.0
grid_k30_N4,grid,900,3480,4,chain2top,topolex,0.0,29,870,0.000268938,1,1,0,12,0,0,True,1.0,1.0,0.0
grid_k30_N4,grid,900,3480,4,chain2top,topolex,0.0,0,870,0.000242208,1,1,0,12,0,0,True,1.0,1.0,0.0
grid_k30_N4,grid,900,3480,4,chain2top,peel-only,0.0,0,899,0.00024891,0,1,0,4,60,2,True,0.0,0.0,inf
grid_k30_N4,grid,900,3480,4,chain2top,peel-only,0.0,29,870,0.000245273,0,1,0,4,58,2,True,0.0,0.0,inf
grid_k30_N4,grid,900,3480,4,chain2top,peel-only,0.0,0,870,0.000235096,0,1,0,4,33,2,True,0.0,0.0,inf
grid_k30_N4,grid,900,3480,4,chain2top,peel-exact,0.0,0,899,0.000278343,1,1,61,4,60,2,True,1.0,1.0,0.0
grid_k30_N4,grid,900,3480,4,chain2top,peel-exact,0.0,29,870,0.000262278,1,1,59,4,58,2,True,1.0,1.0,0.0
grid_k30_N4,grid,900,3480,4,chain2top,peel-exact,0.0,0,870,0.000258998,1,1,34,4,33,2,True,1.0,1.0,0.0
grid_k30_N4,grid,900,3480,4,chain2top,peel-rapex,0.0,0,899,0.000380041,1,1,61,4,60,2,True,1.0,1.0,0.0
grid_k30_N4,grid,900,3480,4,chain2top,peel-rapex,0.0,29,870,0.000315145,1,1,59,4,58,2,True,1.0,1.0,0.0
grid_k30_N4,grid,900,3480,4,chain2top,peel-rapex,0.0,0,870,0.000311881,1,1,34,4,33,2,True,1.0,1.0,0.0
grid_k30_N4,grid,900,3480,4,chain2top,rapex-nodr,0.01,0,899,0.000113298,1,1,61,0,0,0,True,1.0,1.0,0.0
grid_k30_N4,grid,900,3480,4,chain2top,rapex-nodr,0.01,29,870,0.000125533,1,1,59,0,0,0,True,1.0,1.0,0.0
grid_k30_N4,grid,900,3480,4,chain2top,rapex-nodr,0.01,0,870,4.303e-05,1,1,34,0,0,0,True,1.0,1.0,0.0
grid_k30_N4,grid,900,3480,4,chain2top,rapex,0.01,0,899,0.000115206,1,1,62,0,0,0,True,1.0,1.0,0.0
grid_k30_N4,grid,900,3480,4,chain2top,rapex,0.01,29,870,7.3034e-05,1,1,59,0,0,0,True,1.0,1.0,0.0
grid_k30_N4,grid,900,3480,4,chain2top,rapex,0.01,0,870,4.5377e-05,1,1,34,0,0,0,True,1.0,1.0,0.0
grid_k30_N4,grid,900,3480,4,chain2top,peel-rapex,0.01,0,899,0.000394906,1,1,61,4,60,2,True,1.0,1.0,0.0
grid_k30_N4,grid,900,3480,4,chain2top,peel-rapex,0.01,29,870,0.000329456,1,1,59,4,58,2,True,1.0,1.0,0.0
grid_k30_N4,grid,900,3480,4,chain2top,peel-rapex,0.01,0,870,0.00029438,1,1,34,4,33,2,True,1.0,1.0,0.0
grid_k30_N4,grid,900,3480,4,chain4,exact,0.0,0,899,0.000495294,1,1,894,0,0,0,True,1.0,1.0,0.0
grid_k30_N4,grid,900,3480,4,chain4,exact,0.0,29,870,0.000455897,1,1,900,0,0,0,True,1.0,1.0,0.0
grid_k30_N4,grid,900,3480,4,chain4,exact,0.0,0,870,0.00041197,1,1,757,0,0,0,True,1.0,1.0,0.0
grid_k30_N4,grid,900,3480,4,chain4,rapex-nodr,0.0,0,899,0.000104163,1,1,61,0,0,0,True,1.0,1.0,0.0
grid_k30_N4,grid,900,3480,4,chain4,rapex-nodr,0.0,29,870,6.9111e-05,1,1,59,0,0,0,True,1.0,1.0,0.0
grid_k30_N4,grid,900,3480,4,chain4,rapex-nodr,0.0,0,870,4.2542e-05,1,1,34,0,0,0,True,1.0,1.0,0.0
grid_k30_N4,grid,900,3480,4,chain4,rapex,0.0,0,899,0.000115326,1,1,61,0,0,0,True,1.0,1.0,0.0
grid_k30_N4,grid,900,3480,4,chain4,rapex,0.0,29,870,7.205e-05,1,1,59,0,0,0,True,1.0,1.0,0.0
grid_k30_N4,grid,900,3480,4,chain4,rapex,0.0,0,870,4.4643e-05,1,1,34,0,0,0,True,1.0,1.0,0.0
grid_k30_N4,grid,900,3480,4,chain4,topolex,0.0,0,899,0.000263203,1,1,0,8,0,0,True,1.0,1.0,0.0
grid_k30_N4,grid,900,3480,4,chain4,topolex,0.0,29,870,0.000264717,1,1,0,8,0,0,True,1.0,1.0,0.0
grid_k30_N4,grid,900,3480,4,chain4,topolex,0.0,0,870,0.000232315,1,1,0,8,0,0,True,1.0,1.0,0.0
grid_k30_N4,grid,900,3480,4,chain4,peel-only,0.0,0,899,0.000281523,1,1,0,12,60,4,True,1.0,1.0,0.0
grid_k30_N4,grid,900,3480,4,chain4,peel-only,0.0,29,870,0.000270795,1,1,0,12,58,4,True,1.0,1.0,0.0
grid_k30_N4,grid,900,3480,4,chain4,peel-only,0.0,0,870,0.000262152,1,1,0,12,33,4,True,1.0,1.0,0.0
grid_k30_N4,grid,900,3480,4,chain4,peel-exact,0.0,0,899,0.000284705,1,1,0,12,60,4,True,1.0,1.0,0.0
grid_k30_N4,grid,900,3480,4,chain4,peel-exact,0.0,29,870,0.000270164,1,1,0,12,58,4,True,1.0,1.0,0.0
grid_k30_N4,grid,900,3480,4,chain4,peel-exact,0.0,0,870,0.000243882,1,1,0,12,33,4,True,1.0,1.0,0.0
grid_k30_N4,grid,900,3480,4,chain4,peel-rapex,0.0,0,899,0.000292214,1,1,0,12,60,4,True,1.0,1.0,0.0
grid_k30_N4,grid,900,3480,4,chain4,peel-rapex,0.0,29,870,0.000272555,1,1,0,12,58,4,True,1.0,1.0,0.0
grid_k30_N4,grid,900,3480,4,chain4,peel-rapex,0.0,0,870,0.00025423,1,1,0,12,33,4,True,1.0,1.0,0.0
grid_k30_N4,grid,900,3480,4,chain4,rapex-nodr,0.01,0,899,0.000192535,1,1,61,0,0,0,True,1.0,1.0,0.0
grid_k30_N4,grid,900,3480,4,chain4,rapex-nodr,0.01,29,870,6.9121e-05,1,1,59,0,0,0,True,1.0,1.0,0.0
grid_k30_N4,grid,900,3480,4,chain4,rapex-nodr,0.01,0,870,4.2297e-05,1,1,34,0,0,0,True,1.0,1.0,0.0
grid_k30_N4,grid,900,3480,4,chain4,rapex,0.01,0,899,0.00012791,1,1,62,0,0,0,True,1.0,1.0,0.0
grid_k30_N4,grid,900,3480,4,chain4,rapex,0.01,29,870,0.000112369,1,1,59,0,0,0,True,1.0,1.0,0.0
grid_k30_N4,grid,900,3480,4,chain4,rapex,0.01,0,870,4.4771e-05,1,1,34,0,0,0,True,1.0,1.0,0.0
grid_k30_N4,grid,900,3480,4,chain4,peel-rapex,0.01,0,899,0.000299979,1,1,0,12,60,4,True,1.0,1.0,0.0
grid_k30_N4,grid,900,3480,4,chain4,peel-rapex,0.01,29,870,0.000311369,1,1,0,12,58,4,True,1.0,1.0,0.0
grid_k30_N4,grid,900,3480,4,chain4,peel-rapex,0.01,0,870,0.000258656,1,1,0,12,33,4,True,1.0,1.0,0.0
grid_k30_N4,grid,900,3480,4,diamond4,exact,0.0,0,899,0.137800058,95,95,32817,0,0,0,True,1.0,1.0,0.0
grid_k30_N4,grid,900,3480,4,diamond4,exact,0.0,29,870,0.143714138,100,100,36253,0,0,0,True,1.0,1.0,0.0
grid_k30_N4,grid,900,3480,4,diamond4,exact,0.0,0,870,0.02998069,16,16,14670,0,0,0,True,1.0,1.0,0.0
grid_k30_N4,grid,900,3480,4,diamond4,rapex-nodr,0.0,0,899,0.068082419,95,95,9036,0,0,0,True,1.0,1.0,0.0
grid_k30_N4,grid,900,3480,4,diamond4,rapex-nodr,0.0,29,870,0.174804662,100,100,17052,0,0,0,True,1.0,1.0,0.0
grid_k30_N4,grid,900,3480,4,diamond4,rapex-nodr,0.0,0,870,0.000860744,16,16,459,0,0,0,True,1.0,1.0,0.0
grid_k30_N4,grid,900,3480,4,diamond4,rapex,0.0,0,899,0.058123326,95,95,9036,0,0,0,True,1.0,1.0,0.0
grid_k30_N4,grid,900,3480,4,diamond4,rapex,0.0,29,870,0.135708899,100,100,17052,0,0,0,True,1.0,1.0,0.0
grid_k30_N4,grid,900,3480,4,diamond4,rapex,0.0,0,870,0.000900896,16,16,459,0,0,0,True,1.0,1.0,0.0
grid_k30_N4,grid,900,3480,4,diamond4,topolex,0.0,0,899,0.000563439,2,95,0,24,0,0,True,0.021052631578947368,0.021052631578947368,0.6576144834930777
grid_k30_N4,grid,900,3480,4,diamond4,topolex,0.0,29,870,0.00054856,2,100,0,24,0,0,True,0.02,0.02,0.5007235890014472
grid_k30_N4,grid,900,3480,4,diamond4,topolex,0.0,0,870,0.000496497,2,16,0,24,0,0,True,0.125,0.125,0.31031613976705485
grid_k30_N4,grid,900,3480,4,diamond4,peel-only,0.0,0,899,4.157e-06,0,95,0,0,3480,0,True,0.0,0.0,inf
grid_k30_N4,grid,900,3480,4,diamond4,peel-only,0.0,29,870,3.22e-06,0,100,0,0,3480,0,True,0.0,0.0,inf
grid_k30_N4,grid,900,3480,4,diamond4,peel-only,0.0,0,870,2.127e-06,0,16,0,0,3480,0,True,0.0,0.0,inf
grid_k30_N4,grid,900,3480,4,diamond4,peel-exact,0.0,0,899,0.143131975,95,95,32817,0,3480,0,True,1.0,1.0,0.0
grid_k30_N4,grid,900,3480,4,diamond4,peel-exact,0.0,29,870,0.181655744,100,100,36253,0,3480,0,True,1.0,1.0,0.0
grid_k30_N4,grid,900,3480,4,diamond4,peel-exact,0.0,0,870,0.032342295,16,16,14670,0,3480,0,True,1.0,1.0,0.0
grid_k30_N4,grid,900,3480,4,diamond4,peel-rapex,0.0,0,899,0.064322839,95,95,9036,0,3480,0,True,1.0,1.0,0.0
grid_k30_N4,grid,900,3480,4,diamond4,peel-rapex,0.0,29,870,0.150396244,100,100,17052,0,3480,0,True,1.0,1.0,0.0
grid_k30_N4,grid,900,3480,4,diamond4,peel-rapex,0.0,0,870,0.001572739,16,16,459,0,3480,0,True,1.0,1.0,0.0
grid_k30_N4,grid,900,3480,4,diamond4,rapex-nodr,0.01,0,899,0.039791213,61,95,7494,0,0,0,False,0.49473684210526314,0.49473684210526314,0.009345794392523255
grid_k30_N4,grid,900,3480,4,diamond4,rapex-nodr,0.01,29,870,0.055049577,48,100,10448,0,0,0,False,0.38,0.38,0.009708737864077666
grid_k30_N4,grid,900,3480,4,diamond4,rapex-nodr,0.01,0,870,0.000710891,12,16,452,0,0,0,True,0.75,0.75,0.009195402298850519
grid_k30_N4,grid,900,3480,4,diamond4,rapex,0.01,0,899,0.025285098,53,95,6145,0,0,0,False,0.47368421052631576,0.47368421052631576,0.009345794392523255
grid_k30_N4,grid,900,3480,4,diamond4,rapex,0.01,29,870,0.045099782,49,100,10059,0,0,0,False,0.38,0.38,0.009708737864077666
grid_k30_N4,grid,900,3480,4,diamond4,rapex,0.01,0,870,0.000710613,11,16,430,0,0,0,True,0.6875,0.6875,0.009195402298850519
grid_k30_N4,grid,900,3480,4,diamond4,peel-rapex,0.01,0,899,0.027474149,53,95,6145,0,3480,0,False,0.47368421052631576,0.47368421052631576,0.009345794392523255
grid_k30_N4,grid,900,3480,4,diamond4,peel-rapex,0.01,29,870,0.0480664,49,100,10059,0,3480,0,False,0.38,0.38,0.009708737864077666
grid_k30_N4,grid,900,3480,4,diamond4,peel-rapex,0.01,0,870,0.001214445,11,16,430,0,3480,0,True,0.6875,0.6875,0.009195402298850519
grid_k30_N4,grid,900,3480,4,top1,exact,0.0,0,899,0.000546076,1,1,894,0,0,0,True,1.0,1.0,0.0
grid_k30_N4,grid,900,3480,4,top1,exact,0.0,29,870,0.000466595,1,1,903,0,0,0,True,1.0,1.0,0.0
grid_k30_N4,grid,900,3480,4,top1,exact,0.0,0,870,0.000391701,1,1,757,0,0,0,True,1.0,1.0,0.0
grid_k30_N4,grid,900,3480,4,top1,rapex-nodr,0.0,0,899,0.000101072,1,1,61,0,0,0,True,1.0,1.0,0.0
grid_k30_N4,grid,900,3480,4,top1,rapex-nodr,0.0,29,870,6.6434e-05,1,1,59,0,0,0,True,1.0,1.0,0.0
grid_k30_N4,grid,900,3480,4,top1,rapex-nodr,0.0,0,870,4.8038e-05,1,1,34,0,0,0,True,1.0,1.0,0.0
grid_k30_N4,grid,900,3480,4,top1,rapex,0.0,0,899,0.000112871,1,1,61,0,0,0,True,1.0,1.0,0.0
grid_k30_N4,grid,900,3480,4,top1,rapex,0.0,29,870,7.4253e-05,1,1,59,0,0,0,True,1.0,1.0,0.0
grid_k30_N4,grid,900,3480,4,top1,rapex,0.0,0,870,4.4851e-05,1,1,34,0,0,0,True,1.0,1.0,0.0
grid_k30_N4,grid,900,3480,4,top1,topolex,0.0,0,899,0.000332089,1,1,0,32,0,0,True,1.0,1.0,0.0
grid_k30_N4,grid,900,3480,4,top1,topolex,0.0,29,870,0.000337445,1,1,0,32,0,0,True,1.0,1.0,0.0
grid_k30_N4,grid,900,3480,4,top1,topolex,0.0,0,870,0.000282097,1,1,0,32,0,0,True,1.0,1.0,0.0
grid_k30_N4,grid,900,3480,4,top1,peel-only,0.0,0,899,0.000293099,0,1,0,2,60,1,True,0.0,0.0,inf
grid_k30_N4,grid,900,3480,4,top1,peel-only,0.0,29,870,0.000224141,0,1,0,2,61,1,True,0.0,0.0,inf
grid_k30_N4,grid,900,3480,4,top1,peel-only,0.0,0,870,0.0002466,0,1,0,2,33,1,True,0.0,0.0,inf
grid_k30_N4,grid,900,3480,4,top1,peel-exact,0.0,0,899,0.000257788,1,1,61,2,60,1,True,1.0,1.0,0.0
grid_k30_N4,grid,900,3480,4,top1,peel-exact,0.0,29,870,0.000242594,1,1,61,2,61,1,True,1.0,1.0,0.0
grid_k30_N4,grid,900,3480,4,top1,peel-exact,0.0,0,870,0.000230746,1,1,34,2,33,1,True,1.0,1.0,0.0
grid_k30_N4,grid,900,3480,4,top1,peel-rapex,0.0,0,899,0.000379398,1,1,61,2,60,1,True,1.0,1.0,0.0
grid_k30_N4,grid,900,3480,4,top1,peel-rapex,0.0,29,870,0.000322887,1,1,59,2,61,1,True,1.0,1.0,0.0
grid_k30_N4,grid,900,3480,4,top1,peel-rapex,0.0,0,870,0.000296561,1,1,34,2,33,1,True,1.0,1.0,0.0
grid_k30_N4,grid,900,3480,4,top1,rapex-nodr,0.01,0,899,0.000136474,1,1,61,0,0,0,True,1.0,1.0,0.0
grid_k30_N4,grid,900,3480,4,top1,rapex-nodr,0.01,29,870,7.047e-05,1,1,59,0,0,0,True,1.0,1.0,0.0
grid_k30_N4,grid,900,3480,4,top1,rapex-nodr,0.01,0,870,4.1883e-05,1,1,34,0,0,0,True,1.0,1.0,0.0
grid_k30_N4,grid,900,3480,4,top1,rapex,0.01,0,899,0.000120958,1,1,62,0,0,0,True,1.0,1.0,0.0
grid_k30_N4,grid,900,3480,4,top1,rapex,0.01,29,870,7.5283e-05,1,1,59,0,0,0,True,1.0,1.0,0.0
grid_k30_N4,grid,900,3480,4,top1,rapex,0.01,0,870,4.5474e-05,1,1,34,0,0,0,True,1.0,1.0,0.0
grid_k30_N4,grid,900,3480,4,top1,peel-rapex,0.01,0,899,0.000349305,1,1,61,2,60,1,True,1.0,1.0,0.0
grid_k30_N4,grid,900,3480,4,top1,peel-rapex,0.01,29,870,0.000362989,1,1,59,2,61,1,True,1.0,1.0,0.0
grid_k30_N4,grid,900,3480,4,top1,peel-rapex,0.01,0,870,0.000293196,1,1,34,2,33,1,True,1.0,1.0,0.0
grid_k06_N3,grid,36,120,3,flat3,exact,0.0,0,35,0.000459043,35,35,261,0,0,0,True,1.0,1.0,0.0
grid_k06_N3,grid,36,120,3,flat3,exact,0.0,5,30,0.000331554,28,28,269,0,0,0,True,1.0,1.0,0.0
grid_k06_N3,grid,36,120,3,flat3,exact,0.0,0,30,0.000138659,4,4,114,0,0,0,True,1.0,1.0,0.0
grid_k06_N3,grid,36,120,3,flat3,rapex-nodr,0.0,0,35,0.0007132,35,35,188,0,0,0,True,1.0,1.0,0.0
grid_k06_N3,grid,36,120,3,flat3,rapex-nodr,0.0,5,30,0.00050839,28,28,173,0,0,0,True,1.0,1.0,0.0
grid_k06_N3,grid,36,120,3,flat3,rapex-nodr,0.0,0,30,2.136e-05,4,4,21,0,0,0,True,1.0,1.0,0.0
grid_k06_N3,grid,36,120,3,flat3,rapex,0.0,0,35,0.000745027,35,35,188,0,0,0,True,1.0,1.0,0.0
grid_k06_N3,grid,36,120,3,flat3,rapex,0.0,5,30,0.000534954,28,28,173,0,0,0,True,1.0,1.0,0.0
grid_k06_N3,grid,36,120,3,flat3,rapex,0.0,0,30,3.007e-05,4,4,21,0,0,0,True,1.0,1.0,0.0
grid_k06_N3,grid,36,120,3,flat3,topolex,0.0,0,35,3.7196e-05,3,35,0,30,0,0,True,0.08571428571428572,0.08571428571428572,0.5362776025236593
grid_k06_N3,grid,36,120,3,flat3,topolex,0.0,5,30,3.5025e-05,3,28,0,30,0,0,True,0.10714285714285714,0.10714285714285714,0.40140845070422526
grid_k06_N3,grid,36,120,3,flat3,topolex,0.0,0,30,2.4254e-05,2,4,0,30,0,0,True,0.5,0.5,0.26728110599078336
grid_k06_N3,grid,36,120,3,flat3,peel-only,0.0,0,35,2.324e-06,0,35,0,0,120,0,True,0.0,0.0,inf
grid_k06_N3,grid,36,120,3,flat3,peel-only,0.0,5,30,1.228e-06,0,28,0,0,120,0,True,0.0,0.0,inf
grid_k06_N3,grid,36,120,3,flat3,peel-only,0.0,0,30,5.49e-07,0,4,0,0,120,0,True,0.0,0.0,inf
grid_k06_N3,grid,36,120,3,flat3,peel-exact,0.0,0,35,0.000482192,35,35,261,0,120,0,True,1.0,1.0,0.0
grid_k06_N3,grid,36,120,3,flat3,peel-exact,0.0,5,30,0.000327844,28,28,269,0,120,0,True,1.0,1.0,0.0
grid_k06_N3,grid,36,120,3,flat3,peel-exact,0.0,0,30,0.000102153,4,4,114,0,120,0,True,1.0,1.0,0.0
grid_k06_N3,grid,36,120,3,flat3,peel-rapex,0.0,0,35,0.001121073,35,35,188,0,120,0,True,1.0,1.0,0.0
grid_k06_N3,grid,36,120,3,flat3,peel-rapex,0.0,5,30,0.000655335,28,28,173,0,120,0,True,1.0,1.0,0.0
grid_k06_N3,grid,36,120,3,flat3,peel-rapex,0.0,0,30,4.1586e-05,4,4,21,0,120,0,True,1.0,1.0,0.0
grid_k06_N3,grid,36,120,3,flat3,rapex-nodr,0.01,0,35,0.000530041,26,35,171,0,0,0,True,0.7428571428571429,0.7428571428571429,0.005449591280654031
grid_k06_N3,grid,36,120,3,flat3,rapex-nodr,0.01,5,30,0.000404016,24,28,161,0,0,0,True,0.8571428571428571,0.8571428571428571,0.005050505050504972
grid_k06_N3,grid,36,120,3,flat3,rapex-nodr,0.01,0,30,1.9405e-05,4,4,21,0,0,0,True,1.0,1.0,0.0
grid_k06_N3,grid,36,120,3,flat3,rapex,0.01,0,35,0.000615549,26,35,171,0,0,0,True,0.7428571428571429,0.7428571428571429,0.005449591280654031
grid_k06_N3,grid,36,120,3,flat3,rapex,0.01,5,30,0.00048903,24,28,161,0,0,0,True,0.8571428571428571,0.8571428571428571,0.005050505050504972
grid_k06_N3,grid,36,120,3,flat3,rapex,0.01,0,30,2.6937e-05,4,4,21,0,0,0,True,1.0,1.0,0.0
grid_k06_N3,grid,36,120,3,flat3,peel-rapex,0.01,0,35,0.000599375,26,35,171,0,120,0,True,0.7428571428571429,0.7428571428571429,0.005449591280654031
grid_k06_N3,grid,36,120,3,flat3,peel-rapex,0.01,5,30,0.000518387,24,28,161,0,120,0,True,0.8571428571428571,0.8571428571428571,0.005050505050504972
grid_k06_N3,grid,36,120,3,flat3,peel-rapex,0.01,0,30,3.8123e-05,4,4,21,0,120,0,True,1.0,1.0,0.0
grid_k06_N3,grid,36,120,3,top1x3,exact,0.0,0,35,1.7656e-05,1,1,34,0,0,0,True,1.0,1.0,0.0
grid_k06_N3,grid,36,120,3,top1x3,exact,0.0,5,30,1.6787e-05,1,1,36,0,0,0,True,1.0,1.0,0.0
grid_k06_N3,grid,36,120,3,top1x3,exact,0.0,0,30,1.5108e-05,1,1,36,0,0,0,True,1.0,1.0,0.0
grid_k06_N3,grid,36,120,3,top1x3,rapex-nodr,0.0,0,35,1.8019e-05,1,1,11,0,0,0,True,1.0,1.0,0.0
grid_k06_N3,grid,36,120,3,top1x3,rapex-nodr,0.0,5,30,1.0567e-05,1,1,11,0,0,0,True,1.0,1.0,0.0
grid_k06_N3,grid,36,120,3,top1x3,rapex-nodr,0.0,0,30,7.458e-06,1,1,8,0,0,0,True,1.0,1.0,0.0
grid_k06_N3,grid,36,120,3,top1x3,rapex,0.0,0,35,2.417e-05,1,1,11,0,0,0,True,1.0,1.0,0.0
grid_k06_N3,grid,36,120,3,top1x3,rapex,0.0,5,30,1.2596e-05,1,1,11,0,0,0,True,1.0,1.0,0.0
grid_k06_N3,grid,36,120,3,top1x3,rapex,0.0,0,30,7.8e-06,1,1,8,0,0,0,True,1.0,1.0,0.0
grid_k06_N3,grid,36,120,3,top1x3,topolex,0.0,0,35,1.5565e-05,1,1,0,10,0,0,True,1.0,1.0,0.0
grid_k06_N3,grid,36,120,3,top1x3,topolex,0.0,5,30,1.3493e-05,1,1,0,10,0,0,True,1.0,1.0,0.0
grid_k06_N3,grid,36,120,3,top1x3,topolex,0.0,0,30,8.023e-06,1,1,0,10,0,0,True,1.0,1.0,0.0
grid_k06_N3,grid,36,120,3,top1x3,peel-only,0.0,0,35,1.6498e-05,0,1,0,2,10,1,True,0.0,0.0,inf
grid_k06_N3,grid,36,120,3,top1x3,peel-only,0.0,5,30,1.5063e-05,0,1,0,2,10,1,True,0.0,0.0,inf
grid_k06_N3,grid,36,120,3,top1x3,peel-only,0.0,0,30,8.24e-06,0,1,0,2,7,1,True,0.0,0.0,inf
grid_k06_N3,grid,36,120,3,top1x3,peel-exact,0.0,0,35,1.8869e-05,1,1,11,2,10,1,True,1.0,1.0,0.0
grid_k06_N3,grid,36,120,3,top1x3,peel-exact,0.0,5,30,1.5243e-05,1,1,11,2,10,1,True,1.0,1.0,0.0
grid_k06_N3,grid,36,120,3,top1x3,peel-exact,0.0,0,30,8.567e-06,1,1,8,2,7,1,True,1.0,1.0,0.0
grid_k06_N3,grid,36,120,3,top1x3,peel-rapex,0.0,0,35,2.8055e-05,1,1,11,2,10,1,True,1.0,1.0,0.0
grid_k06_N3,grid,36,120,3,top1x3,peel-rapex,0.0,5,30,2.1488e-05,1,1,11,2,10,1,True,1.0,1.0,0.0
grid_k06_N3,grid,36,120,3,top1x3,peel-rapex,0.0,0,30,1.6424e-05,1,1,8,2,7,1,True,1.0,1.0,0.0
grid_k06_N3,grid,36,120,3,top1x3,rapex-nodr,0.01,0,35,1.803e-05,1,1,11,0,0,0,True,1.0,1.0,0.0
grid_k06_N3,grid,36,120,3,top1x3,rapex-nodr,0.01,5,30,1.1594e-05,1,1,11,0,0,0,True,1.0,1.0,0.0
grid_k06_N3,grid,36,120,3,top1x3,rapex-nodr,0.01,0,30,7.306e-06,1,1,8,0,0,0,True,1.0,1.0,0.0
grid_k06_N3,grid,36,120,3,top1x3,rapex,0.01,0,35,2.1749e-05,1,1,11,0,0,0,True,1.0,1.0,0.0
grid_k06_N3,grid,36,120,3,top1x3,rapex,0.01,5,30,1.2193e-05,1,1,11,0,0,0,True,1.0,1.0,0.0
grid_k06_N3,grid,36,120,3,top1x3,rapex,0.01,0,30,7.695e-06,1,1,8,0,0,0,True,1.0,1.0,0.0
grid_k06_N3,grid,36,120,3,top1x3,peel-rapex,0.01,0,35,7.3042e-05,1,1,11,2,10,1,True,1.0,1.0,0.0
grid_k06_N3,grid,36,120,3,top1x3,peel-rapex,0.01,5,30,2.2016e-05,1,1,11,2,10,1,True,1.0,1.0,0.0
grid_k06_N3,grid,36,120,3,top1x3,peel-rapex,0.01,0,30,1.3964e-05,1,1,8,2,7,1,True,1.0,1.0,0.0
grid_k08_N3,grid,64,224,3,flat3,exact,0.0,0,63,0.002777814,59,59,931,0,0,0,True,1.0,1.0,0.0
grid_k08_N3,grid,64,224,3,flat3,exact,0.0,7,56,0.002649432,55,55,919,0,0,0,True,1.0,1.0,0.0
grid_k08_N3,grid,64,224,3,flat3,exact,0.0,0,56,0.00056394,11,11,426,0,0,0,True,1.0,1.0,0.0
grid_k08_N3,grid,64,224,3,flat3,rapex-nodr,0.0,0,63,0.003292131,59,59,561,0,0,0,True,1.0,1.0,0.0
grid_k08_N3,grid,64,224,3,flat3,rapex-nodr,0.0,7,56,0.002636921,55,55,517,0,0,0,True,1.0,1.0,0.0
grid_k08_N3,grid,64,224,3,flat3,rapex-nodr,0.0,0,56,0.000128849,11,11,78,0,0,0,True,1.0,1.0,0.0
grid_k08_N3,grid,64,224,3,flat3,rapex,0.0,0,63,0.003326384,59,59,561,0,0,0,True,1.0,1.0,0.0
grid_k08_N3,grid,64,224,3,flat3,rapex,0.0,7,56,0.002988945,55,55,517,0,0,0,True,1.0,1.0,0.0
grid_k08_N3,grid,64,224,3,flat3,rapex,0.0,0,56,0.000147425,11,11,78,0,0,0,True,1.0,1.0,0.0
grid_k08_N3,grid,64,224,3,flat3,topolex,0.0,0,63,5.957e-05,3,59,0,30,0,0,True,0.05084745762711865,0.05084745762711865,0.5630081300813008
grid_k08_N3,grid,64,224,3,flat3,topolex,0.0,7,56,5.6975e-05,3,55,0,30,0,0,True,0.05454545454545454,0.05454545454545454,0.40417457305502835
grid_k08_N3,grid,64,224,3,flat3,topolex,0.0,0,56,4.8406e-05,3,11,0,30,0,0,True,0.2727272727272727,0.2727272727272727,0.6127659574468085
grid_k08_N3,grid,64,224,3,flat3,peel-only,0.0,0,63,2.149e-06,0,59,0,0,224,0,True,0.0,0.0,inf
grid_k08_N3,grid,64,224,3,flat3,peel-only,0.0,7,56,1.583e-06,0,55,0,0,224,0,True,0.0,0.0,inf
grid_k08_N3,grid,64,224,3,flat3,peel-only,0.0,0,56,6.08e-07,0,11,0,0,224,0,True,0.0,0.0,inf
grid_k08_N3,grid,64,224,3,flat3,peel-exact,0.0,0,63,0.002834471,59,59,931,0,224,0,True,1.0,1.0,0.0
grid_k08_N3,grid,64,224,3,flat3,peel-exact,0.0,7,56,0.002597659,55,55,919,0,224,0,True,1.0,1.0,0.0
grid_k08_N3,grid,64,224,3,flat3,peel-exact,0.0,0,56,0.000582828,11,11,426,0,224,0,True,1.0,1.0,0.0
grid_k08_N3,grid,64,224,3,flat3,peel-rapex,0.0,0,63,0.00358779,59,59,561,0,224,0,True,1.0,1.0,0.0
grid_k08_N3,grid,64,224,3,flat3,peel-rapex,0.0,7,56,0.003611808,55,55,517,0,224,0,True,1.0,1.0,0.0
grid_k08_N3,grid,64,224,3,flat3,peel-rapex,0.0,0,56,0.000184731,11,11,78,0,224,0,True,1.0,1.0,0.0
grid_k08_N3,grid,64,224,3,flat3,rapex-nodr,0.01,0,63,0.002612611,47,59,547,0,0,0,True,0.7966101694915254,0.7966101694915254,0.009549795361528002
grid_k08_N3,grid,64,224,3,flat3,rapex-nodr,0.01,7,56,0.001739108,36,55,448,0,0,0,True,0.6545454545454545,0.6545454545454545,0.009331259720062102
grid_k08_N3,grid,64,224,3,flat3,rapex-nodr,0.01,0,56,0.000129466,9,11,80,0,0,0,True,0.8181818181818182,0.8181818181818182,0.009493670886076
grid_k08_N3,grid,64,224,3,flat3,rapex,0.01,0,63,0.002331416,46,59,486,0,0,0,True,0.7796610169491526,0.7796610169491526,0.009549795361528002
grid_k08_N3,grid,64,224,3,flat3,rapex,0.01,7,56,0.001851291,35,55,436,0,0,0,True,0.6363636363636364,0.6363636363636364,0.009331259720062102
grid_k08_N3,grid,64,224,3,flat3,rapex,0.01,0,56,0.00014342,9,11,80,0,0,0,True,0.8181818181818182,0.8181818181818182,0.009493670886076
grid_k08_N3,grid,64,224,3,flat3,peel-rapex,0.01,0,63,0.002530654,46,59,486,0,224,0,True,0.7796610169491526,0.7796610169491526,0.009549795361528002
grid_k08_N3,grid,64,224,3,flat3,peel-rapex,0.01,7,56,0.001745619,35,55,436,0,224,0,True,0.6363636363636364,0.6363636363636364,0.009331259720062102
grid_k08_N3,grid,64,224,3,flat3,peel-rapex,0.01,0,56,0.000238398,9,11,80,0,224,0,True,0.8181818181818182,0.8181818181818182,0.009493670886076
grid_k08_N3,grid,64,224,3,top1x3,exact,0.0,0,63,3.0671e-05,1,1,58,0,0,0,True,1.0,1.0,0.0
grid_k08_N3,grid,64,224,3,top1x3,exact,0.0,7,56,2.9649e-05,1,1,55,0,0,0,True,1.0,1.0,0.0
grid_k08_N3,grid,64,224,3,top1x3,exact,0.0,0,56,2.5023e-05,1,1,48,0,0,0,True,1.0,1.0,0.0
grid_k08_N3,grid,64,224,3,top1x3,rapex-nodr,0.0,0,63,2.3736e-05,1,1,15,0,0,0,True,1.0,1.0,0.0
grid_k08_N3,grid,64,224,3,top1x3,rapex-nodr,0.0,7,56,7.1979e-05,1,1,15,0,0,0,True,1.0,1.0,0.0
grid_k08_N3,grid,64,224,3,top1x3,rapex-nodr,0.0,0,56,1.7465e-05,1,1,12,0,0,0,True,1.0,1.0,0.0
grid_k08_N3,grid,64,224,3,top1x3,rapex,0.0,0,63,2.552e-05,1,1,15,0,0,0,True,1.0,1.0,0.0
grid_k08_N3,grid,64,224,3,top1x3,rapex,0.0,7,56,2.0406e-05,1,1,15,0,0,0,True,1.0,1.0,0.0
grid_k08_N3,grid,64,224,3,top1x3,rapex,0.0,0,56,3.5666e-05,1,1,12,0,0,0,True,1.0,1.0,0.0
grid_k08_N3,grid,64,224,3,top1x3,topolex,0.0,0,63,2.3227e-05,1,1,0,10,0,0,True,1.0,1.0,0.0
grid_k08_N3,grid,64,224,3,top1x3,topolex,0.0,7,56,2.0456e-05,1,1,0,10,0,0,True,1.0,1.0,0.0
grid_k08_N3,grid,64,224,3,top1x3,topolex,0.0,0,56,1.3737e-05,1,1,0,10,0,0,True,1.0,1.0,0.0
grid_k08_N3,grid,64,224,3,top1x3,peel-only,0.0,0,63,2.0962e-05,0,1,0,2,14,1,True,0.0,0.0,inf
grid_k08_N3,grid,64,224,3,top1x3,peel-only,0.0,7,56,1.8463e-05,0,1,0,2,14,1,True,0.0,0.0,inf
grid_k08_N3,grid,64,224,3,top1x3,peel-only,0.0,0,56,1.2057e-05,0,1,0,2,11,1,True,0.0,0.0,inf
grid_k08_N3,grid,64,224,3,top1x3,peel-exact,0.0,0,63,3.411e-05,1,1,15,2,14,1,True,1.0,1.0,0.0
grid_k08_N3,grid,64,224,3,top1x3,peel-exact,0.0,7,56,2.3896e-05,1,1,15,2,14,1,True,1.0,1.0,0.0
grid_k08_N3,grid,64,224,3,top1x3,peel-exact,0.0,0,56,1.5514e-05,1,1,12,2,11,1,True,1.0,1.0,0.0
grid_k08_N3,grid,64,224,3,top1x3,peel-rapex,0.0,0,63,4.0269e-05,1,1,15,2,14,1,True,1.0,1.0,0.0
grid_k08_N3,grid,64,224,3,top1x3,peel-rapex,0.0,7,56,3.4887e-05,1,1,15,2,14,1,True,1.0,1.0,0.0
grid_k08_N3,grid,64,224,3,top1x3,peel-rapex,0.0,0,56,2.5147e-05,1,1,12,2,11,1,True,1.0,1.0,0.0
grid_k08_N3,grid,64,224,3,top1x3,rapex-nodr,0.01,0,63,2.6104e-05,1,1,15,0,0,0,True,1.0,1.0,0.0
grid_k08_N3,grid,64,224,3,top1x3,rapex-nodr,0.01,7,56,2.0119e-05,1,1,15,0,0,0,True,1.0,1.0,0.0
grid_k08_N3,grid,64,224,3,top1x3,rapex-nodr,0.01,0,56,1.4765e-05,1,1,12,0,0,0,True,1.0,1.0,0.0
grid_k08_N3,grid,64,224,3,top1x3,rapex,0.01,0,63,2.6308e-05,1,1,15,0,0,0,True,1.0,1.0,0.0
grid_k08_N3,grid,64,224,3,top1x3,rapex,0.01,7,56,2.093e-05,1,1,15,0,0,0,True,1.0,1.0,0.0
grid_k08_N3,grid,64,224,3,top1x3,rapex,0.01,0,56,1.8716e-05,1,1,12,0,0,0,True,1.0,1.0,0.0
grid_k08_N3,grid,64,224,3,top1x3,peel-rapex,0.01,0,63,4.1532e-05,1,1,15,2,14,1,True,1.0,1.0,0.0
grid_k08_N3,grid,64,224,3,top1x3,peel-rapex,0.01,7,56,3.4766e-05,1,1,15,2,14,1,True,1.0,1.0,0.0
grid_k08_N3,grid,64,224,3,top1x3,peel-rapex,0.01,0,56,2.4854e-05,1,1,12,2,11,1,True,1.0,1.0,0.0
grid_k10_N3,grid,100,360,3,flat3,exact,0.0,0,99,0.02664361,169,169,3561,0,0,0,True,1.0,1.0,0.0
grid_k10_N3,grid,100,360,3,flat3,exact,0.0,9,90,0.029582658,187,187,3835,0,0,0,True,1.0,1.0,0.0
grid_k10_N3,grid,100,360,3,flat3,exact,0.0,0,90,0.001872075,11,11,1076,0,0,0,True,1.0,1.0,0.0
grid_k10_N3,grid,100,360,3,flat3,rapex-nodr,0.0,0,99,0.033017324,169,169,2247,0,0,0,True,1.0,1.0,0.0
grid_k10_N3,grid,100,360,3,flat3,rapex-nodr,0.0,9,90,0.034373892,187,187,2423,0,0,0,True,1.0,1.0,0.0
grid_k10_N3,grid,100,360,3,flat3,rapex-nodr,0.0,0,90,0.000161189,11,11,99,0,0,0,True,1.0,1.0,0.0
grid_k10_N3,grid,100,360,3,flat3,rapex,0.0,0,99,0.032227024,169,169,2247,0,0,0,True,1.0,1.0,0.0
grid_k10_N3,grid,100,360,3,flat3,rapex,0.0,9,90,0.03171872,187,187,2423,0,0,0,True,1.0,1.0,0.0
grid_k10_N3,grid,100,360,3,flat3,rapex,0.0,0,90,0.00023338,11,11,99,0,0,0,True,1.0,1.0,0.0
grid_k10_N3,grid,100,360,3,flat3,topolex,0.0,0,99,8.9912e-05,3,169,0,30,0,0,True,0.01775147928994083,0.01775147928994083,0.4889867841409692
grid_k10_N3,grid,100,360,3,flat3,topolex,0.0,9,90,8.5645e-05,3,187,0,30,0,0,True,0.016042780748663103,0.016042780748663103,0.3708206686930091
grid_k10_N3,grid,100,360,3,flat3,topolex,0.0,0,90,8.0617e-05,3,11,0,30,0,0,True,0.2727272727272727,0.2727272727272727,0.15436241610738266
grid_k10_N3,grid,100,360,3,flat3,peel-only,0.0,0,99,2.539e-06,0,169,0,0,360,0,True,0.0,0.0,inf
grid_k10_N3,grid,100,360,3,flat3,peel-only,0.0,9,90,1.662e-06,0,187,0,0,360,0,True,0.0,0.0,inf
grid_k10_N3,grid,100,360,3,flat3,peel-only,0.0,0,90,7.39e-07,0,11,0,0,360,0,True,0.0,0.0,inf
grid_k10_N3,grid,100,360,3,flat3,peel-exact,0.0,0,99,0.026211638,169,169,3561,0,360,0,True,1.0,1.0,0.0
grid_k10_N3,grid,100,360,3,flat3,peel-exact,0.0,9,90,0.02911715,187,187,3835,0,360,0,True,1.0,1.0,0.0
grid_k10_N3,grid,100,360,3,flat3,peel-exact,0.0,0,90,0.00188315,11,11,1076,0,360,0,True,1.0,1.0,0.0
grid_k10_N3,grid,100,360,3,flat3,peel-rapex,0.0,0,99,0.030420111,169,169,2247,0,360,0,True,1.0,1.0,0.0
grid_k10_N3,grid,100,360,3,flat3,peel-rapex,0.0,9,90,0.032385973,187,187,2423,0,360,0,True,1.0,1.0,0.0
grid_k10_N3,grid,100,360,3,flat3,peel-rapex,0.0,0,90,0.000281131,11,11,99,0,360,0,True,1.0,1.0,0.0
grid_k10_N3,grid,100,360,3,flat3,rapex-nodr,0.01,0,99,0.032596364,128,169,2519,0,0,0,False,0.7514792899408284,0.7514792899408284,0.00990099009900991
grid_k10_N3,grid,100,360,3,flat3,rapex-nodr,0.01,9,90,0.024831715,131,187,2283,0,0,0,True,0.7005347593582888,0.7005347593582888,0.009983361064891838
grid_k10_N3,grid,100,360,3,flat3,rapex-nodr,0.01,0,90,0.000133431,9,11,88,0,0,0,True,0.8181818181818182,0.8181818181818182,0.005847953216374213
grid_k10_N3,grid,100,360,3,flat3,rapex,0.01,0,99,0.024186583,126,169,2230,0,0,0,False,0.7396449704142012,0.7396449704142012,0.00990099009900991
grid_k10_N3,grid,100,360,3,flat3,rapex,0.01,9,90,0.023144389,128,187,2179,0,0,0,True,0.6844919786096256,0.6844919786096256,0.009983361064891838
grid_k10_N3,grid,100,360,3,flat3,rapex,0.01,0,90,0.000155177,9,11,88,0,0,0,True,0.8181818181818182,0.8181818181818182,0.005847953216374213
grid_k10_N3,grid,100,360,3,flat3,peel-rapex,0.01,0,99,0.024307252,126,169,2230,0,360,0,False,0.7396449704142012,0.7396449704142012,0.00990099009900991
grid_k10_N3,grid,100,360,3,flat3,peel-rapex,0.01,9,90,0.021236559,128,187,2179,0,360,0,True,0.6844919786096256,0.6844919786096256,0.009983361064891838
grid_k10_N3,grid,100,360,3,flat3,peel-rapex,0.01,0,90,0.000199662,9,11,88,0,360,0,True,0.8181818181818182,0.8181818181818182,0.005847953216374213
grid_k10_N3,grid,100,360,3,top1x3,exact,0.0,0,99,5.1352e-05,1,1,99,0,0,0,True,1.0,1.0,0.0
grid_k10_N3,grid,100,360,3,top1x3,exact,0.0,9,90,4.8108e-05,1,1,95,0,0,0,True,1.0,1.0,0.0
grid_k10_N3,grid,100,360,3,top1x3,exact,0.0,0,90,2.6658e-05,1,1,46,0,0,0,True,1.0,1.0,0.0
grid_k10_N3,grid,100,360,3,top1x3,rapex-nodr,0.0,0,99,3.1834e-05,1,1,19,0,0,0,True,1.0,1.0,0.0
grid_k10_N3,grid,100,360,3,top1x3,rapex-nodr,0.0,9,90,2.1152e-05,1,1,19,0,0,0,True,1.0,1.0,0.0
grid_k10_N3,grid,100,360,3,top1x3,rapex-nodr,0.0,0,90,1.2873e-05,1,1,10,0,0,0,True,1.0,1.0,0.0
grid_k10_N3,grid,100,360,3,top1x3,rapex,0.0,0,99,3.5545e-05,1,1,19,0,0,0,True,1.0,1.0,0.0
grid_k10_N3,grid,100,360,3,top1x3,rapex,0.0,9,90,2.3051e-05,1,1,19,0,0,0,True,1.0,1.0,0.0
grid_k10_N3,grid,100,360,3,top1x3,rapex,0.0,0,90,1.4594e-05,1,1,10,0,0,0,True,1.0,1.0,0.0
grid_k10_N3,grid,100,360,3,top1x3,topolex,0.0,0,99,3.2344e-05,1,1,0,10,0,0,True,1.0,1.0,0.0
grid_k10_N3,grid,100,360,3,top1x3,topolex,0.0,9,90,2.9579e-05,1,1,0,10,0,0,True,1.0,1.0,0.0
grid_k10_N3,grid,100,360,3,top1x3,topolex,0.0,0,90,2.0373e-05,1,1,0,10,0,0,True,1.0,1.0,0.0
grid_k10_N3,grid,100,360,3,top1x3,peel-only,0.0,0,99,3.0955e-05,0,1,0,2,18,1,True,0.0,0.0,inf
grid_k10_N3,grid,100,360,3,top1x3,peel-only,0.0,9,90,5.2359e-05,0,1,0,2,18,1,True,0.0,0.0,inf
grid_k10_N3,grid,100,360,3,top1x3,peel-only,0.0,0,90,2.5126e-05,0,1,0,2,9,1,True,0.0,0.0,inf
grid_k10_N3,grid,100,360,3,top1x3,peel-exact,0.0,0,99,3.7313e-05,1,1,19,2,18,1,True,1.0,1.0,0.0
grid_k10_N3,grid,100,360,3,top1x3,peel-exact,0.0,9,90,3.2035e-05,1,1,19,2,18,1,True,1.0,1.0,0.0
grid_k10_N3,grid,100,360,3,top1x3,peel-exact,0.0,0,90,2.135e-05,1,1,10,2,9,1,True,1.0,1.0,0.0
grid_k10_N3,grid,100,360,3,top1x3,peel-rapex,0.0,0,99,5.4795e-05,1,1,19,2,18,1,True,1.0,1.0,0.0
grid_k10_N3,grid,100,360,3,top1x3,peel-rapex,0.0,9,90,4.5743e-05,1,1,19,2,18,1,True,1.0,1.0,0.0
grid_k10_N3,grid,100,360,3,top1x3,peel-rapex,0.0,0,90,3.3637e-05,1,1,10,2,9,1,True,1.0,1.0,0.0
grid_k10_N3,grid,100,360,3,top1x3,rapex-nodr,0.01,0,99,3.8413e-05,1,1,19,0,0,0,True,1.0,1.0,0.0
grid_k10_N3,grid,100,360,3,top1x3,rapex-nodr,0.01,9,90,2.1989e-05,1,1,19,0,0,0,True,1.0,1.0,0.0
grid_k10_N3,grid,100,360,3,top1x3,rapex-nodr,0.01,0,90,1.3898e-05,1,1,10,0,0,0,True,1.0,1.0,0.0
grid_k10_N3,grid,100,360,3,top1x3,rapex,0.01,0,99,3.7983e-05,1,1,19,0,0,0,True,1.0,1.0,0.0
grid_k10_N3,grid,100,360,3,top1x3,rapex,0.01,9,90,2.4387e-05,1,1,19,0,0,0,True,1.0,1.0,0.0
grid_k10_N3,grid,100,360,3,top1x3,rapex,0.01,0,90,1.2891e-05,1,1,10,0,0,0,True,1.0,1.0,0.0
grid_k10_N3,grid,100,360,3,top1x3,peel-rapex,0.01,0,99,5.4807e-05,1,1,19,2,18,1,True,1.0,1.0,0.0
grid_k10_N3,grid,100,360,3,top1x3,peel-rapex,0.01,9,90,4.6011e-05,1,1,19,2,18,1,True,1.0,1.0,0.0
grid_k10_N3,grid,100,360,3,top1x3,peel-rapex,0.01,0,90,5.4135e-05,1,1,10,2,9,1,True,1.0,1.0,0.0
grid_k12_N3,grid,144,528,3,flat3,exact,0.0,0,143,0.020945389,122,122,4552,0,0,0,True,1.0,1.0,0.0
grid_k12_N3,grid,144,528,3,flat3,exact,0.0,11,132,0.044103993,219,219,5473,0,0,0,True,1.0,1.0,0.0
grid_k12_N3,grid,144,528,3,flat3,exact,0.0,0,132,0.003217788,29,29,1390,0,0,0,True,1.0,1.0,0.0
grid_k12_N3,grid,144,528,3,flat3,rapex-nodr,0.0,0,143,0.021791274,122,122,1994,0,0,0,True,1.0,1.0,0.0
grid_k12_N3,grid,144,528,3,flat3,rapex-nodr,0.0,11,132,0.064952739,219,219,3354,0,0,0,True,1.0,1.0,0.0
grid_k12_N3,grid,144,528,3,flat3,rapex-nodr,0.0,0,132,0.000967571,29,29,278,0,0,0,True,1.0,1.0,0.0
grid_k12_N3,grid,144,528,3,flat3,rapex,0.0,0,143,0.020076144,122,122,1994,0,0,0,True,1.0,1.0,0.0
grid_k12_N3,grid,144,528,3,flat3,rapex,0.0,11,132,0.048760345,219,219,3354,0,0,0,True,1.0,1.0,0.0
grid_k12_N3,grid,144,528,3,flat3,rapex,0.0,0,132,0.000918681,29,29,278,0,0,0,True,1.0,1.0,0.0
grid_k12_N3,grid,144,528,3,flat3,topolex,0.0,0,143,0.000132325,3,122,0,30,0,0,True,0.02459016393442623,0.02459016393442623,0.49510337323177356
grid_k12_N3,grid,144,528,3,flat3,topolex,0.0,11,132,0.000129715,3,219,0,30,0,0,True,0.0136986301369863,0.0136986301369863,0.653316645807259
grid_k12_N3,grid,144,528,3,flat3,topolex,0.0,0,132,0.000137871,3,29,0,30,0,0,True,0.10344827586206896,0.10344827586206896,0.4399092970521541
grid_k12_N3,grid,144,528,3,flat3,peel-only,0.0,0,143,2.426e-06,0,122,0,0,528,0,True,0.0,0.0,inf
grid_k12_N3,grid,144,528,3,flat3,peel-only,0.0,11,132,1.647e-06,0,219,0,0,528,0,True,0.0,0.0,inf
grid_k12_N3,grid,144,528,3,flat3,peel-only,0.0,0,132,7.18e-07,0,29,0,0,528,0,True,0.0,0.0,inf
grid_k12_N3,grid,144,528,3,flat3,peel-exact,0.0,0,143,0.022028861,122,122,4552,0,528,0,True,1.0,1.0,0.0
grid_k12_N3,grid,144,528,3,flat3,peel-exact,0.0,11,132,0.044025875,219,219,5473,0,528,0,True,1.0,1.0,0.0
grid_k12_N3,grid,144,528,3,flat3,peel-exact,0.0,0,132,0.003333311,29,29,1390,0,528,0,True,1.0,1.0,0.0
grid_k12_N3,grid,144,528,3,flat3,peel-rapex,0.0,0,143,0.020553695,122,122,1994,0,528,0,True,1.0,1.0,0.0
grid_k12_N3,grid,144,528,3,flat3,peel-rapex,0.0,11,132,0.053163015,219,219,3354,0,528,0,True,1.0,1.0,0.0
grid_k12_N3,grid,144,528,3,flat3,peel-rapex,0.0,0,132,0.001008877,29,29,278,0,528,0,True,1.0,1.0,0.0
grid_k12_N3,grid,144,528,3,flat3,rapex-nodr,0.01,0,143,0.013173342,84,122,1618,0,0,0,False,0.680327868852459,0.680327868852459,0.00969529085872578
grid_k12_N3,grid,144,528,3,flat3,rapex-nodr,0.01,11,132,0.032811195,137,219,2758,0,0,0,False,0.6164383561643836,0.6164383561643836,0.00995024875621886
grid_k12_N3,grid,144,528,3,flat3,rapex-nodr,0.01,0,132,0.000745445,21,29,246,0,0,0,True,0.7241379310344828,0.7241379310344828,0.010000000000000009
grid_k12_N3,grid,144,528,3,flat3,rapex,0.01,0,143,0.01241582,84,122,1589,0,0,0,False,0.680327868852459,0.680327868852459,0.00969529085872578
grid_k12_N3,grid,144,528,3,flat3,rapex,0.01,11,132,0.025694609,133,219,2559,0,0,0,False,0.5981735159817352,0.5981735159817352,0.00995024875621886
grid_k12_N3,grid,144,528,3,flat3,rapex,0.01,0,132,0.000714855,21,29,246,0,0,0,True,0.7241379310344828,0.7241379310344828,0.010000000000000009
grid_k12_N3,grid,144,528,3,flat3,peel-rapex,0.01,0,143,0.01306346,84,122,1589,0,528,0,False,0.680327868852459,0.680327868852459,0.00969529085872578
grid_k12_N3,grid,144,528,3,flat3,peel-rapex,0.01,11,132,0.029299873,133,219,2559,0,528,0,False,0.5981735159817352,0.5981735159817352,0.00995024875621886
grid_k12_N3,grid,144,528,3,flat3,peel-rapex,0.01,0,132,0.000798413,21,29,246,0,528,0,True,0.7241379310344828,0.7241379310344828,0.010000000000000009
grid_k12_N3,grid,144,528,3,top1x3,exact,0.0,0,143,0.000118976,1,1,144,0,0,0,True,1.0,1.0,0.0
grid_k12_N3,grid,144,528,3,top1x3,exact,0.0,11,132,8.9646e-05,1,1,143,0,0,0,True,1.0,1.0,0.0
grid_k12_N3,grid,144,528,3,top1x3,exact,0.0,0,132,6.6732e-05,1,1,96,0,0,0,True,1.0,1.0,0.0
grid_k12_N3,grid,144,528,3,top1x3,rapex-nodr,0.0,0,143,4.6935e-05,1,1,25,0,0,0,True,1.0,1.0,0.0
grid_k12_N3,grid,144,528,3,top1x3,rapex-nodr,0.0,11,132,4.1053e-05,1,1,23,0,0,0,True,1.0,1.0,0.0
grid_k12_N3,grid,144,528,3,top1x3,rapex-nodr,0.0,0,132,3.4732e-05,1,1,20,0,0,0,True,1.0,1.0,0.0
grid_k12_N3,grid,144,528,3,top1x3,rapex,0.0,0,143,6.2483e-05,1,1,25,0,0,0,True,1.0,1.0,0.0
grid_k12_N3,grid,144,528,3,top1x3,rapex,0.0,11,132,3.5986e-05,1,1,23,0,0,0,True,1.0,1.0,0.0
grid_k12_N3,grid,144,528,3,top1x3,rapex,0.0,0,132,2.8222e-05,1,1,20,0,0,0,True,1.0,1.0,0.0
grid_k12_N3,grid,144,528,3,top1x3,topolex,0.0,0,143,6.3971e-05,1,1,0,10,0,0,True,1.0,1.0,0.0
grid_k12_N3,grid,144,528,3,top1x3,topolex,0.0,11,132,5.1351e-05,1,1,0,10,0,0,True,1.0,1.0,0.0
grid_k12_N3,grid,144,528,3,top1x3,topolex,0.0,0,132,4.1441e-05,1,1,0,10,0,0,True,1.0,1.0,0.0
grid_k12_N3,grid,144,528,3,top1x3,peel-only,0.0,0,143,4.0946e-05,0,1,0,2,24,1,True,0.0,0.0,inf
grid_k12_N3,grid,144,528,3,top1x3,peel-only,0.0,11,132,4.1057e-05,0,1,0,2,22,1,True,0.0,0.0,inf
grid_k12_N3,grid,144,528,3,top1x3,peel-only,0.0,0,132,3.1091e-05,0,1,0,2,19,1,True,0.0,0.0,inf
grid_k12_N3,grid,144,528,3,top1x3,peel-exact,0.0,0,143,6.2833e-05,1,1,25,2,24,1,True,1.0,1.0,0.0
grid_k12_N3,grid,144,528,3,top1x3,peel-exact,0.0,11,132,4.3269e-05,1,1,23,2,22,1,True,1.0,1.0,0.0
grid_k12_N3,grid,144,528,3,top1x3,peel-exact,0.0,0,132,4.2362e-05,1,1,20,2,19,1,True,1.0,1.0,0.0
grid_k12_N3,grid,144,528,3,top1x3,peel-rapex,0.0,0,143,7.8082e-05,1,1,25,2,24,1,True,1.0,1.0,0.0
grid_k12_N3,grid,144,528,3,top1x3,peel-rapex,0.0,11,132,6.5477e-05,1,1,23,2,22,1,True,1.0,1.0,0.0
grid_k12_N3,grid,144,528,3,top1x3,peel-rapex,0.0,0,132,6.5564e-05,1,1,20,2,19,1,True,1.0,1.0,0.0
grid_k12_N3,grid,144,528,3,top1x3,rapex-nodr,0.01,0,143,4.4859e-05,1,1,25,0,0,0,True,1.0,1.0,0.0
grid_k12_N3,grid,144,528,3,top1x3,rapex-nodr,0.01,11,132,2.8063e-05,1,1,23,0,0,0,True,1.0,1.0,0.0
grid_k12_N3,grid,144,528,3,top1x3,rapex-nodr,0.01,0,132,3.0437e-05,1,1,20,0,0,0,True,1.0,1.0,0.0
grid_k12_N3,grid,144,528,3,top1x3,rapex,0.01,0,143,4.6853e-05,1,1,26,0,0,0,True,1.0,1.0,0.0
grid_k12_N3,grid,144,528,3,top1x3,rapex,0.01,11,132,2.9078e-05,1,1,23,0,0,0,True,1.0,1.0,0.0
grid_k12_N3,grid,144,528,3,top1x3,rapex,0.01,0,132,3.2008e-05,1,1,21,0,0,0,True,1.0,1.0,0.0
grid_k12_N3,grid,144,528,3,top1x3,peel-rapex,0.01,0,143,7.4715e-05,1,1,25,2,24,1,True,1.0,1.0,0.0
grid_k12_N3,grid,144,528,3,top1x3,peel-rapex,0.01,11,132,6.3484e-05,1,1,23,2,22,1,True,1.0,1.0,0.0
grid_k12_N3,grid,144,528,3,top1x3,peel-rapex,0.01,0,132,6.1929e-05,1,1,20,2,19,1,True,1.0,1.0,0.0
grid_k14_N3,grid,196,728,3,flat3,exact,0.0,0,195,0.086004768,232,232,10226,0,0,0,True,1.0,1.0,0.0
grid_k14_N3,grid,196,728,3,flat3,exact,0.0,13,182,0.169407157,322,322,13280,0,0,0,True,1.0,1.0,0.0
grid_k14_N3,grid,196,728,3,flat3,exact,0.0,0,182,0.034602224,39,39,6974,0,0,0,True,1.0,1.0,0.0
grid_k14_N3,grid,196,728,3,flat3,rapex-nodr,0.0,0,195,0.081840978,232,232,4473,0,0,0,True,1.0,1.0,0.0
grid_k14_N3,grid,196,728,3,flat3,rapex-nodr,0.0,13,182,0.177506189,322,322,7287,0,0,0,True,1.0,1.0,0.0
grid_k14_N3,grid,196,728,3,flat3,rapex-nodr,0.0,0,182,0.002062229,39,39,646,0,0,0,True,1.0,1.0,0.0
grid_k14_N3,grid,196,728,3,flat3,rapex,0.0,0,195,0.073853574,232,232,4473,0,0,0,True,1.0,1.0,0.0
grid_k14_N3,grid,196,728,3,flat3,rapex,0.0,13,182,0.148800552,322,322,7287,0,0,0,True,1.0,1.0,0.0
grid_k14_N3,grid,196,728,3,flat3,rapex,0.0,0,182,0.002125191,39,39,646,0,0,0,True,1.0,1.0,0.0
grid_k14_N3,grid,196,728,3,flat3,topolex,0.0,0,195,0.000173179,3,232,0,30,0,0,True,0.01293103448275862,0.01293103448275862,0.4889867841409692
grid_k14_N3,grid,196,728,3,flat3,topolex,0.0,13,182,0.000167856,3,322,0,30,0,0,True,0.009316770186335404,0.009316770186335404,0.513771186440678
grid_k14_N3,grid,196,728,3,flat3,topolex,0.0,0,182,0.000152902,3,39,0,30,0,0,True,0.07692307692307693,0.07692307692307693,0.41463414634146334
grid_k14_N3,grid,196,728,3,flat3,peel-only,0.0,0,195,2.795e-06,0,232,0,0,728,0,True,0.0,0.0,inf
grid_k14_N3,grid,196,728,3,flat3,peel-only,0.0,13,182,1.677e-06,0,322,0,0,728,0,True,0.0,0.0,inf
grid_k14_N3,grid,196,728,3,flat3,peel-only,0.0,0,182,7.38e-07,0,39,0,0,728,0,True,0.0,0.0,inf
grid_k14_N3,grid,196,728,3,flat3,peel-exact,0.0,0,195,0.083018962,232,232,10226,0,728,0,True,1.0,1.0,0.0
grid_k14_N3,grid,196,728,3,flat3,peel-exact,0.0,13,182,0.164422464,322,322,13280,0,728,0,True,1.0,1.0,0.0
grid_k14_N3,grid,196,728,3,flat3,peel-exact,0.0,0,182,0.033083756,39,39,6974,0,728,0,True,1.0,1.0,0.0
grid_k14_N3,grid,196,728,3,flat3,peel-rapex,0.0,0,195,0.073325999,232,232,4473,0,728,0,True,1.0,1.0,0.0
grid_k14_N3,grid,196,728,3,flat3,peel-rapex,0.0,13,182,0.154199654,322,322,7287,0,728,0,True,1.0,1.0,0.0
grid_k14_N3,grid,196,728,3,flat3,peel-rapex,0.0,0,182,0.002329238,39,39,646,0,728,0,True,1.0,1.0,0.0
grid_k14_N3,grid,196,728,3,flat3,rapex-nodr,0.01,0,195,0.052388389,150,232,4126,0,0,0,True,0.646551724137931,0.646551724137931,0.009936766034327027
grid_k14_N3,grid,196,728,3,flat3,rapex-nodr,0.01,13,182,0.100166555,202,322,6093,0,0,0,True,0.6273291925465838,0.6273291925465838,0.009138381201044377
grid_k14_N3,grid,196,728,3,flat3,rapex-nodr,0.01,0,182,0.001348638,22,39,558,0,0,0,True,0.5641025641025641,0.5641025641025641,0.009564293304994642
grid_k14_N3,grid,196,728,3,flat3,rapex,0.01,0,195,0.040146651,147,232,3610,0,0,0,True,0.6336206896551724,0.6336206896551724,0.009936766034327027
grid_k14_N3,grid,196,728,3,flat3,rapex,0.01,13,182,0.077058822,193,322,5719,0,0,0,True,0.5993788819875776,0.5993788819875776,0.009138381201044377
grid_k14_N3,grid,196,728,3,flat3,rapex,0.01,0,182,0.001342728,22,39,516,0,0,0,True,0.5641025641025641,0.5641025641025641,0.009564293304994642
grid_k14_N3,grid,196,728,3,flat3,peel-rapex,0.01,0,195,0.040184569,147,232,3610,0,728,0,True,0.6336206896551724,0.6336206896551724,0.009936766034327027
grid_k14_N3,grid,196,728,3,flat3,peel-rapex,0.01,13,182,0.079182524,193,322,5719,0,728,0,True,0.5993788819875776,0.5993788819875776,0.009138381201044377
grid_k14_N3,grid,196,728,3,flat3,peel-rapex,0.01,0,182,0.001498533,22,39,516,0,728,0,True,0.5641025641025641,0.5641025641025641,0.009564293304994642
grid_k14_N3,grid,196,728,3,top1x3,exact,0.0,0,195,9.3779e-05,1,1,196,0,0,0,True,1.0,1.0,0.0
grid_k14_N3,grid,196,728,3,top1x3,exact,0.0,13,182,9.7727e-05,1,1,192,0,0,0,True,1.0,1.0,0.0
grid_k14_N3,grid,196,728,3,top1x3,exact,0.0,0,182,8.6933e-05,1,1,175,0,0,0,True,1.0,1.0,0.0
grid_k14_N3,grid,196,728,3,top1x3,rapex-nodr,0.0,0,195,4.336e-05,1,1,27,0,0,0,True,1.0,1.0,0.0
grid_k14_N3,grid,196,728,3,top1x3,rapex-nodr,0.0,13,182,3.3064e-05,1,1,27,0,0,0,True,1.0,1.0,0.0
grid_k14_N3,grid,196,728,3,top1x3,rapex-nodr,0.0,0,182,3.1899e-05,1,1,22,0,0,0,True,1.0,1.0,0.0
grid_k14_N3,grid,196,728,3,top1x3,rapex,0.0,0,195,7.7941e-05,1,1,27,0,0,0,True,1.0,1.0,0.0
grid_k14_N3,grid,196,728,3,top1x3,rapex,0.0,13,182,3.5335e-05,1,1,27,0,0,0,True,1.0,1.0,0.0
grid_k14_N3,grid,196,728,3,top1x3,rapex,0.0,0,182,5.1691e-05,1,1,22,0,0,0,True,1.0,1.0,0.0
grid_k14_N3,grid,196,728,3,top1x3,topolex,0.0,0,195,6.3567e-05,1,1,0,10,0,0,True,1.0,1.0,0.0
grid_k14_N3,grid,196,728,3,top1x3,topolex,0.0,13,182,6.1155e-05,1,1,0,10,0,0,True,1.0,1.0,0.0
grid_k14_N3,grid,196,728,3,top1x3,topolex,0.0,0,182,5.1989e-05,1,1,0,10,0,0,True,1.0,1.0,0.0
grid_k14_N3,grid,196,728,3,top1x3,peel-only,0.0,0,195,5.5756e-05,0,1,0,2,26,1,True,0.0,0.0,inf
grid_k14_N3,grid,196,728,3,top1x3,peel-only,0.0,13,182,5.4876e-05,0,1,0,2,26,1,True,0.0,0.0,inf
grid_k14_N3,grid,196,728,3,top1x3,peel-only,0.0,0,182,5.0733e-05,0,1,0,2,21,1,True,0.0,0.0,inf
grid_k14_N3,grid,196,728,3,top1x3,peel-exact,0.0,0,195,7.4568e-05,1,1,27,2,26,1,True,1.0,1.0,0.0
grid_k14_N3,grid,196,728,3,top1x3,peel-exact,0.0,13,182,6.2945e-05,1,1,27,2,26,1,True,1.0,1.0,0.0
grid_k14_N3,grid,196,728,3,top1x3,peel-exact,0.0,0,182,4.9843e-05,1,1,22,2,21,1,True,1.0,1.0,0.0
grid_k14_N3,grid,196,728,3,top1x3,peel-rapex,0.0,0,195,8.9839e-05,1,1,27,2,26,1,True,1.0,1.0,0.0
grid_k14_N3,grid,196,728,3,top1x3,peel-rapex,0.0,13,182,9.0013e-05,1,1,27,2,26,1,True,1.0,1.0,0.0
grid_k14_N3,grid,196,728,3,top1x3,peel-rapex,0.0,0,182,7.3711e-05,1,1,22,2,21,1,True,1.0,1.0,0.0
grid_k14_N3,grid,196,728,3,top1x3,rapex-nodr,0.01,0,195,4.5687e-05,1,1,27,0,0,0,True,1.0,1.0,0.0
grid_k14_N3,grid,196,728,3,top1x3,rapex-nodr,0.01,13,182,3.4565e-05,1,1,27,0,0,0,True,1.0,1.0,0.0
grid_k14_N3,grid,196,728,3,top1x3,rapex-nodr,0.01,0,182,2.8337e-05,1,1,22,0,0,0,True,1.0,1.0,0.0
grid_k14_N3,grid,196,728,3,top1x3,rapex,0.01,0,195,4.3471e-05,1,1,27,0,0,0,True,1.0,1.0,0.0
grid_k14_N3,grid,196,728,3,top1x3,rapex,0.01,13,182,3.4705e-05,1,1,27,0,0,0,True,1.0,1.0,0.0
grid_k14_N3,grid,196,728,3,top1x3,rapex,0.01,0,182,3.0255e-05,1,1,22,0,0,0,True,1.0,1.0,0.0
grid_k14_N3,grid,196,728,3,top1x3,peel-rapex,0.01,0,195,9.412e-05,1,1,27,2,26,1,True,1.0,1.0,0.0
grid_k14_N3,grid,196,728,3,top1x3,peel-rapex,0.01,13,182,8.7552e-05,1,1,27,2,26,1,True,1.0,1.0,0.0
grid_k14_N3,grid,196,728,3,top1x3,peel-rapex,0.01,0,182,7.5485e-05,1,1,22,2,21,1,True,1.0,1.0,0.0
grid_k16_N3,grid,256,960,3,flat3,exact,0.0,0,255,0.905781958,628,628,34253,0,0,0,True,1.0,1.0,0.0
grid_k16_N3,grid,256,960,3,flat3,exact,0.0,15,240,0.191520584,355,355,15920,0,0,0,True,1.0,1.0,0.0
grid_k16_N3,grid,256,960,3,flat3,exact,0.0,0,240,0.26134324,98,98,19309,0,0,0,True,1.0,1.0,0.0
grid_k16_N3,grid,256,960,3,flat3,rapex-nodr,0.0,0,255,0.956005151,628,628,17589,0,0,0,True,1.0,1.0,0.0
grid_k16_N3,grid,256,960,3,flat3,rapex-nodr,0.0,15,240,0.223574416,355,355,9380,0,0,0,True,1.0,1.0,0.0
grid_k16_N3,grid,256,960,3,flat3,rapex-nodr,0.0,0,240,0.012648573,98,98,1471,0,0,0,True,1.0,1.0,0.0
grid_k16_N3,grid,256,960,3,flat3,rapex,0.0,0,255,0.721114575,628,628,17589,0,0,0,True,1.0,1.0,0.0
grid_k16_N3,grid,256,960,3,flat3,rapex,0.0,15,240,0.182669175,355,355,9380,0,0,0,True,1.0,1.0,0.0
grid_k16_N3,grid,256,960,3,flat3,rapex,0.0,0,240,0.011939484,98,98,1471,0,0,0,True,1.0,1.0,0.0
grid_k16_N3,grid,256,960,3,flat3,topolex,0.0,0,255,0.000216085,3,628,0,30,0,0,True,0.004777070063694267,0.004777070063694267,0.4053127677806341
grid_k16_N3,grid,256,960,3,flat3,topolex,0.0,15,240,0.000217136,3,355,0,30,0,0,True,0.008450704225352112,0.008450704225352112,0.6124314442413163
grid_k16_N3,grid,256,960,3,flat3,topolex,0.0,0,240,0.00022709,3,98,0,30,0,0,True,0.030612244897959183,0.030612244897959183,0.3224242424242425
grid_k16_N3,grid,256,960,3,flat3,peel-only,0.0,0,255,2.622e-06,0,628,0,0,960,0,True,0.0,0.0,inf
grid_k16_N3,grid,256,960,3,flat3,peel-only,0.0,15,240,1.899e-06,0,355,0,0,960,0,True,0.0,0.0,inf
grid_k16_N3,grid,256,960,3,flat3,peel-only,0.0,0,240,8.42e-07,0,98,0,0,960,0,True,0.0,0.0,inf
grid_k16_N3,grid,256,960,3,flat3,peel-exact,0.0,0,255,0.86366211,628,628,34253,0,960,0,True,1.0,1.0,0.0
grid_k16_N3,grid,256,960,3,flat3,peel-exact,0.0,15,240,0.204543229,355,355,15920,0,960,0,True,1.0,1.0,0.0
grid_k16_N3,grid,256,960,3,flat3,peel-exact,0.0,0,240,0.254155105,98,98,19309,0,960,0,True,1.0,1.0,0.0
grid_k16_N3,grid,256,960,3,flat3,peel-rapex,0.0,0,255,0.727695064,628,628,17589,0,960,0,True,1.0,1.0,0.0
grid_k16_N3,grid,256,960,3,flat3,peel-rapex,0.0,15,240,0.189450912,355,355,9380,0,960,0,True,1.0,1.0,0.0
grid_k16_N3,grid,256,960,3,flat3,peel-rapex,0.0,0,240,0.013218688,98,98,1471,0,960,0,True,1.0,1.0,0.0
grid_k16_N3,grid,256,960,3,flat3,rapex-nodr,0.01,0,255,0.422488329,337,628,12922,0,0,0,False,0.535031847133758,0.535031847133758,0.009911894273127775
grid_k16_N3,grid,256,960,3,flat3,rapex-nodr,0.01,15,240,0.179559612,252,355,9416,0,0,0,False,0.704225352112676,0.704225352112676,0.009389671361502261
grid_k16_N3,grid,256,960,3,flat3,rapex-nodr,0.01,0,240,0.01088654,65,98,1488,0,0,0,False,0.6530612244897959,0.6530612244897959,0.009936766034327027
grid_k16_N3,grid,256,960,3,flat3,rapex,0.01,0,255,0.297107981,332,628,12420,0,0,0,False,0.5270700636942676,0.5270700636942676,0.009911894273127775
grid_k16_N3,grid,256,960,3,flat3,rapex,0.01,15,240,0.117451032,238,355,8271,0,0,0,False,0.6619718309859155,0.6619718309859155,0.009389671361502261
grid_k16_N3,grid,256,960,3,flat3,rapex,0.01,0,240,0.008887418,64,98,1407,0,0,0,False,0.6428571428571429,0.6428571428571429,0.009936766034327027
grid_k16_N3,grid,256,960,3,flat3,peel-rapex,0.01,0,255,0.309238183,332,628,12420,0,960,0,False,0.5270700636942676,0.5270700636942676,0.009911894273127775
grid_k16_N3,grid,256,960,3,flat3,peel-rapex,0.01,15,240,0.119030067,238,355,8271,0,960,0,False,0.6619718309859155,0.6619718309859155,0.009389671361502261
grid_k16_N3,grid,256,960,3,flat3,peel-rapex,0.01,0,240,0.00961334,64,98,1407,0,960,0,False,0.6428571428571429,0.6428571428571429,0.009936766034327027
grid_k16_N3,grid,256,960,3,top1x3,exact,0.0,0,255,0.000158948,1,1,258,0,0,0,True,1.0,1.0,0.0
grid_k16_N3,grid,256,960,3,top1x3,exact,0.0,15,240,0.000122345,1,1,254,0,0,0,True,1.0,1.0,0.0
grid_k16_N3,grid,256,960,3,top1x3,exact,0.0,0,240,0.000101762,1,1,194,0,0,0,True,1.0,1.0,0.0
grid_k16_N3,grid,256,960,3,top1x3,rapex-nodr,0.0,0,255,7.7618e-05,1,1,31,0,0,0,True,1.0,1.0,0.0
grid_k16_N3,grid,256,960,3,top1x3,rapex-nodr,0.0,15,240,3.867e-05,1,1,35,0,0,0,True,1.0,1.0,0.0
grid_k16_N3,grid,256,960,3,top1x3,rapex-nodr,0.0,0,240,2.8748e-05,1,1,22,0,0,0,True,1.0,1.0,0.0
grid_k16_N3,grid,256,960,3,top1x3,rapex,0.0,0,255,5.2575e-05,1,1,31,0,0,0,True,1.0,1.0,0.0
grid_k16_N3,grid,256,960,3,top1x3,rapex,0.0,15,240,4.1038e-05,1,1,35,0,0,0,True,1.0,1.0,0.0
grid_k16_N3,grid,256,960,3,top1x3,rapex,0.0,0,240,3.0293e-05,1,1,22,0,0,0,True,1.0,1.0,0.0
grid_k16_N3,grid,256,960,3,top1x3,topolex,0.0,0,255,8.0812e-05,1,1,0,10,0,0,True,1.0,1.0,0.0
grid_k16_N3,grid,256,960,3,top1x3,topolex,0.0,15,240,7.7138e-05,1,1,0,10,0,0,True,1.0,1.0,0.0
grid_k16_N3,grid,256,960,3,top1x3,topolex,0.0,0,240,0.000120749,1,1,0,10,0,0,True,1.0,1.0,0.0
grid_k16_N3,grid,256,960,3,top1x3,peel-only,0.0,0,255,7.0229e-05,0,1,0,2,30,1,True,0.0,0.0,inf
grid_k16_N3,grid,256,960,3,top1x3,peel-only,0.0,15,240,6.8928e-05,0,1,0,2,34,1,True,0.0,0.0,inf
grid_k16_N3,grid,256,960,3,top1x3,peel-only,0.0,0,240,8.573e-05,0,1,0,2,21,1,True,0.0,0.0,inf
grid_k16_N3,grid,256,960,3,top1x3,peel-exact,0.0,0,255,8.0055e-05,1,1,31,2,30,1,True,1.0,1.0,0.0
grid_k16_N3,grid,256,960,3,top1x3,peel-exact,0.0,15,240,7.6333e-05,1,1,35,2,34,1,True,1.0,1.0,0.0
grid_k16_N3,grid,256,960,3,top1x3,peel-exact,0.0,0,240,6.5657e-05,1,1,22,2,21,1,True,1.0,1.0,0.0
grid_k16_N3,grid,256,960,3,top1x3,peel-rapex,0.0,0,255,0.000109983,1,1,31,2,30,1,True,1.0,1.0,0.0
grid_k16_N3,grid,256,960,3,top1x3,peel-rapex,0.0,15,240,0.000101957,1,1,35,2,34,1,True,1.0,1.0,0.0
grid_k16_N3,grid,256,960,3,top1x3,peel-rapex,0.0,0,240,8.8673e-05,1,1,22,2,21,1,True,1.0,1.0,0.0
grid_k16_N3,grid,256,960,3,top1x3,rapex-nodr,0.01,0,255,5.0332e-05,1,1,31,0,0,0,True,1.0,1.0,0.0
grid_k16_N3,grid,256,960,3,top1x3,rapex-nodr,0.01,15,240,4.0042e-05,1,1,35,0,0,0,True,1.0,1.0,0.0
grid_k16_N3,grid,256,960,3,top1x3,rapex-nodr,0.01,0,240,2.9012e-05,1,1,22,0,0,0,True,1.0,1.0,0.0
grid_k16_N3,grid,256,960,3,top1x3,rapex,0.01,0,255,5.2778e-05,1,1,31,0,0,0,True,1.0,1.0,0.0
grid_k16_N3,grid,256,960,3,top1x3,rapex,0.01,15,240,6.6077e-05,1,1,35,0,0,0,True,1.0,1.0,0.0
grid_k16_N3,grid,256,960,3,top1x3,rapex,0.01,0,240,3.1028e-05,1,1,22,0,0,0,True,1.0,1.0,0.0
grid_k16_N3,grid,256,960,3,top1x3,peel-rapex,0.01,0,255,0.000110988,1,1,31,2,30,1,True,1.0,1.0,0.0
grid_k16_N3,grid,256,960,3,top1x3,peel-rapex,0.01,15,240,0.000101758,1,1,35,2,34,1,True,1.0,1.0,0.0
grid_k16_N3,grid,256,960,3,top1x3,peel-rapex,0.01,0,240,8.9493e-05,1,1,22,2,21,1,True,1.0,1.0,0.0
grid_k20_N3,grid,400,1520,3,flat3,exact,0.0,0,399,1.626426319,674,674,66361,0,0,0,True,1.0,1.0,0.0
grid_k20_N3,grid,400,1520,3,flat3,exact,0.0,19,380,2.772432166,958,958,68833,0,0,0,True,1.0,1.0,0.0
grid_k20_N3,grid,400,1520,3,flat3,exact,0.0,0,380,0.640728526,156,156,39565,0,0,0,True,1.0,1.0,0.0
grid_k20_N3,grid,400,1520,3,flat3,rapex-nodr,0.0,0,399,1.281589815,674,674,23012,0,0,0,True,1.0,1.0,0.0
grid_k20_N3,grid,400,1520,3,flat3,rapex-nodr,0.0,19,380,2.497425154,958,958,29337,0,0,0,True,1.0,1.0,0.0
grid_k20_N3,grid,400,1520,3,flat3,rapex-nodr,0.0,0,380,0.054853843,156,156,3769,0,0,0,True,1.0,1.0,0.0
grid_k20_N3,grid,400,1520,3,flat3,rapex,0.0,0,399,1.022040112,674,674,23012,0,0,0,True,1.0,1.0,0.0
grid_k20_N3,grid,400,1520,3,flat3,rapex,0.0,19,380,2.027005993,958,958,29337,0,0,0,True,1.0,1.0,0.0
grid_k20_N3,grid,400,1520,3,flat3,rapex,0.0,0,380,0.048242289,156,156,3769,0,0,0,True,1.0,1.0,0.0
grid_k20_N3,grid,400,1520,3,flat3,topolex,0.0,0,399,0.000492256,4,674,0,30,0,0,True,0.005934718100890208,0.005934718100890208,0.6119900083263947
grid_k20_N3,grid,400,1520,3,flat3,topolex,0.0,19,380,0.000334335,3,958,0,30,0,0,True,0.003131524008350731,0.003131524008350731,0.49611197511664074
grid_k20_N3,grid,400,1520,3,flat3,topolex,0.0,0,380,0.00035219,3,156,0,30,0,0,True,0.019230769230769232,0.019230769230769232,0.6169724770642202
grid_k20_N3,grid,400,1520,3,flat3,peel-only,0.0,0,399,3.336e-06,0,674,0,0,1520,0,True,0.0,0.0,inf
grid_k20_N3,grid,400,1520,3,flat3,peel-only,0.0,19,380,2.153e-06,0,958,0,0,1520,0,True,0.0,0.0,inf
grid_k20_N3,grid,400,1520,3,flat3,peel-only,0.0,0,380,1.335e-06,0,156,0,0,1520,0,True,0.0,0.0,inf
grid_k20_N3,grid,400,1520,3,flat3,peel-exact,0.0,0,399,1.649409027,674,674,66361,0,1520,0,True,1.0,1.0,0.0
grid_k20_N3,grid,400,1520,3,flat3,peel-exact,0.0,19,380,2.788420752,958,958,68833,0,1520,0,True,1.0,1.0,0.0
grid_k20_N3,grid,400,1520,3,flat3,peel-exact,0.0,0,380,0.660386698,156,156,39565,0,1520,0,True,1.0,1.0,0.0
grid_k20_N3,grid,400,1520,3,flat3,peel-rapex,0.0,0,399,1.039457878,674,674,23012,0,1520,0,True,1.0,1.0,0.0
grid_k20_N3,grid,400,1520,3,flat3,peel-rapex,0.0,19,380,2.019171838,958,958,29337,0,1520,0,True,1.0,1.0,0.0
grid_k20_N3,grid,400,1520,3,flat3,peel-rapex,0.0,0,380,0.049213275,156,156,3769,0,1520,0,True,1.0,1.0,0.0
grid_k20_N3,grid,400,1520,3,flat3,rapex-nodr,0.01,0,399,0.575201659,341,674,17507,0,0,0,False,0.4688427299703264,0.4688427299703264,0.009888751545117369
grid_k20_N3,grid,400,1520,3,flat3,rapex-nodr,0.01,19,380,0.997841219,451,958,22089,0,0,0,False,0.4592901878914405,0.4592901878914405,0.009411764705882453
grid_k20_N3,grid,400,1520,3,flat3,rapex-nodr,0.01,0,380,0.034769618,99,156,3263,0,0,0,True,0.6346153846153846,0.6346153846153846,0.00917431192660545
grid_k20_N3,grid,400,1520,3,flat3,rapex,0.01,0,399,0.360529478,309,674,15618,0,0,0,False,0.4287833827893175,0.4287833827893175,0.009888751545117369
grid_k20_N3,grid,400,1520,3,flat3,rapex,0.01,19,380,0.647666855,416,958,19673,0,0,0,False,0.42588726513569936,0.42588726513569936,0.009907529722589237
grid_k20_N3,grid,400,1520,3,flat3,rapex,0.01,0,380,0.027074198,99,156,3005,0,0,0,True,0.6346153846153846,0.6346153846153846,0.00917431192660545
grid_k20_N3,grid,400,1520,3,flat3,peel-rapex,0.01,0,399,0.369750373,309,674,15618,0,1520,0,False,0.4287833827893175,0.4287833827893175,0.009888751545117369
grid_k20_N3,grid,400,1520,3,flat3,peel-rapex,0.01,19,380,0.618070842,416,958,19673,0,1520,0,False,0.42588726513569936,0.42588726513569936,0.009907529722589237
grid_k20_N3,grid,400,1520,3,flat3,peel-rapex,0.01,0,380,0.027544505,99,156,3005,0,1520,0,True,0.6346153846153846,0.6346153846153846,0.00917431192660545
grid_k20_N3,grid,400,1520,3,top1x3,exact,0.0,0,399,0.000194314,1,1,402,0,0,0,True,1.0,1.0,0.0
grid_k20_N3,grid,400,1520,3,top1x3,exact,0.0,19,380,0.000215373,1,1,402,0,0,0,True,1.0,1.0,0.0
grid_k20_N3,grid,400,1520,3,top1x3,exact,0.0,0,380,0.000137151,1,1,271,0,0,0,True,1.0,1.0,0.0
grid_k20_N3,grid,400,1520,3,top1x3,rapex-nodr,0.0,0,399,8.589e-05,1,1,39,0,0,0,True,1.0,1.0,0.0
grid_k20_N3,grid,400,1520,3,top1x3,rapex-nodr,0.0,19,380,4.7615e-05,1,1,41,0,0,0,True,1.0,1.0,0.0
grid_k20_N3,grid,400,1520,3,top1x3,rapex-nodr,0.0,0,380,4.0775e-05,1,1,28,0,0,0,True,1.0,1.0,0.0
grid_k20_N3,grid,400,1520,3,top1x3,rapex,0.0,0,399,7.4007e-05,1,1,39,0,0,0,True,1.0,1.0,0.0
grid_k20_N3,grid,400,1520,3,top1x3,rapex,0.0,19,380,5.0881e-05,1,1,41,0,0,0,True,1.0,1.0,0.0
grid_k20_N3,grid,400,1520,3,top1x3,rapex,0.0,0,380,3.6865e-05,1,1,28,0,0,0,True,1.0,1.0,0.0
grid_k20_N3,grid,400,1520,3,top1x3,topolex,0.0,0,399,0.00012398,1,1,0,10,0,0,True,1.0,1.0,0.0
grid_k20_N3,grid,400,1520,3,top1x3,topolex,0.0,19,380,0.00011647,1,1,0,10,0,0,True,1.0,1.0,0.0
grid_k20_N3,grid,400,1520,3,top1x3,topolex,0.0,0,380,0.000109833,1,1,0,10,0,0,True,1.0,1.0,0.0
grid_k20_N3,grid,400,1520,3,top1x3,peel-only,0.0,0,399,0.000131946,0,1,0,2,38,1,True,0.0,0.0,inf
grid_k20_N3,grid,400,1520,3,top1x3,peel-only,0.0,19,380,9.8846e-05,0,1,0,2,40,1,True,0.0,0.0,inf
grid_k20_N3,grid,400,1520,3,top1x3,peel-only,0.0,0,380,9.3027e-05,0,1,0,2,27,1,True,0.0,0.0,inf
grid_k20_N3,grid,400,1520,3,top1x3,peel-exact,0.0,0,399,0.000120416,1,1,39,2,38,1,True,1.0,1.0,0.0
grid_k20_N3,grid,400,1520,3,top1x3,peel-exact,0.0,19,380,0.000113357,1,1,41,2,40,1,True,1.0,1.0,0.0
grid_k20_N3,grid,400,1520,3,top1x3,peel-exact,0.0,0,380,0.000111118,1,1,28,2,27,1,True,1.0,1.0,0.0
grid_k20_N3,grid,400,1520,3,top1x3,peel-rapex,0.0,0,399,0.000168711,1,1,39,2,38,1,True,1.0,1.0,0.0
grid_k20_N3,grid,400,1520,3,top1x3,peel-rapex,0.0,19,380,0.000172346,1,1,41,2,40,1,True,1.0,1.0,0.0
grid_k20_N3,grid,400,1520,3,top1x3,peel-rapex,0.0,0,380,0.000134578,1,1,28,2,27,1,True,1.0,1.0,0.0
grid_k20_N3,grid,400,1520,3,top1x3,rapex-nodr,0.01,0,399,6.9326e-05,1,1,39,0,0,0,True,1.0,1.0,0.0
grid_k20_N3,grid,400,1520,3,top1x3,rapex-nodr,0.01,19,380,4.9973e-05,1,1,41,0,0,0,True,1.0,1.0,0.0
grid_k20_N3,grid,400,1520,3,top1x3,rapex-nodr,0.01,0,380,3.5887e-05,1,1,28,0,0,0,True,1.0,1.0,0.0
grid_k20_N3,grid,400,1520,3,top1x3,rapex,0.01,0,399,7.6034e-05,1,1,39,0,0,0,True,1.0,1.0,0.0
grid_k20_N3,grid,400,1520,3,top1x3,rapex,0.01,19,380,5.111e-05,1,1,41,0,0,0,True,1.0,1.0,0.0
grid_k20_N3,grid,400,1520,3,top1x3,rapex,0.01,0,380,5.2696e-05,1,1,28,0,0,0,True,1.0,1.0,0.0
grid_k20_N3,grid,400,1520,3,top1x3,peel-rapex,0.01,0,399,0.000166287,1,1,39,2,38,1,True,1.0,1.0,0.0
grid_k20_N3,grid,400,1520,3,top1x3,peel-rapex,0.01,19,380,0.00014755,1,1,41,2,40,1,True,1.0,1.0,0.0
grid_k20_N3,grid,400,1520,3,top1x3,peel-rapex,0.01,0,380,0.000132604,1,1,28,2,27,1,True,1.0,1.0,0.0
grid_k25_N3,grid,625,2400,3,flat3,exact,0.0,0,624,46.424433005,2980,2980,326704,0,0,0,True,1.0,1.0,0.0
grid_k25_N3,grid,625,2400,3,flat3,exact,0.0,24,600,9.857827397,1672,1672,168613,0,0,0,True,1.0,1.0,0.0
grid_k25_N3,grid,625,2400,3,flat3,exact,0.0,0,600,4.630724904,250,250,137324,0,0,0,True,1.0,1.0,0.0
grid_k25_N3,grid,625,2400,3,flat3,rapex-nodr,0.0,0,624,93.231353032,2980,2980,188457,0,0,0,True,1.0,1.0,0.0
grid_k25_N3,grid,625,2400,3,flat3,rapex-nodr,0.0,24,600,16.325179339,1672,1672,78939,0,0,0,True,1.0,1.0,0.0
grid_k25_N3,grid,625,2400,3,flat3,rapex-nodr,0.0,0,600,0.11600015,250,250,6161,0,0,0,True,1.0,1.0,0.0
grid_k25_N3,grid,625,2400,3,flat3,rapex,0.0,0,624,63.966084996,2980,2980,188457,0,0,0,True,1.0,1.0,0.0
grid_k25_N3,grid,625,2400,3,flat3,rapex,0.0,24,600,13.888420064,1672,1672,78939,0,0,0,True,1.0,1.0,0.0
grid_k25_N3,grid,625,2400,3,flat3,rapex,0.0,0,600,0.100722594,250,250,6161,0,0,0,True,1.0,1.0,0.0
grid_k25_N3,grid,625,2400,3,flat3,topolex,0.0,0,624,0.000605194,3,2980,0,30,0,0,True,0.0010067114093959733,0.0010067114093959733,0.5538461538461539
grid_k25_N3,grid,625,2400,3,flat3,topolex,0.0,24,600,0.00068924,3,1672,0,30,0,0,True,0.0017942583732057417,0.0017942583732057417,0.6564833672776647
grid_k25_N3,grid,625,2400,3,flat3,topolex,0.0,0,600,0.000528148,3,250,0,30,0,0,True,0.012,0.012,0.2823426573426573
grid_k25_N3,grid,625,2400,3,flat3,peel-only,0.0,0,624,3.332e-06,0,2980,0,0,2400,0,True,0.0,0.0,inf
grid_k25_N3,grid,625,2400,3,flat3,peel-only,0.0,24,600,2.389e-06,0,1672,0,0,2400,0,True,0.0,0.0,inf
grid_k25_N3,grid,625,2400,3,flat3,peel-only,0.0,0,600,1.505e-06,0,250,0,0,2400,0,True,0.0,0.0,inf
grid_k25_N3,grid,625,2400,3,flat3,peel-exact,0.0,0,624,45.517593841,2980,2980,326704,0,2400,0,True,1.0,1.0,0.0
grid_k25_N3,grid,625,2400,3,flat3,peel-exact,0.0,24,600,10.042519571,1672,1672,168613,0,2400,0,True,1.0,1.0,0.0
grid_k25_N3,grid,625,2400,3,flat3,peel-exact,0.0,0,600,4.781104055,250,250,137324,0,2400,0,True,1.0,1.0,0.0
grid_k25_N3,grid,625,2400,3,flat3,peel-rapex,0.0,0,624,66.418610795,2980,2980,188457,0,2400,0,True,1.0,1.0,0.0
grid_k25_N3,grid,625,2400,3,flat3,peel-rapex,0.0,24,600,12.870051469,1672,1672,78939,0,2400,0,True,1.0,1.0,0.0
grid_k25_N3,grid,625,2400,3,flat3,peel-rapex,0.0,0,600,0.093832957,250,250,6161,0,2400,0,True,1.0,1.0,0.0
grid_k25_N3,grid,625,2400,3,flat3,rapex-nodr,0.01,0,624,21.231907556,1292,2980,105621,0,0,0,False,0.41946308724832215,0.41946308724832215,0.008814102564102644
grid_k25_N3,grid,625,2400,3,flat3,rapex-nodr,0.01,24,600,5.702869145,776,1672,55184,0,0,0,False,0.444377990430622,0.444377990430622,0.009655172413793212
grid_k25_N3,grid,625,2400,3,flat3,rapex-nodr,0.01,0,600,0.046227596,128,250,4848,0,0,0,True,0.512,0.512,0.00955882352941173
grid_k25_N3,grid,625,2400,3,flat3,rapex,0.01,0,624,11.320621539,1173,2980,94320,0,0,0,False,0.37013422818791947,0.37013422818791947,0.00895255147717089
grid_k25_N3,grid,625,2400,3,flat3,rapex,0.01,24,600,2.995865191,704,1672,46482,0,0,0,False,0.38935406698564595,0.38935406698564595,0.009655172413793212
grid_k25_N3,grid,625,2400,3,flat3,rapex,0.01,0,600,0.032766238,116,250,4079,0,0,0,False,0.46,0.46,0.00955882352941173
grid_k25_N3,grid,625,2400,3,flat3,peel-rapex,0.01,0,624,10.617737133,1173,2980,94320,0,2400,0,False,0.37013422818791947,0.37013422818791947,0.00895255147717089
grid_k25_N3,grid,625,2400,3,flat3,peel-rapex,0.01,24,600,3.084485154,704,1672,46482,0,2400,0,False,0.38935406698564595,0.38935406698564595,0.009655172413793212
grid_k25_N3,grid,625,2400,3,flat3,peel-rapex,0.01,0,600,0.035229358,116,250,4079,0,2400,0,False,0.46,0.46,0.00955882352941173
grid_k25_N3,grid,625,2400,3,top1x3,exact,0.0,0,624,0.000340016,1,1,628,0,0,0,True,1.0,1.0,0.0
grid_k25_N3,grid,625,2400,3,top1x3,exact,0.0,24,600,0.000305261,1,1,625,0,0,0,True,1.0,1.0,0.0
grid_k25_N3,grid,625,2400,3,top1x3,exact,0.0,0,600,0.000293717,1,1,601,0,0,0,True,1.0,1.0,0.0
grid_k25_N3,grid,625,2400,3,top1x3,rapex-nodr,0.0,0,624,0.000117463,1,1,51,0,0,0,True,1.0,1.0,0.0
grid_k25_N3,grid,625,2400,3,top1x3,rapex-nodr,0.0,24,600,5.5344e-05,1,1,49,0,0,0,True,1.0,1.0,0.0
grid_k25_N3,grid,625,2400,3,top1x3,rapex-nodr,0.0,0,600,3.4957e-05,1,1,29,0,0,0,True,1.0,1.0,0.0
grid_k25_N3,grid,625,2400,3,top1x3,rapex,0.0,0,624,9.622e-05,1,1,51,0,0,0,True,1.0,1.0,0.0
grid_k25_N3,grid,625,2400,3,top1x3,rapex,0.0,24,600,6.3803e-05,1,1,49,0,0,0,True,1.0,1.0,0.0
grid_k25_N3,grid,625,2400,3,top1x3,rapex,0.0,0,600,3.9853e-05,1,1,29,0,0,0,True,1.0,1.0,0.0
grid_k25_N3,grid,625,2400,3,top1x3,topolex,0.0,0,624,0.000195354,1,1,0,10,0,0,True,1.0,1.0,0.0
grid_k25_N3,grid,625,2400,3,top1x3,topolex,0.0,24,600,0.000179488,1,1,0,10,0,0,True,1.0,1.0,0.0
grid_k25_N3,grid,625,2400,3,top1x3,topolex,0.0,0,600,0.00018547,1,1,0,10,0,0,True,1.0,1.0,0.0
grid_k25_N3,grid,625,2400,3,top1x3,peel-only,0.0,0,624,0.000190769,0,1,0,2,50,1,True,0.0,0.0,inf
grid_k25_N3,grid,625,2400,3,top1x3,peel-only,0.0,24,600,0.000162122,0,1,0,2,48,1,True,0.0,0.0,inf
grid_k25_N3,grid,625,2400,3,top1x3,peel-only,0.0,0,600,0.00015271,0,1,0,2,28,1,True,0.0,0.0,inf
grid_k25_N3,grid,625,2400,3,top1x3,peel-exact,0.0,0,624,0.000194574,1,1,51,2,50,1,True,1.0,1.0,0.0
grid_k25_N3,grid,625,2400,3,top1x3,peel-exact,0.0,24,600,0.000171697,1,1,49,2,48,1,True,1.0,1.0,0.0
grid_k25_N3,grid,625,2400,3,top1x3,peel-exact,0.0,0,600,0.000182483,1,1,29,2,28,1,True,1.0,1.0,0.0
grid_k25_N3,grid,625,2400,3,top1x3,peel-rapex,0.0,0,624,0.000520998,1,1,51,2,50,1,True,1.0,1.0,0.0
grid_k25_N3,grid,625,2400,3,top1x3,peel-rapex,0.0,24,600,0.000218789,1,1,49,2,48,1,True,1.0,1.0,0.0
grid_k25_N3,grid,625,2400,3,top1x3,peel-rapex,0.0,0,600,0.000207556,1,1,29,2,28,1,True,1.0,1.0,0.0
grid_k25_N3,grid,625,2400,3,top1x3,rapex-nodr,0.01,0,624,8.5826e-05,1,1,51,0,0,0,True,1.0,1.0,0.0
grid_k25_N3,grid,625,2400,3,top1x3,rapex-nodr,0.01,24,600,5.8202e-05,1,1,49,0,0,0,True,1.0,1.0,0.0
grid_k25_N3,grid,625,2400,3,top1x3,rapex-nodr,0.01,0,600,3.2854e-05,1,1,29,0,0,0,True,1.0,1.0,0.0
grid_k25_N3,grid,625,2400,3,top1x3,rapex,0.01,0,624,9.6054e-05,1,1,52,0,0,0,True,1.0,1.0,0.0
grid_k25_N3,grid,625,2400,3,top1x3,rapex,0.01,24,600,6.0607e-05,1,1,49,0,0,0,True,1.0,1.0,0.0
grid_k25_N3,grid,625,2400,3,top1x3,rapex,0.01,0,600,3.4225e-05,1,1,29,0,0,0,True,1.0,1.0,0.0
grid_k25_N3,grid,625,2400,3,top1x3,peel-rapex,0.01,0,624,0.000256794,1,1,51,2,50,1,True,1.0,1.0,0.0
grid_k25_N3,grid,625,2400,3,top1x3,peel-rapex,0.01,24,600,0.000229535,1,1,49,2,48,1,True,1.0,1.0,0.0
grid_k25_N3,grid,625,2400,3,top1x3,peel-rapex,0.01,0,600,0.000210338,1,1,29,2,28,1,True,1.0,1.0,0.0
grid_k30_N3,grid,900,3480,3,flat3,exact,0.0,0,899,83.357196005,3600,3600,521916,0,0,0,True,1.0,1.0,0.0
grid_k30_N3,grid,900,3480,3,flat3,exact,0.0,29,870,126.9777687,4471,4471,548798,0,0,0,True,1.0,1.0,0.0
grid_k30_N3,grid,900,3480,3,flat3,exact,0.0,0,870,13.476335709,379,379,254206,0,0,0,True,1.0,1.0,0.0
grid_k30_N3,grid,900,3480,3,flat3,rapex-nodr,0.0,0,899,246.619875617,3600,3600,302274,0,0,0,True,1.0,1.0,0.0
grid_k30_N3,grid,900,3480,3,flat3,rapex-nodr,0.0,29,870,387.096240373,4471,4471,341184,0,0,0,True,1.0,1.0,0.0
grid_k30_N3,grid,900,3480,3,flat3,rapex-nodr,0.0,0,870,0.319143277,379,379,11720,0,0,0,True,1.0,1.0,0.0
grid_k30_N3,grid,900,3480,3,flat3,rapex,0.0,0,899,137.871962522,3600,3600,302274,0,0,0,True,1.0,1.0,0.0
grid_k30_N3,grid,900,3480,3,flat3,rapex,0.0,29,870,213.986709694,4471,4471,341184,0,0,0,True,1.0,1.0,0.0
grid_k30_N3,grid,900,3480,3,flat3,rapex,0.0,0,870,0.249410778,379,379,11720,0,0,0,True,1.0,1.0,0.0
grid_k30_N3,grid,900,3480,3,flat3,topolex,0.0,0,899,0.001289516,3,3600,0,30,0,0,True,0.0008333333333333334,0.0008333333333333334,0.5976331360946745
grid_k30_N3,grid,900,3480,3,flat3,topolex,0.0,29,870,0.000798454,3,4471,0,30,0,0,True,0.0006709908297919928,0.0006709908297919928,0.523454157782516
grid_k30_N3,grid,900,3480,3,flat3,topolex,0.0,0,870,0.000763964,3,379,0,30,0,0,True,0.0079155672823219,0.0079155672823219,0.4913857677902622
grid_k30_N3,grid,900,3480,3,flat3,peel-only,0.0,0,899,3.805e-06,0,3600,0,0,3480,0,True,0.0,0.0,inf
grid_k30_N3,grid,900,3480,3,flat3,peel-only,0.0,29,870,2.898e-06,0,4471,0,0,3480,0,True,0.0,0.0,inf
grid_k30_N3,grid,900,3480,3,flat3,peel-only,0.0,0,870,1.961e-06,0,379,0,0,3480,0,True,0.0,0.0,inf
grid_k30_N3,grid,900,3480,3,flat3,peel-exact,0.0,0,899,80.256698995,3600,3600,521916,0,3480,0,True,1.0,1.0,0.0
grid_k30_N3,grid,900,3480,3,flat3,peel-exact,0.0,29,870,120.856260383,4471,4471,548798,0,3480,0,True,1.0,1.0,0.0
grid_k30_N3,grid,900,3480,3,flat3,peel-exact,0.0,0,870,12.887691155,379,379,254206,0,3480,0,True,1.0,1.0,0.0
grid_k30_N3,grid,900,3480,3,flat3,peel-rapex,0.0,0,899,121.77474309,3600,3600,302274,0,3480,0,True,1.0,1.0,0.0
grid_k30_N3,grid,900,3480,3,flat3,peel-rapex,0.0,29,870,207.285554423,4471,4471,341184,0,3480,0,True,1.0,1.0,0.0
grid_k30_N3,grid,900,3480,3,flat3,peel-rapex,0.0,0,870,0.274498552,379,379,11720,0,3480,0,True,1.0,1.0,0.0
grid_k30_N3,grid,900,3480,3,flat3,rapex-nodr,0.01,0,899,76.240986245,1888,3600,183557,0,0,0,False,0.5102777777777778,0.5102777777777778,0.00853018372703418
grid_k30_N3,grid,900,3480,3,flat3,rapex-nodr,0.01,29,870,115.006176199,2117,4471,212329,0,0,0,False,0.45202415566987253,0.45202415566987253,0.008910891089108919
grid_k30_N3,grid,900,3480,3,flat3,rapex-nodr,0.01,0,870,0.095263439,165,379,7684,0,0,0,False,0.42480211081794195,0.42480211081794195,0.00976709241172058
grid_k30_N3,grid,900,3480,3,flat3,rapex,0.01,0,899,40.718003462,1838,3600,165403,0,0,0,False,0.49833333333333335,0.49833333333333335,0.009696186166774368
grid_k30_N3,grid,900,3480,3,flat3,rapex,0.01,29,870,55.396584176,2007,4471,189862,0,0,0,False,0.42585551330798477,0.42585551330798477,0.008578027053777637
grid_k30_N3,grid,900,3480,3,flat3,rapex,0.01,0,870,0.067841769,160,379,6778,0,0,0,False,0.41424802110817943,0.41424802110817943,0.00976709241172058
grid_k30_N3,grid,900,3480,3,flat3,peel-rapex,0.01,0,899,36.12423816,1838,3600,165403,0,3480,0,False,0.49833333333333335,0.49833333333333335,0.009696186166774368
grid_k30_N3,grid,900,3480,3,flat3,peel-rapex,0.01,29,870,53.050733067,2007,4471,189862,0,3480,0,False,0.42585551330798477,0.42585551330798477,0.008578027053777637
grid_k30_N3,grid,900,3480,3,flat3,peel-rapex,0.01,0,870,0.071392048,160,379,6778,0,3480,0,False,0.41424802110817943,0.41424802110817943,0.00976709241172058
grid_k30_N3,grid,900,3480,3,top1x3,exact,0.0,0,899,0.000470391,1,1,893,0,0,0,True,1.0,1.0,0.0
grid_k30_N3,grid,900,3480,3,top1x3,exact,0.0,29,870,0.000475074,1,1,911,0,0,0,True,1.0,1.0,0.0
grid_k30_N3,grid,900,3480,3,top1x3,exact,0.0,0,870,0.000413216,1,1,830,0,0,0,True,1.0,1.0,0.0
grid_k30_N3,grid,900,3480,3,top1x3,rapex-nodr,0.0,0,899,0.00012541,1,1,63,0,0,0,True,1.0,1.0,0.0
grid_k30_N3,grid,900,3480,3,top1x3,rapex-nodr,0.0,29,870,8.8695e-05,1,1,59,0,0,0,True,1.0,1.0,0.0
grid_k30_N3,grid,900,3480,3,top1x3,rapex-nodr,0.0,0,870,5.7156e-05,1,1,44,0,0,0,True,1.0,1.0,0.0
grid_k30_N3,grid,900,3480,3,top1x3,rapex,0.0,0,899,0.00013651,1,1,63,0,0,0,True,1.0,1.0,0.0
grid_k30_N3,grid,900,3480,3,top1x3,rapex,0.0,29,870,7.5954e-05,1,1,59,0,0,0,True,1.0,1.0,0.0
grid_k30_N3,grid,900,3480,3,top1x3,rapex,0.0,0,870,6.2128e-05,1,1,44,0,0,0,True,1.0,1.0,0.0
grid_k30_N3,grid,900,3480,3,top1x3,topolex,0.0,0,899,0.000274925,1,1,0,10,0,0,True,1.0,1.0,0.0
grid_k30_N3,grid,900,3480,3,top1x3,topolex,0.0,29,870,0.000268522,1,1,0,10,0,0,True,1.0,1.0,0.0
grid_k30_N3,grid,900,3480,3,top1x3,topolex,0.0,0,870,0.000281235,1,1,0,10,0,0,True,1.0,1.0,0.0
grid_k30_N3,grid,900,3480,3,top1x3,peel-only,0.0,0,899,0.000279009,0,1,0,2,62,1,True,0.0,0.0,inf
grid_k30_N3,grid,900,3480,3,top1x3,peel-only,0.0,29,870,0.000252066,0,1,0,2,58,1,True,0.0,0.0,inf
grid_k30_N3,grid,900,3480,3,top1x3,peel-only,0.0,0,870,0.000237732,0,1,0,2,43,1,True,0.0,0.0,inf
grid_k30_N3,grid,900,3480,3,top1x3,peel-exact,0.0,0,899,0.000267976,1,1,63,2,62,1,True,1.0,1.0,0.0
grid_k30_N3,grid,900,3480,3,top1x3,peel-exact,0.0,29,870,0.0002774,1,1,59,2,58,1,True,1.0,1.0,0.0
grid_k30_N3,grid,900,3480,3,top1x3,peel-exact,0.0,0,870,0.000243725,1,1,44,2,43,1,True,1.0,1.0,0.0
grid_k30_N3,grid,900,3480,3,top1x3,peel-rapex,0.0,0,899,0.000379046,1,1,63,2,62,1,True,1.0,1.0,0.0
grid_k30_N3,grid,900,3480,3,top1x3,peel-rapex,0.0,29,870,0.000331201,1,1,59,2,58,1,True,1.0,1.0,0.0
grid_k30_N3,grid,900,3480,3,top1x3,peel-rapex,0.0,0,870,0.00030426,1,1,44,2,43,1,True,1.0,1.0,0.0
grid_k30_N3,grid,900,3480,3,top1x3,rapex-nodr,0.01,0,899,0.000106273,1,1,63,0,0,0,True,1.0,1.0,0.0
grid_k30_N3,grid,900,3480,3,top1x3,rapex-nodr,0.01,29,870,6.6822e-05,1,1,59,0,0,0,True,1.0,1.0,0.0
grid_k30_N3,grid,900,3480,3,top1x3,rapex-nodr,0.01,0,870,5.6604e-05,1,1,44,0,0,0,True,1.0,1.0,0.0
grid_k30_N3,grid,900,3480,3,top1x3,rapex,0.01,0,899,0.000113653,1,1,63,0,0,0,True,1.0,1.0,0.0
grid_k30_N3,grid,900,3480,3,top1x3,rapex,0.01,29,870,7.24e-05,1,1,59,0,0,0,True,1.0,1.0,0.0
grid_k30_N3,grid,900,3480,3,top1x3,rapex,0.01,0,870,6.3249e-05,1,1,44,0,0,0,True,1.0,1.0,0.0
grid_k30_N3,grid,900,3480,3,top1x3,peel-rapex,0.01,0,899,0.000391015,1,1,63,2,62,1,True,1.0,1.0,0.0
grid_k30_N3,grid,900,3480,3,top1x3,peel-rapex,0.01,29,870,0.000333264,1,1,59,2,58,1,True,1.0,1.0,0.0
grid_k30_N3,grid,900,3480,3,top1x3,peel-rapex,0.01,0,870,0.000300776,1,1,44,2,43,1,True,1.0,1.0,0.0
layer_L06W6_N3,layered,38,192,3,flat3,exact,0.0,36,37,0.004092474,92,92,777,0,0,0,True,1.0,1.0,0.0
layer_L06W6_N3,layered,38,192,3,flat3,rapex-nodr,0.0,36,37,0.004701664,92,92,471,0,0,0,True,1.0,1.0,0.0
layer_L06W6_N3,layered,38,192,3,flat3,rapex,0.0,36,37,0.004543185,92,92,471,0,0,0,True,1.0,1.0,0.0
layer_L06W6_N3,layered,38,192,3,flat3,topolex,0.0,36,37,5.9496e-05,3,92,0,30,0,0,True,0.03260869565217391,0.03260869565217391,1.2771084337349397
layer_L06W6_N3,layered,38,192,3,flat3,peel-only,0.0,36,37,2.418e-06,0,92,0,0,192,0,True,0.0,0.0,inf
layer_L06W6_N3,layered,38,192,3,flat3,peel-exact,0.0,36,37,0.003946362,92,92,777,0,192,0,True,1.0,1.0,0.0
layer_L06W6_N3,layered,38,192,3,flat3,peel-rapex,0.0,36,37,0.004706389,92,92,471,0,192,0,True,1.0,1.0,0.0
layer_L06W6_N3,layered,38,192,3,flat3,rapex-nodr,0.01,36,37,0.004619866,87,92,463,0,0,0,True,0.9456521739130435,0.9456521739130435,0.005847953216374213
layer_L06W6_N3,layered,38,192,3,flat3,rapex,0.01,36,37,0.004397975,87,92,461,0,0,0,True,0.9456521739130435,0.9456521739130435,0.005847953216374213
layer_L06W6_N3,layered,38,192,3,flat3,peel-rapex,0.01,36,37,0.00450127,87,92,461,0,192,0,True,0.9456521739130435,0.9456521739130435,0.005847953216374213
layer_L06W6_N3,layered,38,192,3,top1x3,exact,0.0,36,37,3.4968e-05,1,1,37,0,0,0,True,1.0,1.0,0.0
layer_L06W6_N3,layered,38,192,3,top1x3,rapex-nodr,0.0,36,37,2.0164e-05,1,1,8,0,0,0,True,1.0,1.0,0.0
layer_L06W6_N3,layered,38,192,3,top1x3,rapex,0.0,36,37,2.0418e-05,1,1,8,0,0,0,True,1.0,1.0,0.0
layer_L06W6_N3,layered,38,192,3,top1x3,topolex,0.0,36,37,2.0901e-05,1,1,0,10,0,0,True,1.0,1.0,0.0
layer_L06W6_N3,layered,38,192,3,top1x3,peel-only,0.0,36,37,2.1076e-05,0,1,0,2,7,1,True,0.0,0.0,inf
layer_L06W6_N3,layered,38,192,3,top1x3,peel-exact,0.0,36,37,2.5679e-05,1,1,8,2,7,1,True,1.0,1.0,0.0
layer_L06W6_N3,layered,38,192,3,top1x3,peel-rapex,0.0,36,37,3.4061e-05,1,1,8,2,7,1,True,1.0,1.0,0.0
layer_L06W6_N3,layered,38,192,3,top1x3,rapex-nodr,0.01,36,37,1.9875e-05,1,1,8,0,0,0,True,1.0,1.0,0.0
layer_L06W6_N3,layered,38,192,3,top1x3,rapex,0.01,36,37,2.6917e-05,1,1,8,0,0,0,True,1.0,1.0,0.0
layer_L06W6_N3,layered,38,192,3,top1x3,peel-rapex,0.01,36,37,3.5993e-05,1,1,8,2,7,1,True,1.0,1.0,0.0
layer_L10W6_N3,layered,62,336,3,flat3,exact,0.0,60,61,0.227741072,516,516,7032,0,0,0,True,1.0,1.0,0.0
layer_L10W6_N3,layered,62,336,3,flat3,rapex-nodr,0.0,60,61,0.279790422,516,516,4933,0,0,0,True,1.0,1.0,0.0
layer_L10W6_N3,layered,62,336,3,flat3,rapex,0.0,60,61,0.241510578,516,516,4933,0,0,0,True,1.0,1.0,0.0
layer_L10W6_N3,layered,62,336,3,flat3,topolex,0.0,60,61,8.7556e-05,3,516,0,30,0,0,True,0.005813953488372093,0.005813953488372093,1.250871080139373
layer_L10W6_N3,layered,62,336,3,flat3,peel-only,0.0,60,61,2.44e-06,0,516,0,0,336,0,True,0.0,0.0,inf
layer_L10W6_N3,layered,62,336,3,flat3,peel-exact,0.0,60,61,0.231025821,516,516,7032,0,336,0,True,1.0,1.0,0.0
layer_L10W6_N3,layered,62,336,3,flat3,peel-rapex,0.0,60,61,0.237176089,516,516,4933,0,336,0,True,1.0,1.0,0.0
layer_L10W6_N3,layered,62,336,3,flat3,rapex-nodr,0.01,60,61,0.216083031,397,516,4408,0,0,0,True,0.7693798449612403,0.7693798449612403,0.009966777408637828
layer_L10W6_N3,layered,62,336,3,flat3,rapex,0.01,60,61,0.174090078,397,516,4362,0,0,0,True,0.7693798449612403,0.7693798449612403,0.009966777408637828
layer_L10W6_N3,layered,62,336,3,flat3,peel-rapex,0.01,60,61,0.17106295,397,516,4362,0,336,0,True,0.7693798449612403,0.7693798449612403,0.009966777408637828
layer_L10W6_N3,layered,62,336,3,top1x3,exact,0.0,60,61,6.1707e-05,1,1,61,0,0,0,True,1.0,1.0,0.0
layer_L10W6_N3,layered,62,336,3,top1x3,rapex-nodr,0.0,60,61,3.1728e-05,1,1,12,0,0,0,True,1.0,1.0,0.0
layer_L10W6_N3,layered,62,336,3,top1x3,rapex,0.0,60,61,3.3368e-05,1,1,12,0,0,0,True,1.0,1.0,0.0
layer_L10W6_N3,layered,62,336,3,top1x3,topolex,0.0,60,61,3.9587e-05,1,1,0,10,0,0,True,1.0,1.0,0.0
layer_L10W6_N3,layered,62,336,3,top1x3,peel-only,0.0,60,61,2.976e-05,0,1,0,2,11,1,True,0.0,0.0,inf
layer_L10W6_N3,layered,62,336,3,top1x3,peel-exact,0.0,60,61,3.5209e-05,1,1,12,2,11,1,True,1.0,1.0,0.0
layer_L10W6_N3,layered,62,336,3,top1x3,peel-rapex,0.0,60,61,5.2258e-05,1,1,12,2,11,1,True,1.0,1.0,0.0
layer_L10W6_N3,layered,62,336,3,top1x3,rapex-nodr,0.01,60,61,2.9934e-05,1,1,12,0,0,0,True,1.0,1.0,0.0
layer_L10W6_N3,layered,62,336,3,top1x3,rapex,0.01,60,61,2.9925e-05,1,1,12,0,0,0,True,1.0,1.0,0.0
layer_L10W6_N3,layered,62,336,3,top1x3,peel-rapex,0.01,60,61,4.9293e-05,1,1,12,2,11,1,True,1.0,1.0,0.0
layer_L14W6_N3,layered,86,480,3,flat3,exact,0.0,84,85,2.572734409,1322,1322,25660,0,0,0,True,1.0,1.0,0.0
layer_L14W6_N3,layered,86,480,3,flat3,rapex-nodr,0.0,84,85,4.213416272,1322,1322,19117,0,0,0,True,1.0,1.0,0.0
layer_L14W6_N3,layered,86,480,3,flat3,rapex,0.0,84,85,3.062259848,1322,1322,19117,0,0,0,True,1.0,1.0,0.0
layer_L14W6_N3,layered,86,480,3,flat3,topolex,0.0,84,85,0.000120777,3,1322,0,30,0,0,True,0.0022692889561270802,0.0022692889561270802,1.6147058823529412
layer_L14W6_N3,layered,86,480,3,flat3,peel-only,0.0,84,85,2.535e-06,0,1322,0,0,480,0,True,0.0,0.0,inf
layer_L14W6_N3,layered,86,480,3,flat3,peel-exact,0.0,84,85,2.652117921,1322,1322,25660,0,480,0,True,1.0,1.0,0.0
layer_L14W6_N3,layered,86,480,3,flat3,peel-rapex,0.0,84,85,3.281357844,1322,1322,19117,0,480,0,True,1.0,1.0,0.0
layer_L14W6_N3,layered,86,480,3,flat3,rapex-nodr,0.01,84,85,2.597966357,922,1322,16185,0,0,0,False,0.6944024205748865,0.6944024205748865,0.009933774834437026
layer_L14W6_N3,layered,86,480,3,flat3,rapex,0.01,84,85,1.860374926,918,1322,15897,0,0,0,False,0.6921331316187594,0.6921331316187594,0.009933774834437026
layer_L14W6_N3,layered,86,480,3,flat3,peel-rapex,0.01,84,85,1.856850534,918,1322,15897,0,480,0,False,0.6921331316187594,0.6921331316187594,0.009933774834437026
layer_L14W6_N3,layered,86,480,3,top1x3,exact,0.0,84,85,0.000101743,1,1,86,0,0,0,True,1.0,1.0,0.0
layer_L14W6_N3,layered,86,480,3,top1x3,rapex-nodr,0.0,84,85,4.0729e-05,1,1,16,0,0,0,True,1.0,1.0,0.0
layer_L14W6_N3,layered,86,480,3,top1x3,rapex,0.0,84,85,4.247e-05,1,1,16,0,0,0,True,1.0,1.0,0.0
layer_L14W6_N3,layered,86,480,3,top1x3,topolex,0.0,84,85,4.5403e-05,1,1,0,10,0,0,True,1.0,1.0,0.0
layer_L14W6_N3,layered,86,480,3,top1x3,peel-only,0.0,84,85,3.96e-05,0,1,0,2,15,1,True,0.0,0.0,inf
layer_L14W6_N3,layered,86,480,3,top1x3,peel-exact,0.0,84,85,4.6754e-05,1,1,16,2,15,1,True,1.0,1.0,0.0
layer_L14W6_N3,layered,86,480,3,top1x3,peel-rapex,0.0,84,85,6.5932e-05,1,1,16,2,15,1,True,1.0,1.0,0.0
layer_L14W6_N3,layered,86,480,3,top1x3,rapex-nodr,0.01,84,85,4.183e-05,1,1,16,0,0,0,True,1.0,1.0,0.0
layer_L14W6_N3,layered,86,480,3,top1x3,rapex,0.01,84,85,4.5172e-05,1,1,16,0,0,0,True,1.0,1.0,0.0
layer_L14W6_N3,layered,86,480,3,top1x3,peel-rapex,0.01,84,85,6.4475e-05,1,1,16,2,15,1,True,1.0,1.0,0.0
layer_L20W6_N3,layered,122,696,3,flat3,exact,0.0,120,121,10.910586333,2121,2121,64529,0,0,0,True,1.0,1.0,0.0
layer_L20W6_N3,layered,122,696,3,flat3,rapex-nodr,0.0,120,121,20.921015247,2121,2121,48268,0,0,0,True,1.0,1.0,0.0
layer_L20W6_N3,layered,122,696,3,flat3,rapex,0.0,120,121,14.691435924,2121,2121,48268,0,0,0,True,1.0,1.0,0.0
layer_L20W6_N3,layered,122,696,3,flat3,topolex,0.0,120,121,0.000186044,3,2121,0,30,0,0,True,0.0014144271570014145,0.0014144271570014145,1.4977272727272726
layer_L20W6_N3,layered,122,696,3,flat3,peel-only,0.0,120,121,2.699e-06,0,2121,0,0,696,0,True,0.0,0.0,inf
layer_L20W6_N3,layered,122,696,3,flat3,peel-exact,0.0,120,121,11.289632451,2121,2121,64529,0,696,0,True,1.0,1.0,0.0
layer_L20W6_N3,layered,122,696,3,flat3,peel-rapex,0.0,120,121,14.854595925,2121,2121,48268,0,696,0,True,1.0,1.0,0.0
layer_L20W6_N3,layered,122,696,3,flat3,rapex-nodr,0.01,120,121,13.176354114,1427,2121,39532,0,0,0,False,0.6676096181046676,0.6676096181046676,0.009544008483563182
layer_L20W6_N3,layered,122,696,3,flat3,rapex,0.01,120,121,8.067399988,1414,2121,38275,0,0,0,False,0.6619519094766619,0.6619519094766619,0.009771986970684043
layer_L20W6_N3,layered,122,696,3,flat3,peel-rapex,0.01,120,121,7.922488325,1414,2121,38275,0,696,0,False,0.6619519094766619,0.6619519094766619,0.009771986970684043
layer_L20W6_N3,layered,122,696,3,top1x3,exact,0.0,120,121,0.000123163,1,1,122,0,0,0,True,1.0,1.0,0.0
layer_L20W6_N3,layered,122,696,3,top1x3,rapex-nodr,0.0,120,121,5.4089e-05,1,1,22,0,0,0,True,1.0,1.0,0.0
layer_L20W6_N3,layered,122,696,3,top1x3,rapex,0.0,120,121,5.407e-05,1,1,22,0,0,0,True,1.0,1.0,0.0
layer_L20W6_N3,layered,122,696,3,top1x3,topolex,0.0,120,121,6.3028e-05,1,1,0,10,0,0,True,1.0,1.0,0.0
layer_L20W6_N3,layered,122,696,3,top1x3,peel-only,0.0,120,121,5.6438e-05,0,1,0,2,21,1,True,0.0,0.0,inf
layer_L20W6_N3,layered,122,696,3,top1x3,peel-exact,0.0,120,121,6.2431e-05,1,1,22,2,21,1,True,1.0,1.0,0.0
layer_L20W6_N3,layered,122,696,3,top1x3,peel-rapex,0.0,120,121,8.2908e-05,1,1,22,2,21,1,True,1.0,1.0,0.0
layer_L20W6_N3,layered,122,696,3,top1x3,rapex-nodr,0.01,120,121,5.4562e-05,1,1,22,0,0,0,True,1.0,1.0,0.0
layer_L20W6_N3,layered,122,696,3,top1x3,rapex,0.01,120,121,5.19e-05,1,1,22,0,0,0,True,1.0,1.0,0.0
layer_L20W6_N3,layered,122,696,3,top1x3,peel-rapex,0.01,120,121,8.5184e-05,1,1,22,2,21,1,True,1.0,1.0,0.0
layer_L26W6_N3,layered,158,912,3,flat3,exact,0.0,156,157,38.443414233,3116,3116,127450,0,0,0,True,1.0,1.0,0.0
layer_L26W6_N3,layered,158,912,3,flat3,rapex-nodr,0.0,156,157,99.340845438,3116,3116,97508,0,0,0,True,1.0,1.0,0.0
layer_L26W6_N3,layered,158,912,3,flat3,rapex,0.0,156,157,60.576646374,3116,3116,97508,0,0,0,True,1.0,1.0,0.0
layer_L26W6_N3,layered,158,912,3,flat3,topolex,0.0,156,157,0.000235202,4,3116,0,30,0,0,True,0.0012836970474967907,0.0012836970474967907,1.4737678855325913
layer_L26W6_N3,layered,158,912,3,flat3,peel-only,0.0,156,157,2.96e-06,0,3116,0,0,912,0,True,0.0,0.0,inf
layer_L26W6_N3,layered,158,912,3,flat3,peel-exact,0.0,156,157,38.474844433,3116,3116,127450,0,912,0,True,1.0,1.0,0.0
layer_L26W6_N3,layered,158,912,3,flat3,peel-rapex,0.0,156,157,63.510944914,3116,3116,97508,0,912,0,True,1.0,1.0,0.0
layer_L26W6_N3,layered,158,912,3,flat3,rapex-nodr,0.01,156,157,46.193424501,1840,3116,75157,0,0,0,False,0.5815147625160462,0.5815147625160462,0.009685230024213176
layer_L26W6_N3,layered,158,912,3,flat3,rapex,0.01,156,157,24.534351252,1806,3116,70851,0,0,0,False,0.5664313222079589,0.5664313222079589,0.009033423667569984
layer_L26W6_N3,layered,158,912,3,flat3,peel-rapex,0.01,156,157,24.457429771,1806,3116,70851,0,912,0,False,0.5664313222079589,0.5664313222079589,0.009033423667569984
layer_L26W6_N3,layered,158,912,3,top1x3,exact,0.0,156,157,0.000187394,1,1,164,0,0,0,True,1.0,1.0,0.0
layer_L26W6_N3,layered,158,912,3,top1x3,rapex-nodr,0.0,156,157,0.000110069,1,1,32,0,0,0,True,1.0,1.0,0.0
layer_L26W6_N3,layered,158,912,3,top1x3,rapex,0.0,156,157,0.000108077,1,1,32,0,0,0,True,1.0,1.0,0.0
layer_L26W6_N3,layered,158,912,3,top1x3,topolex,0.0,156,157,9.5863e-05,1,1,0,10,0,0,True,1.0,1.0,0.0
layer_L26W6_N3,layered,158,912,3,top1x3,peel-only,0.0,156,157,7.2814e-05,0,1,0,2,33,1,True,0.0,0.0,inf
layer_L26W6_N3,layered,158,912,3,top1x3,peel-exact,0.0,156,157,8.8811e-05,1,1,32,2,33,1,True,1.0,1.0,0.0
layer_L26W6_N3,layered,158,912,3,top1x3,peel-rapex,0.0,156,157,0.000138621,1,1,28,2,33,1,True,1.0,1.0,0.0
layer_L26W6_N3,layered,158,912,3,top1x3,rapex-nodr,0.01,156,157,9.814e-05,1,1,33,0,0,0,True,1.0,1.0,0.0
layer_L26W6_N3,layered,158,912,3,top1x3,rapex,0.01,156,157,9.4621e-05,1,1,34,0,0,0,False,0.0,0.0,0.027210884353741527
layer_L26W6_N3,layered,158,912,3,top1x3,peel-rapex,0.01,156,157,0.000116996,1,1,28,2,33,1,True,1.0,1.0,0.0
layer_L34W6_N3,layered,206,1200,3,top1x3,exact,0.0,204,205,0.000193928,1,1,205,0,0,0,True,1.0,1.0,0.0
layer_L34W6_N3,layered,206,1200,3,top1x3,rapex-nodr,0.0,204,205,0.000108757,1,1,38,0,0,0,True,1.0,1.0,0.0
layer_L34W6_N3,layered,206,1200,3,top1x3,rapex,0.0,204,205,0.000104462,1,1,38,0,0,0,True,1.0,1.0,0.0
layer_L34W6_N3,layered,206,1200,3,top1x3,topolex,0.0,204,205,0.000101348,1,1,0,10,0,0,True,1.0,1.0,0.0
layer_L34W6_N3,layered,206,1200,3,top1x3,peel-only,0.0,204,205,8.7823e-05,0,1,0,2,38,1,True,0.0,0.0,inf
layer_L34W6_N3,layered,206,1200,3,top1x3,peel-exact,0.0,204,205,0.0001,1,1,38,2,38,1,True,1.0,1.0,0.0
layer_L34W6_N3,layered,206,1200,3,top1x3,peel-rapex,0.0,204,205,0.000130974,1,1,36,2,38,1,True,1.0,1.0,0.0
layer_L34W6_N3,layered,206,1200,3,top1x3,rapex-nodr,0.01,204,205,9.9615e-05,1,1,38,0,0,0,True,1.0,1.0,0.0
layer_L34W6_N3,layered,206,1200,3,top1x3,rapex,0.01,204,205,9.603e-05,1,1,38,0,0,0,True,1.0,1.0,0.0
layer_L34W6_N3,layered,206,1200,3,top1x3,peel-rapex,0.01,204,205,0.000136888,1,1,36,2,38,1,True,1.0,1.0,0.0
rand_n200_N3,random,200,800,3,flat3,exact,0.0,93,92,0.00074963,11,11,630,0,0,0,True,1.0,1.0,0.0
rand_n200_N3,random,200,800,3,flat3,exact,0.0,59,182,0.000974094,6,6,898,0,0,0,True,1.0,1.0,0.0
rand_n200_N3,random,200,800,3,flat3,exact,0.0,82,171,0.000212005,5,5,206,0,0,0,True,1.0,1.0,0.0
rand_n200_N3,random,200,800,3,flat3,rapex-nodr,0.0,93,92,0.0001268,11,11,67,0,0,0,True,1.0,1.0,0.0
rand_n200_N3,random,200,800,3,flat3,rapex-nodr,0.0,59,182,5.2543e-05,6,6,36,0,0,0,True,1.0,1.0,0.0
rand_n200_N3,random,200,800,3,flat3,rapex-nodr,0.0,82,171,4.4247e-05,5,5,27,0,0,0,True,1.0,1.0,0.0
rand_n200_N3,random,200,800,3,flat3,rapex,0.0,93,92,0.000137809,11,11,67,0,0,0,True,1.0,1.0,0.0
rand_n200_N3,random,200,800,3,flat3,rapex,0.0,59,182,5.4907e-05,6,6,36,0,0,0,True,1.0,1.0,0.0
rand_n200_N3,random,200,800,3,flat3,rapex,0.0,82,171,5.0026e-05,5,5,27,0,0,0,True,1.0,1.0,0.0
rand_n200_N3,random,200,800,3,flat3,topolex,0.0,93,92,0.000224058,3,11,0,30,0,0,True,0.2727272727272727,0.2727272727272727,0.5617021276595744
rand_n200_N3,random,200,800,3,flat3,topolex,0.0,59,182,0.000200881,3,6,0,30,0,0,True,0.5,0.5,0.28859060402684555
rand_n200_N3,random,200,800,3,flat3,topolex,0.0,82,171,0.000201282,3,5,0,30,0,0,True,0.6,0.6,0.6481481481481481
rand_n200_N3,random,200,800,3,flat3,peel-only,0.0,93,92,2.258e-06,0,11,0,0,800,0,True,0.0,0.0,inf
rand_n200_N3,random,200,800,3,flat3,peel-only,0.0,59,182,1.782e-06,0,6,0,0,800,0,True,0.0,0.0,inf
rand_n200_N3,random,200,800,3,flat3,peel-only,0.0,82,171,8.17e-07,0,5,0,0,800,0,True,0.0,0.0,inf
rand_n200_N3,random,200,800,3,flat3,peel-exact,0.0,93,92,0.000776759,11,11,630,0,800,0,True,1.0,1.0,0.0
rand_n200_N3,random,200,800,3,flat3,peel-exact,0.0,59,182,0.00101767,6,6,898,0,800,0,True,1.0,1.0,0.0
rand_n200_N3,random,200,800,3,flat3,peel-exact,0.0,82,171,0.000217119,5,5,206,0,800,0,True,1.0,1.0,0.0
rand_n200_N3,random,200,800,3,flat3,peel-rapex,0.0,93,92,0.000280107,11,11,67,0,800,0,True,1.0,1.0,0.0
rand_n200_N3,random,200,800,3,flat3,peel-rapex,0.0,59,182,0.00016811,6,6,36,0,800,0,True,1.0,1.0,0.0
rand_n200_N3,random,200,800,3,flat3,peel-rapex,0.0,82,171,0.000160956,5,5,27,0,800,0,True,1.0,1.0,0.0
rand_n200_N3,random,200,800,3,flat3,rapex-nodr,0.01,93,92,0.000127156,11,11,66,0,0,0,True,1.0,1.0,0.0
rand_n200_N3,random,200,800,3,flat3,rapex-nodr,0.01,59,182,5.0739e-05,6,6,35,0,0,0,True,1.0,1.0,0.0
rand_n200_N3,random,200,800,3,flat3,rapex-nodr,0.01,82,171,4.4269e-05,5,5,27,0,0,0,True,1.0,1.0,0.0
rand_n200_N3,random,200,800,3,flat3,rapex,0.01,93,92,0.000136903,11,11,66,0,0,0,True,1.0,1.0,0.0
rand_n200_N3,random,200,800,3,flat3,rapex,0.01,59,182,5.4618e-05,6,6,35,0,0,0,True,1.0,1.0,0.0
rand_n200_N3,random,200,800,3,flat3,rapex,0.01,82,171,6.7695e-05,5,5,27,0,0,0,True,1.0,1.0,0.0
rand_n200_N3,random,200,800,3,flat3,peel-rapex,0.01,93,92,0.000267735,11,11,66,0,800,0,True,1.0,1.0,0.0
rand_n200_N3,random,200,800,3,flat3,peel-rapex,0.01,59,182,0.000171691,6,6,35,0,800,0,True,1.0,1.0,0.0
rand_n200_N3,random,200,800,3,flat3,peel-rapex,0.01,82,171,0.000168756,5,5,27,0,800,0,True,1.0,1.0,0.0
rand_n200_N3,random,200,800,3,top1x3,exact,0.0,93,92,2.8892e-05,1,1,32,0,0,0,True,1.0,1.0,0.0
rand_n200_N3,random,200,800,3,top1x3,exact,0.0,59,182,0.000114743,1,1,195,0,0,0,True,1.0,1.0,0.0
rand_n200_N3,random,200,800,3,top1x3,exact,0.0,82,171,3.2477e-05,1,1,28,0,0,0,True,1.0,1.0,0.0
rand_n200_N3,random,200,800,3,top1x3,rapex-nodr,0.0,93,92,1.3947e-05,1,1,5,0,0,0,True,1.0,1.0,0.0
rand_n200_N3,random,200,800,3,top1x3,rapex-nodr,0.0,59,182,1.3837e-05,1,1,6,0,0,0,True,1.0,1.0,0.0
rand_n200_N3,random,200,800,3,top1x3,rapex-nodr,0.0,82,171,1.3965e-05,1,1,5,0,0,0,True,1.0,1.0,0.0
rand_n200_N3,random,200,800,3,top1x3,rapex,0.0,93,92,1.4794e-05,1,1,5,0,0,0,True,1.0,1.0,0.0
rand_n200_N3,random,200,800,3,top1x3,rapex,0.0,59,182,1.4024e-05,1,1,6,0,0,0,True,1.0,1.0,0.0
rand_n200_N3,random,200,800,3,top1x3,rapex,0.0,82,171,1.3677e-05,1,1,5,0,0,0,True,1.0,1.0,0.0
rand_n200_N3,random,200,800,3,top1x3,topolex,0.0,93,92,7.939e-05,1,1,0,10,0,0,True,1.0,1.0,0.0
rand_n200_N3,random,200,800,3,top1x3,topolex,0.0,59,182,7.2157e-05,1,1,0,10,0,0,True,1.0,1.0,0.0
rand_n200_N3,random,200,800,3,top1x3,topolex,0.0,82,171,7.2965e-05,1,1,0,10,0,0,True,1.0,1.0,0.0
rand_n200_N3,random,200,800,3,top1x3,peel-only,0.0,93,92,7.3863e-05,0,1,0,2,4,1,True,0.0,0.0,inf
rand_n200_N3,random,200,800,3,top1x3,peel-only,0.0,59,182,6.9882e-05,0,1,0,2,5,1,True,0.0,0.0,inf
rand_n200_N3,random,200,800,3,top1x3,peel-only,0.0,82,171,6.9531e-05,0,1,0,2,4,1,True,0.0,0.0,inf
rand_n200_N3,random,200,800,3,top1x3,peel-exact,0.0,93,92,7.8892e-05,1,1,5,2,4,1,True,1.0,1.0,0.0
rand_n200_N3,random,200,800,3,top1x3,peel-exact,0.0,59,182,9.0538e-05,1,1,6,2,5,1,True,1.0,1.0,0.0
rand_n200_N3,random,200,800,3,top1x3,peel-exact,0.0,82,171,7.8433e-05,1,1,5,2,4,1,True,1.0,1.0,0.0
rand_n200_N3,random,200,800,3,top1x3,peel-rapex,0.0,93,92,0.000100397,1,1,5,2,4,1,True,1.0,1.0,0.0
rand_n200_N3,random,200,800,3,top1x3,peel-rapex,0.0,59,182,8.8313e-05,1,1,6,2,5,1,True,1.0,1.0,0.0
rand_n200_N3,random,200,800,3,top1x3,peel-rapex,0.0,82,171,8.7136e-05,1,1,5,2,4,1,True,1.0,1.0,0.0
rand_n200_N3,random,200,800,3,top1x3,rapex-nodr,0.01,93,92,1.413e-05,1,1,5,0,0,0,True,1.0,1.0,0.0
rand_n200_N3,random,200,800,3,top1x3,rapex-nodr,0.01,59,182,1.3552e-05,1,1,6,0,0,0,True,1.0,1.0,0.0
rand_n200_N3,random,200,800,3,top1x3,rapex-nodr,0.01,82,171,1.387e-05,1,1,5,0,0,0,True,1.0,1.0,0.0
rand_n200_N3,random,200,800,3,top1x3,rapex,0.01,93,92,1.6913e-05,1,1,5,0,0,0,True,1.0,1.0,0.0
rand_n200_N3,random,200,800,3,top1x3,rapex,0.01,59,182,1.4377e-05,1,1,6,0,0,0,True,1.0,1.0,0.0
rand_n200_N3,random,200,800,3,top1x3,rapex,0.01,82,171,1.3997e-05,1,1,5,0,0,0,True,1.0,1.0,0.0
rand_n200_N3,random,200,800,3,top1x3,peel-rapex,0.01,93,92,0.000100126,1,1,5,2,4,1,True,1.0,1.0,0.0
rand_n200_N3,random,200,800,3,top1x3,peel-rapex,0.01,59,182,8.8846e-05,1,1,6,2,5,1,True,1.0,1.0,0.0
rand_n200_N3,random,200,800,3,top1x3,peel-rapex,0.01,82,171,0.000106556,1,1,5,2,4,1,True,1.0,1.0,0.0
rand_n800_N3,random,800,3200,3,flat3,exact,0.0,284,390,0.00391266,10,10,2905,0,0,0,True,1.0,1.0,0.0
rand_n800_N3,random,800,3200,3,flat3,exact,0.0,37,380,0.006301741,14,14,4200,0,0,0,True,1.0,1.0,0.0
rand_n800_N3,random,800,3200,3,flat3,exact,0.0,300,188,0.000415433,2,2,514,0,0,0,True,1.0,1.0,0.0
rand_n800_N3,random,800,3200,3,flat3,rapex-nodr,0.0,284,390,0.000136982,10,10,56,0,0,0,True,1.0,1.0,0.0
rand_n800_N3,random,800,3200,3,flat3,rapex-nodr,0.0,37,380,0.000376994,14,14,173,0,0,0,True,1.0,1.0,0.0
rand_n800_N3,random,800,3200,3,flat3,rapex-nodr,0.0,300,188,2.1584e-05,2,2,10,0,0,0,True,1.0,1.0,0.0
rand_n800_N3,random,800,3200,3,flat3,rapex,0.0,284,390,0.000138133,10,10,56,0,0,0,True,1.0,1.0,0.0
rand_n800_N3,random,800,3200,3,flat3,rapex,0.0,37,380,0.000465412,14,14,173,0,0,0,True,1.0,1.0,0.0
rand_n800_N3,random,800,3200,3,flat3,rapex,0.0,300,188,2.211e-05,2,2,10,0,0,0,True,1.0,1.0,0.0
rand_n800_N3,random,800,3200,3,flat3,topolex,0.0,284,390,0.000947385,3,10,0,30,0,0,True,0.3,0.3,0.3754266211604096
rand_n800_N3,random,800,3200,3,flat3,topolex,0.0,37,380,0.000948367,3,14,0,30,0,0,True,0.21428571428571427,0.21428571428571427,0.36296296296296293
rand_n800_N3,random,800,3200,3,flat3,topolex,0.0,300,188,0.000903653,2,2,0,30,0,0,True,1.0,1.0,0.0
rand_n800_N3,random,800,3200,3,flat3,peel-only,0.0,284,390,3.688e-06,0,10,0,0,3200,0,True,0.0,0.0,inf
rand_n800_N3,random,800,3200,3,flat3,peel-only,0.0,37,380,2.972e-06,0,14,0,0,3200,0,True,0.0,0.0,inf
rand_n800_N3,random,800,3200,3,flat3,peel-only,0.0,300,188,1.817e-06,0,2,0,0,3200,0,True,0.0,0.0,inf
rand_n800_N3,random,800,3200,3,flat3,peel-exact,0.0,284,390,0.003897517,10,10,2905,0,3200,0,True,1.0,1.0,0.0
rand_n800_N3,random,800,3200,3,flat3,peel-exact,0.0,37,380,0.006383376,14,14,4200,0,3200,0,True,1.0,1.0,0.0
rand_n800_N3,random,800,3200,3,flat3,peel-exact,0.0,300,188,0.000471972,2,2,514,0,3200,0,True,1.0,1.0,0.0
rand_n800_N3,random,800,3200,3,flat3,peel-rapex,0.0,284,390,0.000637119,10,10,56,0,3200,0,True,1.0,1.0,0.0
rand_n800_N3,random,800,3200,3,flat3,peel-rapex,0.0,37,380,0.000858872,14,14,173,0,3200,0,True,1.0,1.0,0.0
rand_n800_N3,random,800,3200,3,flat3,peel-rapex,0.0,300,188,0.000514973,2,2,10,0,3200,0,True,1.0,1.0,0.0
rand_n800_N3,random,800,3200,3,flat3,rapex-nodr,0.01,284,390,0.000117691,9,10,51,0,0,0,True,0.9,0.9,0.004201680672268893
rand_n800_N3,random,800,3200,3,flat3,rapex-nodr,0.01,37,380,0.000322926,13,14,161,0,0,0,True,0.9285714285714286,0.9285714285714286,0.0073710073710073765
rand_n800_N3,random,800,3200,3,flat3,rapex-nodr,0.01,300,188,1.4041e-05,1,2,5,0,0,0,True,0.5,0.5,0.007194244604316502
rand_n800_N3,random,800,3200,3,flat3,rapex,0.01,284,390,0.000118349,9,10,51,0,0,0,True,0.9,0.9,0.004201680672268893
rand_n800_N3,random,800,3200,3,flat3,rapex,0.01,37,380,0.000362611,13,14,161,0,0,0,True,0.9285714285714286,0.9285714285714286,0.0073710073710073765
rand_n800_N3,random,800,3200,3,flat3,rapex,0.01,300,188,1.3792e-05,1,2,5,0,0,0,True,0.5,0.5,0.007194244604316502
rand_n800_N3,random,800,3200,3,flat3,peel-rapex,0.01,284,390,0.000619181,9,10,51,0,3200,0,True,0.9,0.9,0.004201680672268893
rand_n800_N3,random,800,3200,3,flat3,peel-rapex,0.01,37,380,0.000803404,13,14,161,0,3200,0,True,0.9285714285714286,0.9285714285714286,0.0073710073710073765
rand_n800_N3,random,800,3200,3,flat3,peel-rapex,0.01,300,188,0.000536826,1,2,5,0,3200,0,True,0.5,0.5,0.007194244604316502
rand_n800_N3,random,800,3200,3,top1x3,exact,0.0,284,390,0.000474253,1,1,658,0,0,0,True,1.0,1.0,0.0
rand_n800_N3,random,800,3200,3,top1x3,exact,0.0,37,380,0.00027201,1,1,239,0,0,0,True,1.0,1.0,0.0
rand_n800_N3,random,800,3200,3,top1x3,exact,0.0,300,188,0.000195274,1,1,249,0,0,0,True,1.0,1.0,0.0
rand_n800_N3,random,800,3200,3,top1x3,rapex-nodr,0.0,284,390,3.8713e-05,1,1,10,0,0,0,True,1.0,1.0,0.0
rand_n800_N3,random,800,3200,3,top1x3,rapex-nodr,0.0,37,380,2.7361e-05,1,1,9,0,0,0,True,1.0,1.0,0.0
rand_n800_N3,random,800,3200,3,top1x3,rapex-nodr,0.0,300,188,1.9303e-05,1,1,5,0,0,0,True,1.0,1.0,0.0
rand_n800_N3,random,800,3200,3,top1x3,rapex,0.0,284,390,5.6922e-05,1,1,10,0,0,0,True,1.0,1.0,0.0
rand_n800_N3,random,800,3200,3,top1x3,rapex,0.0,37,380,2.8024e-05,1,1,9,0,0,0,True,1.0,1.0,0.0
rand_n800_N3,random,800,3200,3,top1x3,rapex,0.0,300,188,2.2373e-05,1,1,5,0,0,0,True,1.0,1.0,0.0
rand_n800_N3,random,800,3200,3,top1x3,topolex,0.0,284,390,0.000356287,1,1,0,10,0,0,True,1.0,1.0,0.0
rand_n800_N3,random,800,3200,3,top1x3,topolex,0.0,37,380,0.000314937,1,1,0,10,0,0,True,1.0,1.0,0.0
rand_n800_N3,random,800,3200,3,top1x3,topolex,0.0,300,188,0.000316578,1,1,0,10,0,0,True,1.0,1.0,0.0
rand_n800_N3,random,800,3200,3,top1x3,peel-only,0.0,284,390,0.000363438,0,1,0,2,9,1,True,0.0,0.0,inf
rand_n800_N3,random,800,3200,3,top1x3,peel-only,0.0,37,380,0.000309046,0,1,0,2,8,1,True,0.0,0.0,inf
rand_n800_N3,random,800,3200,3,top1x3,peel-only,0.0,300,188,0.000299654,0,1,0,2,4,1,True,0.0,0.0,inf
rand_n800_N3,random,800,3200,3,top1x3,peel-exact,0.0,284,390,0.0003371,1,1,10,2,9,1,True,1.0,1.0,0.0
rand_n800_N3,random,800,3200,3,top1x3,peel-exact,0.0,37,380,0.000363902,1,1,9,2,8,1,True,1.0,1.0,0.0
rand_n800_N3,random,800,3200,3,top1x3,peel-exact,0.0,300,188,0.000301551,1,1,5,2,4,1,True,1.0,1.0,0.0
rand_n800_N3,random,800,3200,3,top1x3,peel-rapex,0.0,284,390,0.000393629,1,1,10,2,9,1,True,1.0,1.0,0.0
rand_n800_N3,random,800,3200,3,top1x3,peel-rapex,0.0,37,380,0.000441394,1,1,9,2,8,1,True,1.0,1.0,0.0
rand_n800_N3,random,800,3200,3,top1x3,peel-rapex,0.0,300,188,0.000350575,1,1,5,2,4,1,True,1.0,1.0,0.0
rand_n800_N3,random,800,3200,3,top1x3,rapex-nodr,0.01,284,390,4.1331e-05,1,1,10,0,0,0,True,1.0,1.0,0.0
rand_n800_N3,random,800,3200,3,top1x3,rapex-nodr,0.01,37,380,2.9306e-05,1,1,9,0,0,0,True,1.0,1.0,0.0
rand_n800_N3,random,800,3200,3,top1x3,rapex-nodr,0.01,300,188,1.9501e-05,1,1,5,0,0,0,True,1.0,1.0,0.0
rand_n800_N3,random,800,3200,3,top1x3,rapex,0.01,284,390,4.4122e-05,1,1,10,0,0,0,True,1.0,1.0,0.0
rand_n800_N3,random,800,3200,3,top1x3,rapex,0.01,37,380,3.2509e-05,1,1,9,0,0,0,True,1.0,1.0,0.0
rand_n800_N3,random,800,3200,3,top1x3,rapex,0.01,300,188,3.2945e-05,1,1,5,0,0,0,True,1.0,1.0,0.0
rand_n800_N3,random,800,3200,3,top1x3,peel-rapex,0.01,284,390,0.000457401,1,1,10,2,9,1,True,1.0,1.0,0.0
rand_n800_N3,random,800,3200,3,top1x3,peel-rapex,0.01,37,380,0.000346521,1,1,9,2,8,1,True,1.0,1.0,0.0
rand_n800_N3,random,800,3200,3,top1x3,peel-rapex,0.01,300,188,0.00033869,1,1,5,2,4,1,True,1.0,1.0,0.0
rand_n3200_N3,random,3200,12800,3,flat3,exact,0.0,6,2311,0.015398111,5,5,9348,0,0,0,True,1.0,1.0,0.0
rand_n3200_N3,random,3200,12800,3,flat3,exact,0.0,252,1533,0.042672166,19,19,21345,0,0,0,True,1.0,1.0,0.0
rand_n3200_N3,random,3200,12800,3,flat3,exact,0.0,1146,1485,0.026374141,12,12,16931,0,0,0,True,1.0,1.0,0.0
rand_n3200_N3,random,3200,12800,3,flat3,rapex-nodr,0.0,6,2311,0.000166717,5,5,40,0,0,0,True,1.0,1.0,0.0
rand_n3200_N3,random,3200,12800,3,flat3,rapex-nodr,0.0,252,1533,0.000433433,19,19,184,0,0,0,True,1.0,1.0,0.0
rand_n3200_N3,random,3200,12800,3,flat3,rapex-nodr,0.0,1146,1485,0.000184627,12,12,98,0,0,0,True,1.0,1.0,0.0
rand_n3200_N3,random,3200,12800,3,flat3,rapex,0.0,6,2311,0.000162494,5,5,40,0,0,0,True,1.0,1.0,0.0
rand_n3200_N3,random,3200,12800,3,flat3,rapex,0.0,252,1533,0.000426563,19,19,184,0,0,0,True,1.0,1.0,0.0
rand_n3200_N3,random,3200,12800,3,flat3,rapex,0.0,1146,1485,0.000179743,12,12,98,0,0,0,True,1.0,1.0,0.0
rand_n3200_N3,random,3200,12800,3,flat3,topolex,0.0,6,2311,0.00431944,3,5,0,30,0,0,True,0.6,0.6,0.07758620689655182
rand_n3200_N3,random,3200,12800,3,flat3,topolex,0.0,252,1533,0.004526561,3,19,0,30,0,0,True,0.15789473684210525,0.15789473684210525,0.5833333333333333
rand_n3200_N3,random,3200,12800,3,flat3,topolex,0.0,1146,1485,0.00427279,3,12,0,30,0,0,True,0.25,0.25,0.1942028985507247
rand_n3200_N3,random,3200,12800,3,flat3,peel-only,0.0,6,2311,1.8346e-05,0,5,0,0,12800,0,True,0.0,0.0,inf
rand_n3200_N3,random,3200,12800,3,flat3,peel-only,0.0,252,1533,1.0562e-05,0,19,0,0,12800,0,True,0.0,0.0,inf
rand_n3200_N3,random,3200,12800,3,flat3,peel-only,0.0,1146,1485,9.042e-06,0,12,0,0,12800,0,True,0.0,0.0,inf
rand_n3200_N3,random,3200,12800,3,flat3,peel-exact,0.0,6,2311,0.016070958,5,5,9348,0,12800,0,True,1.0,1.0,0.0
rand_n3200_N3,random,3200,12800,3,flat3,peel-exact,0.0,252,1533,0.043438239,19,19,21345,0,12800,0,True,1.0,1.0,0.0
rand_n3200_N3,random,3200,12800,3,flat3,peel-exact,0.0,1146,1485,0.027122922,12,12,16931,0,12800,0,True,1.0,1.0,0.0
rand_n3200_N3,random,3200,12800,3,flat3,peel-rapex,0.0,6,2311,0.002594497,5,5,40,0,12800,0,True,1.0,1.0,0.0
rand_n3200_N3,random,3200,12800,3,flat3,peel-rapex,0.0,252,1533,0.002715477,19,19,184,0,12800,0,True,1.0,1.0,0.0
rand_n3200_N3,random,3200,12800,3,flat3,peel-rapex,0.0,1146,1485,0.002451271,12,12,98,0,12800,0,True,1.0,1.0,0.0
rand_n3200_N3,random,3200,12800,3,flat3,rapex-nodr,0.01,6,2311,0.000183223,5,5,40,0,0,0,True,1.0,1.0,0.0
rand_n3200_N3,random,3200,12800,3,flat3,rapex-nodr,0.01,252,1533,0.00037398,16,19,164,0,0,0,True,0.8421052631578947,0.8421052631578947,0.009302325581395321
rand_n3200_N3,random,3200,12800,3,flat3,rapex-nodr,0.01,1146,1485,0.000140565,8,12,86,0,0,0,True,0.6666666666666666,0.6666666666666666,0.009732360097323589
rand_n3200_N3,random,3200,12800,3,flat3,rapex,0.01,6,2311,0.000159649,5,5,40,0,0,0,True,1.0,1.0,0.0
rand_n3200_N3,random,3200,12800,3,flat3,rapex,0.01,252,1533,0.000370702,16,19,164,0,0,0,True,0.8421052631578947,0.8421052631578947,0.009302325581395321
rand_n3200_N3,random,3200,12800,3,flat3,rapex,0.01,1146,1485,0.000142161,8,12,86,0,0,0,True,0.6666666666666666,0.6666666666666666,0.009732360097323589
rand_n3200_N3,random,3200,12800,3,flat3,peel-rapex,0.01,6,2311,0.002500524,5,5,40,0,12800,0,True,1.0,1.0,0.0
rand_n3200_N3,random,3200,12800,3,flat3,peel-rapex,0.01,252,1533,0.002571761,16,19,164,0,12800,0,True,0.8421052631578947,0.8421052631578947,0.009302325581395321
rand_n3200_N3,random,3200,12800,3,flat3,peel-rapex,0.01,1146,1485,0.002296395,8,12,86,0,12800,0,True,0.6666666666666666,0.6666666666666666,0.009732360097323589
rand_n3200_N3,random,3200,12800,3,top1x3,exact,0.0,6,2311,0.001131553,1,1,1087,0,0,0,True,1.0,1.0,0.0
rand_n3200_N3,random,3200,12800,3,top1x3,exact,0.0,252,1533,0.001419165,1,1,1459,0,0,0,True,1.0,1.0,0.0
rand_n3200_N3,random,3200,12800,3,top1x3,exact,0.0,1146,1485,0.001834338,1,1,2116,0,0,0,True,1.0,1.0,0.0
rand_n3200_N3,random,3200,12800,3,top1x3,rapex-nodr,0.0,6,2311,0.000120889,1,1,12,0,0,0,True,1.0,1.0,0.0
rand_n3200_N3,random,3200,12800,3,top1x3,rapex-nodr,0.0,252,1533,7.1454e-05,1,1,10,0,0,0,True,1.0,1.0,0.0
rand_n3200_N3,random,3200,12800,3,top1x3,rapex-nodr,0.0,1146,1485,4.2579e-05,1,1,9,0,0,0,True,1.0,1.0,0.0
rand_n3200_N3,random,3200,12800,3,top1x3,rapex,0.0,6,2311,0.00011038,1,1,12,0,0,0,True,1.0,1.0,0.0
rand_n3200_N3,random,3200,12800,3,top1x3,rapex,0.0,252,1533,8.1855e-05,1,1,10,0,0,0,True,1.0,1.0,0.0
rand_n3200_N3,random,3200,12800,3,top1x3,rapex,0.0,1146,1485,4.8349e-05,1,1,9,0,0,0,True,1.0,1.0,0.0
rand_n3200_N3,random,3200,12800,3,top1x3,topolex,0.0,6,2311,0.001705846,1,1,0,10,0,0,True,1.0,1.0,0.0
rand_n3200_N3,random,3200,12800,3,top1x3,topolex,0.0,252,1533,0.001553197,1,1,0,10,0,0,True,1.0,1.0,0.0
rand_n3200_N3,random,3200,12800,3,top1x3,topolex,0.0,1146,1485,0.001452538,1,1,0,10,0,0,True,1.0,1.0,0.0
rand_n3200_N3,random,3200,12800,3,top1x3,peel-only,0.0,6,2311,0.001560665,0,1,0,2,11,1,True,0.0,0.0,inf
rand_n3200_N3,random,3200,12800,3,top1x3,peel-only,0.0,252,1533,0.001548585,0,1,0,2,9,1,True,0.0,0.0,inf
rand_n3200_N3,random,3200,12800,3,top1x3,peel-only,0.0,1146,1485,0.001401402,0,1,0,2,8,1,True,0.0,0.0,inf
rand_n3200_N3,random,3200,12800,3,top1x3,peel-exact,0.0,6,2311,0.001637957,1,1,12,2,11,1,True,1.0,1.0,0.0
rand_n3200_N3,random,3200,12800,3,top1x3,peel-exact,0.0,252,1533,0.001422494,1,1,10,2,9,1,True,1.0,1.0,0.0
rand_n3200_N3,random,3200,12800,3,top1x3,peel-exact,0.0,1146,1485,0.001420189,1,1,9,2,8,1,True,1.0,1.0,0.0
rand_n3200_N3,random,3200,12800,3,top1x3,peel-rapex,0.0,6,2311,0.001853543,1,1,12,2,11,1,True,1.0,1.0,0.0
rand_n3200_N3,random,3200,12800,3,top1x3,peel-rapex,0.0,252,1533,0.001603204,1,1,10,2,9,1,True,1.0,1.0,0.0
rand_n3200_N3,random,3200,12800,3,top1x3,peel-rapex,0.0,1146,1485,0.001581383,1,1,9,2,8,1,True,1.0,1.0,0.0
rand_n3200_N3,random,3200,12800,3,top1x3,rapex-nodr,0.01,6,2311,0.000119757,1,1,12,0,0,0,True,1.0,1.0,0.0
rand_n3200_N3,random,3200,12800,3,top1x3,rapex-nodr,0.01,252,1533,7.7547e-05,1,1,10,0,0,0,True,1.0,1.0,0.0
rand_n3200_N3,random,3200,12800,3,top1x3,rapex-nodr,0.01,1146,1485,4.1694e-05,1,1,9,0,0,0,True,1.0,1.0,0.0
rand_n3200_N3,random,3200,12800,3,top1x3,rapex,0.01,6,2311,0.000107478,1,1,12,0,0,0,True,1.0,1.0,0.0
rand_n3200_N3,random,3200,12800,3,top1x3,rapex,0.01,252,1533,7.4131e-05,1,1,10,0,0,0,True,1.0,1.0,0.0
rand_n3200_N3,random,3200,12800,3,top1x3,rapex,0.01,1146,1485,4.8044e-05,1,1,9,0,0,0,True,1.0,1.0,0.0
rand_n3200_N3,random,3200,12800,3,top1x3,peel-rapex,0.01,6,2311,0.001822394,1,1,12,2,11,1,True,1.0,1.0,0.0
rand_n3200_N3,random,3200,12800,3,top1x3,peel-rapex,0.01,252,1533,0.001693624,1,1,10,2,9,1,True,1.0,1.0,0.0
rand_n3200_N3,random,3200,12800,3,top1x3,peel-rapex,0.01,1146,1485,0.001631255,1,1,9,2,8,1,True,1.0,1.0,0.0
layer_L06W6_N4,layered,38,192,4,chain2top,exact,0.0,36,37,5.3296e-05,1,1,36,0,0,0,True,1.0,1.0,0.0
layer_L06W6_N4,layered,38,192,4,chain2top,rapex-nodr,0.0,36,37,2.9038e-05,1,1,8,0,0,0,True,1.0,1.0,0.0
layer_L06W6_N4,layered,38,192,4,chain2top,rapex,0.0,36,37,3.1665e-05,1,1,8,0,0,0,True,1.0,1.0,0.0
layer_L06W6_N4,layered,38,192,4,chain2top,topolex,0.0,36,37,2.8975e-05,1,1,0,12,0,0,True,1.0,1.0,0.0
layer_L06W6_N4,layered,38,192,4,chain2top,peel-only,0.0,36,37,2.677e-05,0,1,0,4,7,2,True,0.0,0.0,inf
layer_L06W6_N4,layered,38,192,4,chain2top,peel-exact,0.0,36,37,2.9168e-05,1,1,8,4,7,2,True,1.0,1.0,0.0
layer_L06W6_N4,layered,38,192,4,chain2top,peel-rapex,0.0,36,37,3.8703e-05,1,1,8,4,7,2,True,1.0,1.0,0.0
layer_L06W6_N4,layered,38,192,4,chain2top,rapex-nodr,0.01,36,37,2.5138e-05,1,1,8,0,0,0,True,1.0,1.0,0.0
layer_L06W6_N4,layered,38,192,4,chain2top,rapex,0.01,36,37,2.9967e-05,1,1,8,0,0,0,True,1.0,1.0,0.0
layer_L06W6_N4,layered,38,192,4,chain2top,peel-rapex,0.01,36,37,3.9902e-05,1,1,8,4,7,2,True,1.0,1.0,0.0
layer_L06W6_N4,layered,38,192,4,chain4,exact,0.0,36,37,5.2499e-05,1,1,36,0,0,0,True,1.0,1.0,0.0
layer_L06W6_N4,layered,38,192,4,chain4,rapex-nodr,0.0,36,37,2.2765e-05,1,1,8,0,0,0,True,1.0,1.0,0.0
layer_L06W6_N4,layered,38,192,4,chain4,rapex,0.0,36,37,2.3977e-05,1,1,8,0,0,0,True,1.0,1.0,0.0
layer_L06W6_N4,layered,38,192,4,chain4,topolex,0.0,36,37,2.6821e-05,1,1,0,8,0,0,True,1.0,1.0,0.0
layer_L06W6_N4,layered,38,192,4,chain4,peel-only,0.0,36,37,3.832e-05,1,1,0,12,7,4,True,1.0,1.0,0.0
layer_L06W6_N4,layered,38,192,4,chain4,peel-exact,0.0,36,37,3.8578e-05,1,1,0,12,7,4,True,1.0,1.0,0.0
layer_L06W6_N4,layered,38,192,4,chain4,peel-rapex,0.0,36,37,4.0161e-05,1,1,0,12,7,4,True,1.0,1.0,0.0
layer_L06W6_N4,layered,38,192,4,chain4,rapex-nodr,0.01,36,37,5.2046e-05,1,1,8,0,0,0,True,1.0,1.0,0.0
layer_L06W6_N4,layered,38,192,4,chain4,rapex,0.01,36,37,3.1751e-05,1,1,8,0,0,0,True,1.0,1.0,0.0
layer_L06W6_N4,layered,38,192,4,chain4,peel-rapex,0.01,36,37,4.7356e-05,1,1,0,12,7,4,True,1.0,1.0,0.0
layer_L06W6_N4,layered,38,192,4,diamond4,exact,0.0,36,37,0.000156171,8,8,142,0,0,0,True,1.0,1.0,0.0
layer_L06W6_N4,layered,38,192,4,diamond4,rapex-nodr,0.0,36,37,0.000362725,8,8,66,0,0,0,True,1.0,1.0,0.0
layer_L06W6_N4,layered,38,192,4,diamond4,rapex,0.0,36,37,0.000270454,8,8,66,0,0,0,True,1.0,1.0,0.0
layer_L06W6_N4,layered,38,192,4,diamond4,topolex,0.0,36,37,5.036e-05,2,8,0,24,0,0,True,0.25,0.25,1.0110497237569063
layer_L06W6_N4,layered,38,192,4,diamond4,peel-only,0.0,36,37,3.197e-06,0,8,0,0,192,0,True,0.0,0.0,inf
layer_L06W6_N4,layered,38,192,4,diamond4,peel-exact,0.0,36,37,0.000159965,8,8,142,0,192,0,True,1.0,1.0,0.0
layer_L06W6_N4,layered,38,192,4,diamond4,peel-rapex,0.0,36,37,0.000230997,8,8,66,0,192,0,True,1.0,1.0,0.0
layer_L06W6_N4,layered,38,192,4,diamond4,rapex-nodr,0.01,36,37,0.000231367,7,8,66,0,0,0,True,0.875,0.875,0.004901960784313708
layer_L06W6_N4,layered,38,192,4,diamond4,rapex,0.01,36,37,0.000198868,7,8,67,0,0,0,True,0.875,0.875,0.004901960784313708
layer_L06W6_N4,layered,38,192,4,diamond4,peel-rapex,0.01,36,37,0.000205877,7,8,67,0,192,0,True,0.875,0.875,0.004901960784313708
layer_L06W6_N4,layered,38,192,4,flat4,exact,0.0,36,37,0.042602307,342,342,2289,0,0,0,True,1.0,1.0,0.0
layer_L06W6_N4,layered,38,192,4,flat4,rapex-nodr,0.0,36,37,0.047397375,342,342,1515,0,0,0,True,1.0,1.0,0.0
layer_L06W6_N4,layered,38,192,4,flat4,rapex,0.0,36,37,0.046753064,342,342,1515,0,0,0,True,1.0,1.0,0.0
layer_L06W6_N4,layered,38,192,4,flat4,topolex,0.0,36,37,0.000103389,4,342,0,128,0,0,True,0.011695906432748537,0.011695906432748537,1.496774193548387
layer_L06W6_N4,layered,38,192,4,flat4,peel-only,0.0,36,37,2.565e-06,0,342,0,0,192,0,True,0.0,0.0,inf
layer_L06W6_N4,layered,38,192,4,flat4,peel-exact,0.0,36,37,0.038790969,342,342,2289,0,192,0,True,1.0,1.0,0.0
layer_L06W6_N4,layered,38,192,4,flat4,peel-rapex,0.0,36,37,0.046628587,342,342,1515,0,192,0,True,1.0,1.0,0.0
layer_L06W6_N4,layered,38,192,4,flat4,rapex-nodr,0.01,36,37,0.037839081,286,342,1408,0,0,0,True,0.8362573099415205,0.8362573099415205,0.009803921568627416
layer_L06W6_N4,layered,38,192,4,flat4,rapex,0.01,36,37,0.037741939,286,342,1391,0,0,0,True,0.8362573099415205,0.8362573099415205,0.009803921568627416
layer_L06W6_N4,layered,38,192,4,flat4,peel-rapex,0.01,36,37,0.03826969,286,342,1391,0,192,0,True,0.8362573099415205,0.8362573099415205,0.009803921568627416
layer_L06W6_N4,layered,38,192,4,top1,exact,0.0,36,37,3.9892e-05,1,1,36,0,0,0,True,1.0,1.0,0.0
layer_L06W6_N4,layered,38,192,4,top1,rapex-nodr,0.0,36,37,2.006e-05,1,1,8,0,0,0,True,1.0,1.0,0.0
layer_L06W6_N4,layered,38,192,4,top1,rapex,0.0,36,37,2.0245e-05,1,1,8,0,0,0,True,1.0,1.0,0.0
layer_L06W6_N4,layered,38,192,4,top1,topolex,0.0,36,37,2.7727e-05,1,1,0,32,0,0,True,1.0,1.0,0.0
layer_L06W6_N4,layered,38,192,4,top1,peel-only,0.0,36,37,2.0742e-05,0,1,0,2,7,1,True,0.0,0.0,inf
layer_L06W6_N4,layered,38,192,4,top1,peel-exact,0.0,36,37,2.4974e-05,1,1,8,2,7,1,True,1.0,1.0,0.0
layer_L06W6_N4,layered,38,192,4,top1,peel-rapex,0.0,36,37,3.6068e-05,1,1,8,2,7,1,True,1.0,1.0,0.0
layer_L06W6_N4,layered,38,192,4,top1,rapex-nodr,0.01,36,37,2.5337e-05,1,1,8,0,0,0,True,1.0,1.0,0.0
layer_L06W6_N4,layered,38,192,4,top1,rapex,0.01,36,37,2.0484e-05,1,1,8,0,0,0,True,1.0,1.0,0.0
layer_L06W6_N4,layered,38,192,4,top1,peel-rapex,0.01,36,37,3.4816e-05,1,1,8,2,7,1,True,1.0,1.0,0.0
layer_L10W6_N4,layered,62,336,4,chain2top,exact,0.0,60,61,6.3491e-05,1,1,62,0,0,0,True,1.0,1.0,0.0
layer_L10W6_N4,layered,62,336,4,chain2top,rapex-nodr,0.0,60,61,3.238e-05,1,1,12,0,0,0,True,1.0,1.0,0.0
layer_L10W6_N4,layered,62,336,4,chain2top,rapex,0.0,60,61,3.1125e-05,1,1,12,0,0,0,True,1.0,1.0,0.0
layer_L10W6_N4,layered,62,336,4,chain2top,topolex,0.0,60,61,3.3684e-05,1,1,0,12,0,0,True,1.0,1.0,0.0
layer_L10W6_N4,layered,62,336,4,chain2top,peel-only,0.0,60,61,3.6868e-05,0,1,0,4,11,2,True,0.0,0.0,inf
layer_L10W6_N4,layered,62,336,4,chain2top,peel-exact,0.0,60,61,4.2718e-05,1,1,12,4,11,2,True,1.0,1.0,0.0
layer_L10W6_N4,layered,62,336,4,chain2top,peel-rapex,0.0,60,61,5.5271e-05,1,1,12,4,11,2,True,1.0,1.0,0.0
layer_L10W6_N4,layered,62,336,4,chain2top,rapex-nodr,0.01,60,61,3.2728e-05,1,1,12,0,0,0,True,1.0,1.0,0.0
layer_L10W6_N4,layered,62,336,4,chain2top,rapex,0.01,60,61,3.6858e-05,1,1,12,0,0,0,True,1.0,1.0,0.0
layer_L10W6_N4,layered,62,336,4,chain2top,peel-rapex,0.01,60,61,5.605e-05,1,1,12,4,11,2,True,1.0,1.0,0.0
layer_L10W6_N4,layered,62,336,4,chain4,exact,0.0,60,61,6.2369e-05,1,1,62,0,0,0,True,1.0,1.0,0.0
layer_L10W6_N4,layered,62,336,4,chain4,rapex-nodr,0.0,60,61,4.0237e-05,1,1,12,0,0,0,True,1.0,1.0,0.0
layer_L10W6_N4,layered,62,336,4,chain4,rapex,0.0,60,61,3.1789e-05,1,1,12,0,0,0,True,1.0,1.0,0.0
layer_L10W6_N4,layered,62,336,4,chain4,topolex,0.0,60,61,3.0792e-05,1,1,0,8,0,0,True,1.0,1.0,0.0
layer_L10W6_N4,layered,62,336,4,chain4,peel-only,0.0,60,61,4.2416e-05,1,1,0,12,11,4,True,1.0,1.0,0.0
layer_L10W6_N4,layered,62,336,4,chain4,peel-exact,0.0,60,61,4.155e-05,1,1,0,12,11,4,True,1.0,1.0,0.0
layer_L10W6_N4,layered,62,336,4,chain4,peel-rapex,0.0,60,61,6.2191e-05,1,1,0,12,11,4,True,1.0,1.0,0.0
layer_L10W6_N4,layered,62,336,4,chain4,rapex-nodr,0.01,60,61,3.4859e-05,1,1,12,0,0,0,True,1.0,1.0,0.0
layer_L10W6_N4,layered,62,336,4,chain4,rapex,0.01,60,61,3.0743e-05,1,1,12,0,0,0,True,1.0,1.0,0.0
layer_L10W6_N4,layered,62,336,4,chain4,peel-rapex,0.01,60,61,5.9637e-05,1,1,0,12,11,4,True,1.0,1.0,0.0
layer_L10W6_N4,layered,62,336,4,diamond4,exact,0.0,60,61,0.001583051,26,26,701,0,0,0,True,1.0,1.0,0.0
layer_L10W6_N4,layered,62,336,4,diamond4,rapex-nodr,0.0,60,61,0.002563828,26,26,424,0,0,0,True,1.0,1.0,0.0
layer_L10W6_N4,layered,62,336,4,diamond4,rapex,0.0,60,61,0.00252582,26,26,424,0,0,0,True,1.0,1.0,0.0
layer_L10W6_N4,layered,62,336,4,diamond4,topolex,0.0,60,61,6.3804e-05,2,26,0,24,0,0,True,0.07692307692307693,0.07692307692307693,1.305084745762712
layer_L10W6_N4,layered,62,336,4,diamond4,peel-only,0.0,60,61,2.713e-06,0,26,0,0,336,0,True,0.0,0.0,inf
layer_L10W6_N4,layered,62,336,4,diamond4,peel-exact,0.0,60,61,0.001552351,26,26,701,0,336,0,True,1.0,1.0,0.0
layer_L10W6_N4,layered,62,336,4,diamond4,peel-rapex,0.0,60,61,0.0025695,26,26,424,0,336,0,True,1.0,1.0,0.0
layer_L10W6_N4,layered,62,336,4,diamond4,rapex-nodr,0.01,60,61,0.001573231,21,26,378,0,0,0,True,0.8076923076923077,0.8076923076923077,0.009345794392523255
layer_L10W6_N4,layered,62,336,4,diamond4,rapex,0.01,60,61,0.001680791,21,26,387,0,0,0,True,0.8076923076923077,0.8076923076923077,0.009345794392523255
layer_L10W6_N4,layered,62,336,4,diamond4,peel-rapex,0.01,60,61,0.001809738,21,26,387,0,336,0,True,0.8076923076923077,0.8076923076923077,0.009345794392523255
layer_L10W6_N4,layered,62,336,4,flat4,exact,0.0,60,61,1.713961406,1598,1598,18709,0,0,0,True,1.0,1.0,0.0
layer_L10W6_N4,layered,62,336,4,flat4,rapex-nodr,0.0,60,61,1.906646699,1598,1598,10780,0,0,0,True,1.0,1.0,0.0
layer_L10W6_N4,layered,62,336,4,flat4,rapex,0.0,60,61,1.587994551,1598,1598,10780,0,0,0,True,1.0,1.0,0.0
layer_L10W6_N4,layered,62,336,4,flat4,topolex,0.0,60,61,0.000149903,4,1598,0,128,0,0,True,0.0025031289111389237,0.0025031289111389237,1.4207650273224042
layer_L10W6_N4,layered,62,336,4,flat4,peel-only,0.0,60,61,2.495e-06,0,1598,0,0,336,0,True,0.0,0.0,inf
layer_L10W6_N4,layered,62,336,4,flat4,peel-exact,0.0,60,61,1.776788133,1598,1598,18709,0,336,0,True,1.0,1.0,0.0
layer_L10W6_N4,layered,62,336,4,flat4,peel-rapex,0.0,60,61,1.595258848,1598,1598,10780,0,336,0,True,1.0,1.0,0.0
layer_L10W6_N4,layered,62,336,4,flat4,rapex-nodr,0.01,60,61,1.482973176,1275,1598,9963,0,0,0,True,0.7978723404255319,0.7978723404255319,0.010000000000000009
layer_L10W6_N4,layered,62,336,4,flat4,rapex,0.01,60,61,1.211217309,1272,1598,9842,0,0,0,True,0.7959949937421777,0.7959949937421777,0.010000000000000009
layer_L10W6_N4,layered,62,336,4,flat4,peel-rapex,0.01,60,61,1.222013022,1272,1598,9842,0,336,0,True,0.7959949937421777,0.7959949937421777,0.010000000000000009
layer_L10W6_N4,layered,62,336,4,top1,exact,0.0,60,61,6.9996e-05,1,1,64,0,0,0,True,1.0,1.0,0.0
layer_L10W6_N4,layered,62,336,4,top1,rapex-nodr,0.0,60,61,3.3708e-05,1,1,12,0,0,0,True,1.0,1.0,0.0
layer_L10W6_N4,layered,62,336,4,top1,rapex,0.0,60,61,3.5653e-05,1,1,12,0,0,0,True,1.0,1.0,0.0
layer_L10W6_N4,layered,62,336,4,top1,topolex,0.0,60,61,4.1988e-05,1,1,0,32,0,0,True,1.0,1.0,0.0
layer_L10W6_N4,layered,62,336,4,top1,peel-only,0.0,60,61,3.0479e-05,0,1,0,2,11,1,True,0.0,0.0,inf
layer_L10W6_N4,layered,62,336,4,top1,peel-exact,0.0,60,61,3.7224e-05,1,1,12,2,11,1,True,1.0,1.0,0.0
layer_L10W6_N4,layered,62,336,4,top1,peel-rapex,0.0,60,61,4.9416e-05,1,1,12,2,11,1,True,1.0,1.0,0.0
layer_L10W6_N4,layered,62,336,4,top1,rapex-nodr,0.01,60,61,3.2506e-05,1,1,12,0,0,0,True,1.0,1.0,0.0
layer_L10W6_N4,layered,62,336,4,top1,rapex,0.01,60,61,0.000106867,1,1,12,0,0,0,True,1.0,1.0,0.0
layer_L10W6_N4,layered,62,336,4,top1,peel-rapex,0.01,60,61,5.2364e-05,1,1,12,2,11,1,True,1.0,1.0,0.0
layer_L14W6_N4,layered,86,480,4,chain2top,exact,0.0,84,85,0.000108953,1,1,86,0,0,0,True,1.0,1.0,0.0
layer_L14W6_N4,layered,86,480,4,chain2top,rapex-nodr,0.0,84,85,5.23e-05,1,1,16,0,0,0,True,1.0,1.0,0.0
layer_L14W6_N4,layered,86,480,4,chain2top,rapex,0.0,84,85,4.5354e-05,1,1,16,0,0,0,True,1.0,1.0,0.0
layer_L14W6_N4,layered,86,480,4,chain2top,topolex,0.0,84,85,4.8806e-05,1,1,0,12,0,0,True,1.0,1.0,0.0
layer_L14W6_N4,layered,86,480,4,chain2top,peel-only,0.0,84,85,4.7837e-05,0,1,0,4,15,2,True,0.0,0.0,inf
layer_L14W6_N4,layered,86,480,4,chain2top,peel-exact,0.0,84,85,5.5556e-05,1,1,16,4,15,2,True,1.0,1.0,0.0
layer_L14W6_N4,layered,86,480,4,chain2top,peel-rapex,0.0,84,85,8.2826e-05,1,1,16,4,15,2,True,1.0,1.0,0.0
layer_L14W6_N4,layered,86,480,4,chain2top,rapex-nodr,0.01,84,85,4.3906e-05,1,1,16,0,0,0,True,1.0,1.0,0.0
layer_L14W6_N4,layered,86,480,4,chain2top,rapex,0.01,84,85,4.3195e-05,1,1,16,0,0,0,True,1.0,1.0,0.0
layer_L14W6_N4,layered,86,480,4,chain2top,peel-rapex,0.01,84,85,7.3132e-05,1,1,16,4,15,2,True,1.0,1.0,0.0
layer_L14W6_N4,layered,86,480,4,chain4,exact,0.0,84,85,0.000111,1,1,86,0,0,0,True,1.0,1.0,0.0
layer_L14W6_N4,layered,86,480,4,chain4,rapex-nodr,0.0,84,85,4.4314e-05,1,1,16,0,0,0,True,1.0,1.0,0.0
layer_L14W6_N4,layered,86,480,4,chain4,rapex,0.0,84,85,4.2337e-05,1,1,16,0,0,0,True,1.0,1.0,0.0
layer_L14W6_N4,layered,86,480,4,chain4,topolex,0.0,84,85,4.347e-05,1,1,0,8,0,0,True,1.0,1.0,0.0
layer_L14W6_N4,layered,86,480,4,chain4,peel-only,0.0,84,85,5.5268e-05,1,1,0,12,15,4,True,1.0,1.0,0.0
layer_L14W6_N4,layered,86,480,4,chain4,peel-exact,0.0,84,85,5.4777e-05,1,1,0,12,15,4,True,1.0,1.0,0.0
layer_L14W6_N4,layered,86,480,4,chain4,peel-rapex,0.0,84,85,5.5674e-05,1,1,0,12,15,4,True,1.0,1.0,0.0
layer_L14W6_N4,layered,86,480,4,chain4,rapex-nodr,0.01,84,85,5.4804e-05,1,1,16,0,0,0,True,1.0,1.0,0.0
layer_L14W6_N4,layered,86,480,4,chain4,rapex,0.01,84,85,6.2733e-05,1,1,16,0,0,0,True,1.0,1.0,0.0
layer_L14W6_N4,layered,86,480,4,chain4,peel-rapex,0.01,84,85,5.6201e-05,1,1,0,12,15,4,True,1.0,1.0,0.0
layer_L14W6_N4,layered,86,480,4,diamond4,exact,0.0,84,85,0.004089013,37,37,1360,0,0,0,True,1.0,1.0,0.0
layer_L14W6_N4,layered,86,480,4,diamond4,rapex-nodr,0.0,84,85,0.003880548,37,37,650,0,0,0,True,1.0,1.0,0.0
layer_L14W6_N4,layered,86,480,4,diamond4,rapex,0.0,84,85,0.003795957,37,37,650,0,0,0,True,1.0,1.0,0.0
layer_L14W6_N4,layered,86,480,4,diamond4,topolex,0.0,84,85,8.5044e-05,2,37,0,24,0,0,True,0.05405405405405406,0.05405405405405406,1.3604240282685511
layer_L14W6_N4,layered,86,480,4,diamond4,peel-only,0.0,84,85,2.496e-06,0,37,0,0,480,0,True,0.0,0.0,inf
layer_L14W6_N4,layered,86,480,4,diamond4,peel-exact,0.0,84,85,0.004144128,37,37,1360,0,480,0,True,1.0,1.0,0.0
layer_L14W6_N4,layered,86,480,4,diamond4,peel-rapex,0.0,84,85,0.003993865,37,37,650,0,480,0,True,1.0,1.0,0.0
layer_L14W6_N4,layered,86,480,4,diamond4,rapex-nodr,0.01,84,85,0.003089527,29,37,632,0,0,0,True,0.7837837837837838,0.7837837837837838,0.009803921568627416
layer_L14W6_N4,layered,86,480,4,diamond4,rapex,0.01,84,85,0.002989232,29,37,646,0,0,0,True,0.7837837837837838,0.7837837837837838,0.009803921568627416
layer_L14W6_N4,layered,86,480,4,diamond4,peel-rapex,0.01,84,85,0.003098622,29,37,646,0,480,0,True,0.7837837837837838,0.7837837837837838,0.009803921568627416
layer_L14W6_N4,layered,86,480,4,flat4,exact,0.0,84,85,60.641658642,6428,6428,110783,0,0,0,True,1.0,1.0,0.0
layer_L14W6_N4,layered,86,480,4,flat4,rapex-nodr,0.0,84,85,86.661761896,6428,6428,67068,0,0,0,True,1.0,1.0,0.0
layer_L14W6_N4,layered,86,480,4,flat4,rapex,0.0,84,85,63.19481351,6428,6428,67068,0,0,0,True,1.0,1.0,0.0
layer_L14W6_N4,layered,86,480,4,flat4,topolex,0.0,84,85,0.000237064,4,6428,0,128,0,0,True,0.0006222775357809583,0.0006222775357809583,1.5521235521235521
layer_L14W6_N4,layered,86,480,4,flat4,peel-only,0.0,84,85,2.728e-06,0,6428,0,0,480,0,True,0.0,0.0,inf
layer_L14W6_N4,layered,86,480,4,flat4,peel-exact,0.0,84,85,61.787833973,6428,6428,110783,0,480,0,True,1.0,1.0,0.0
layer_L14W6_N4,layered,86,480,4,flat4,peel-rapex,0.0,84,85,66.058072072,6428,6428,67068,0,480,0,True,1.0,1.0,0.0
layer_L14W6_N4,layered,86,480,4,flat4,rapex-nodr,0.01,84,85,64.306112254,4418,6428,59163,0,0,0,False,0.686372121966397,0.686372121966397,0.009868421052631637
layer_L14W6_N4,layered,86,480,4,flat4,rapex,0.01,84,85,40.986756991,4384,6428,57468,0,0,0,False,0.6812383322962041,0.6812383322962041,0.00992555831265518
layer_L14W6_N4,layered,86,480,4,flat4,peel-rapex,0.01,84,85,42.602066862,4384,6428,57468,0,480,0,False,0.6812383322962041,0.6812383322962041,0.00992555831265518
layer_L14W6_N4,layered,86,480,4,top1,exact,0.0,84,85,0.000116977,1,1,106,0,0,0,True,1.0,1.0,0.0
layer_L14W6_N4,layered,86,480,4,top1,rapex-nodr,0.0,84,85,4.6191e-05,1,1,16,0,0,0,True,1.0,1.0,0.0
layer_L14W6_N4,layered,86,480,4,top1,rapex,0.0,84,85,6.148e-05,1,1,16,0,0,0,True,1.0,1.0,0.0
layer_L14W6_N4,layered,86,480,4,top1,topolex,0.0,84,85,5.9672e-05,1,1,0,32,0,0,True,1.0,1.0,0.0
layer_L14W6_N4,layered,86,480,4,top1,peel-only,0.0,84,85,4.3131e-05,0,1,0,2,15,1,True,0.0,0.0,inf
layer_L14W6_N4,layered,86,480,4,top1,peel-exact,0.0,84,85,8.2393e-05,1,1,16,2,15,1,True,1.0,1.0,0.0
layer_L14W6_N4,layered,86,480,4,top1,peel-rapex,0.0,84,85,0.000101343,1,1,16,2,15,1,True,1.0,1.0,0.0
layer_L14W6_N4,layered,86,480,4,top1,rapex-nodr,0.01,84,85,4.1232e-05,1,1,16,0,0,0,True,1.0,1.0,0.0
layer_L14W6_N4,layered,86,480,4,top1,rapex,0.01,84,85,4.7521e-05,1,1,16,0,0,0,True,1.0,1.0,0.0
layer_L14W6_N4,layered,86,480,4,top1,peel-rapex,0.01,84,85,6.914e-05,1,1,16,2,15,1,True,1.0,1.0,0.0
layer_L20W6_N4,layered,122,696,4,chain2top,exact,0.0,120,121,0.000114996,1,1,119,0,0,0,True,1.0,1.0,0.0
layer_L20W6_N4,layered,122,696,4,chain2top,rapex-nodr,0.0,120,121,5.9296e-05,1,1,22,0,0,0,True,1.0,1.0,0.0
layer_L20W6_N4,layered,122,696,4,chain2top,rapex,0.0,120,121,5.6751e-05,1,1,22,0,0,0,True,1.0,1.0,0.0
layer_L20W6_N4,layered,122,696,4,chain2top,topolex,0.0,120,121,6.6614e-05,1,1,0,12,0,0,True,1.0,1.0,0.0
layer_L20W6_N4,layered,122,696,4,chain2top,peel-only,0.0,120,121,6.2992e-05,0,1,0,4,21,2,True,0.0,0.0,inf
layer_L20W6_N4,layered,122,696,4,chain2top,peel-exact,0.0,120,121,7.3832e-05,1,1,22,4,21,2,True,1.0,1.0,0.0
layer_L20W6_N4,layered,122,696,4,chain2top,peel-rapex,0.0,120,121,0.000133799,1,1,22,4,21,2,True,1.0,1.0,0.0
layer_L20W6_N4,layered,122,696,4,chain2top,rapex-nodr,0.01,120,121,5.6243e-05,1,1,22,0,0,0,True,1.0,1.0,0.0
layer_L20W6_N4,layered,122,696,4,chain2top,rapex,0.01,120,121,9.1697e-05,1,1,22,0,0,0,True,1.0,1.0,0.0
layer_L20W6_N4,layered,122,696,4,chain2top,peel-rapex,0.01,120,121,9.4391e-05,1,1,22,4,21,2,True,1.0,1.0,0.0
layer_L20W6_N4,layered,122,696,4,chain4,exact,0.0,120,121,0.000113245,1,1,119,0,0,0,True,1.0,1.0,0.0
layer_L20W6_N4,layered,122,696,4,chain4,rapex-nodr,0.0,120,121,5.3532e-05,1,1,22,0,0,0,True,1.0,1.0,0.0
layer_L20W6_N4,layered,122,696,4,chain4,rapex,0.0,120,121,5.6279e-05,1,1,22,0,0,0,True,1.0,1.0,0.0
layer_L20W6_N4,layered,122,696,4,chain4,topolex,0.0,120,121,6.5044e-05,1,1,0,8,0,0,True,1.0,1.0,0.0
layer_L20W6_N4,layered,122,696,4,chain4,peel-only,0.0,120,121,7.6208e-05,1,1,0,12,21,4,True,1.0,1.0,0.0
layer_L20W6_N4,layered,122,696,4,chain4,peel-exact,0.0,120,121,7.1991e-05,1,1,0,12,21,4,True,1.0,1.0,0.0
layer_L20W6_N4,layered,122,696,4,chain4,peel-rapex,0.0,120,121,7.27e-05,1,1,0,12,21,4,True,1.0,1.0,0.0
layer_L20W6_N4,layered,122,696,4,chain4,rapex-nodr,0.01,120,121,5.7362e-05,1,1,22,0,0,0,True,1.0,1.0,0.0
layer_L20W6_N4,layered,122,696,4,chain4,rapex,0.01,120,121,5.3825e-05,1,1,22,0,0,0,True,1.0,1.0,0.0
layer_L20W6_N4,layered,122,696,4,chain4,peel-rapex,0.01,120,121,7.4948e-05,1,1,0,12,21,4,True,1.0,1.0,0.0
layer_L20W6_N4,layered,122,696,4,diamond4,exact,0.0,120,121,0.010946966,67,67,2491,0,0,0,True,1.0,1.0,0.0
layer_L20W6_N4,layered,122,696,4,diamond4,rapex-nodr,0.0,120,121,0.020449223,67,67,1958,0,0,0,True,1.0,1.0,0.0
layer_L20W6_N4,layered,122,696,4,diamond4,rapex,0.0,120,121,0.017579455,67,67,1958,0,0,0,True,1.0,1.0,0.0
layer_L20W6_N4,layered,122,696,4,diamond4,topolex,0.0,120,121,0.000123566,2,67,0,24,0,0,True,0.029850746268656716,0.029850746268656716,1.134782608695652
layer_L20W6_N4,layered,122,696,4,diamond4,peel-only,0.0,120,121,2.987e-06,0,67,0,0,696,0,True,0.0,0.0,inf
layer_L20W6_N4,layered,122,696,4,diamond4,peel-exact,0.0,120,121,0.011113261,67,67,2491,0,696,0,True,1.0,1.0,0.0
layer_L20W6_N4,layered,122,696,4,diamond4,peel-rapex,0.0,120,121,0.017842967,67,67,1958,0,696,0,True,1.0,1.0,0.0
layer_L20W6_N4,layered,122,696,4,diamond4,rapex-nodr,0.01,120,121,0.01176356,46,67,1682,0,0,0,False,0.6716417910447762,0.6716417910447762,0.0072202166064982976
layer_L20W6_N4,layered,122,696,4,diamond4,rapex,0.01,120,121,0.010400182,46,67,1651,0,0,0,False,0.6716417910447762,0.6716417910447762,0.00936768149882905
layer_L20W6_N4,layered,122,696,4,diamond4,peel-rapex,0.01,120,121,0.017676275,46,67,1651,0,696,0,False,0.6716417910447762,0.6716417910447762,0.00936768149882905
layer_L20W6_N4,layered,122,696,4,top1,exact,0.0,120,121,0.000137988,1,1,120,0,0,0,True,1.0,1.0,0.0
layer_L20W6_N4,layered,122,696,4,top1,rapex-nodr,0.0,120,121,7.1359e-05,1,1,22,0,0,0,True,1.0,1.0,0.0
layer_L20W6_N4,layered,122,696,4,top1,rapex,0.0,120,121,7.3815e-05,1,1,22,0,0,0,True,1.0,1.0,0.0
layer_L20W6_N4,layered,122,696,4,top1,topolex,0.0,120,121,9.4812e-05,1,1,0,32,0,0,True,1.0,1.0,0.0
layer_L20W6_N4,layered,122,696,4,top1,peel-only,0.0,120,121,6.3926e-05,0,1,0,2,21,1,True,0.0,0.0,inf
layer_L20W6_N4,layered,122,696,4,top1,peel-exact,0.0,120,121,9.0277e-05,1,1,22,2,21,1,True,1.0,1.0,0.0
layer_L20W6_N4,layered,122,696,4,top1,peel-rapex,0.0,120,121,0.00010683,1,1,22,2,21,1,True,1.0,1.0,0.0
layer_L20W6_N4,layered,122,696,4,top1,rapex-nodr,0.01,120,121,6.9226e-05,1,1,22,0,0,0,True,1.0,1.0,0.0
layer_L20W6_N4,layered,122,696,4,top1,rapex,0.01,120,121,6.5191e-05,1,1,22,0,0,0,True,1.0,1.0,0.0
layer_L20W6_N4,layered,122,696,4,top1,peel-rapex,0.01,120,121,9.1082e-05,1,1,22,2,21,1,True,1.0,1.0,0.0
layer_L26W6_N4,layered,158,912,4,chain2top,exact,0.0,156,157,0.000169069,1,1,152,0,0,0,True,1.0,1.0,0.0
layer_L26W6_N4,layered,158,912,4,chain2top,rapex-nodr,0.0,156,157,9.1482e-05,1,1,28,0,0,0,True,1.0,1.0,0.0
layer_L26W6_N4,layered,158,912,4,chain2top,rapex,0.0,156,157,8.6895e-05,1,1,28,0,0,0,True,1.0,1.0,0.0
layer_L26W6_N4,layered,158,912,4,chain2top,topolex,0.0,156,157,0.000114725,1,1,0,12,0,0,True,1.0,1.0,0.0
layer_L26W6_N4,layered,158,912,4,chain2top,peel-only,0.0,156,157,0.000102753,0,1,0,4,27,2,True,0.0,0.0,inf
layer_L26W6_N4,layered,158,912,4,chain2top,peel-exact,0.0,156,157,0.000119163,1,1,28,4,27,2,True,1.0,1.0,0.0
layer_L26W6_N4,layered,158,912,4,chain2top,peel-rapex,0.0,156,157,0.000137074,1,1,28,4,27,2,True,1.0,1.0,0.0
layer_L26W6_N4,layered,158,912,4,chain2top,rapex-nodr,0.01,156,157,8.5195e-05,1,1,28,0,0,0,True,1.0,1.0,0.0
layer_L26W6_N4,layered,158,912,4,chain2top,rapex,0.01,156,157,8.4322e-05,1,1,28,0,0,0,True,1.0,1.0,0.0
layer_L26W6_N4,layered,158,912,4,chain2top,peel-rapex,0.01,156,157,0.000141885,1,1,28,4,27,2,True,1.0,1.0,0.0
layer_L26W6_N4,layered,158,912,4,chain4,exact,0.0,156,157,0.000156281,1,1,152,0,0,0,True,1.0,1.0,0.0
layer_L26W6_N4,layered,158,912,4,chain4,rapex-nodr,0.0,156,157,7.1084e-05,1,1,28,0,0,0,True,1.0,1.0,0.0
layer_L26W6_N4,layered,158,912,4,chain4,rapex,0.0,156,157,7.0698e-05,1,1,28,0,0,0,True,1.0,1.0,0.0
layer_L26W6_N4,layered,158,912,4,chain4,topolex,0.0,156,157,9.5832e-05,1,1,0,8,0,0,True,1.0,1.0,0.0
layer_L26W6_N4,layered,158,912,4,chain4,peel-only,0.0,156,157,9.5111e-05,1,1,0,12,27,4,True,1.0,1.0,0.0
layer_L26W6_N4,layered,158,912,4,chain4,peel-exact,0.0,156,157,9.5896e-05,1,1,0,12,27,4,True,1.0,1.0,0.0
layer_L26W6_N4,layered,158,912,4,chain4,peel-rapex,0.0,156,157,9.4234e-05,1,1,0,12,27,4,True,1.0,1.0,0.0
layer_L26W6_N4,layered,158,912,4,chain4,rapex-nodr,0.01,156,157,8.2535e-05,1,1,28,0,0,0,True,1.0,1.0,0.0
layer_L26W6_N4,layered,158,912,4,chain4,rapex,0.01,156,157,7.0249e-05,1,1,28,0,0,0,True,1.0,1.0,0.0
layer_L26W6_N4,layered,158,912,4,chain4,peel-rapex,0.01,156,157,9.1598e-05,1,1,0,12,27,4,True,1.0,1.0,0.0
layer_L26W6_N4,layered,158,912,4,diamond4,exact,0.0,156,157,0.058487569,117,117,7215,0,0,0,True,1.0,1.0,0.0
layer_L26W6_N4,layered,158,912,4,diamond4,rapex-nodr,0.0,156,157,0.113023177,117,117,5119,0,0,0,True,1.0,1.0,0.0
layer_L26W6_N4,layered,158,912,4,diamond4,rapex,0.0,156,157,0.111445101,117,117,5119,0,0,0,True,1.0,1.0,0.0
layer_L26W6_N4,layered,158,912,4,diamond4,topolex,0.0,156,157,0.000173513,2,117,0,24,0,0,True,0.017094017094017096,0.017094017094017096,1.4970986460348161
layer_L26W6_N4,layered,158,912,4,diamond4,peel-only,0.0,156,157,3.196e-06,0,117,0,0,912,0,True,0.0,0.0,inf
layer_L26W6_N4,layered,158,912,4,diamond4,peel-exact,0.0,156,157,0.064671366,117,117,7215,0,912,0,True,1.0,1.0,0.0
layer_L26W6_N4,layered,158,912,4,diamond4,peel-rapex,0.0,156,157,0.111060511,117,117,5119,0,912,0,True,1.0,1.0,0.0
layer_L26W6_N4,layered,158,912,4,diamond4,rapex-nodr,0.01,156,157,0.046822922,75,117,3654,0,0,0,False,0.6239316239316239,0.6239316239316239,0.009836065573770592
layer_L26W6_N4,layered,158,912,4,diamond4,rapex,0.01,156,157,0.040578861,76,117,3663,0,0,0,False,0.6324786324786325,0.6324786324786325,0.009836065573770592
layer_L26W6_N4,layered,158,912,4,diamond4,peel-rapex,0.01,156,157,0.038126513,76,117,3663,0,912,0,False,0.6324786324786325,0.6324786324786325,0.009836065573770592
layer_L26W6_N4,layered,158,912,4,top1,exact,0.0,156,157,0.00014963,1,1,155,0,0,0,True,1.0,1.0,0.0
layer_L26W6_N4,layered,158,912,4,top1,rapex-nodr,0.0,156,157,7.1317e-05,1,1,28,0,0,0,True,1.0,1.0,0.0
layer_L26W6_N4,layered,158,912,4,top1,rapex,0.0,156,157,7.134e-05,1,1,28,0,0,0,True,1.0,1.0,0.0
layer_L26W6_N4,layered,158,912,4,top1,topolex,0.0,156,157,0.00010559,1,1,0,32,0,0,True,1.0,1.0,0.0
layer_L26W6_N4,layered,158,912,4,top1,peel-only,0.0,156,157,9.8123e-05,0,1,0,2,27,1,True,0.0,0.0,inf
layer_L26W6_N4,layered,158,912,4,top1,peel-exact,0.0,156,157,0.000179311,1,1,28,2,27,1,True,1.0,1.0,0.0
layer_L26W6_N4,layered,158,912,4,top1,peel-rapex,0.0,156,157,0.00011215,1,1,28,2,27,1,True,1.0,1.0,0.0
layer_L26W6_N4,layered,158,912,4,top1,rapex-nodr,0.01,156,157,7.3205e-05,1,1,28,0,0,0,True,1.0,1.0,0.0
layer_L26W6_N4,layered,158,912,4,top1,rapex,0.01,156,157,7.0653e-05,1,1,28,0,0,0,True,1.0,1.0,0.0
layer_L26W6_N4,layered,158,912,4,top1,peel-rapex,0.01,156,157,0.000131757,1,1,28,2,27,1,True,1.0,1.0,0.0
layer_L34W6_N4,layered,206,1200,4,chain2top,exact,0.0,204,205,0.000196851,1,1,201,0,0,0,True,1.0,1.0,0.0
layer_L34W6_N4,layered,206,1200,4,chain2top,rapex-nodr,0.0,204,205,0.000114257,1,1,36,0,0,0,True,1.0,1.0,0.0
layer_L34W6_N4,layered,206,1200,4,chain2top,rapex,0.0,204,205,9.2052e-05,1,1,36,0,0,0,True,1.0,1.0,0.0
layer_L34W6_N4,layered,206,1200,4,chain2top,topolex,0.0,204,205,0.000126805,1,1,0,12,0,0,True,1.0,1.0,0.0
layer_L34W6_N4,layered,206,1200,4,chain2top,peel-only,0.0,204,205,9.7245e-05,0,1,0,4,35,2,True,0.0,0.0,inf
layer_L34W6_N4,layered,206,1200,4,chain2top,peel-exact,0.0,204,205,0.000114674,1,1,36,4,35,2,True,1.0,1.0,0.0
layer_L34W6_N4,layered,206,1200,4,chain2top,peel-rapex,0.0,204,205,0.000146036,1,1,36,4,35,2,True,1.0,1.0,0.0
layer_L34W6_N4,layered,206,1200,4,chain2top,rapex-nodr,0.01,204,205,0.000152177,1,1,36,0,0,0,True,1.0,1.0,0.0
layer_L34W6_N4,layered,206,1200,4,chain2top,rapex,0.01,204,205,0.000128887,1,1,36,0,0,0,True,1.0,1.0,0.0
layer_L34W6_N4,layered,206,1200,4,chain2top,peel-rapex,0.01,204,205,0.000151933,1,1,36,4,35,2,True,1.0,1.0,0.0
layer_L34W6_N4,layered,206,1200,4,chain4,exact,0.0,204,205,0.000243761,1,1,201,0,0,0,True,1.0,1.0,0.0
layer_L34W6_N4,layered,206,1200,4,chain4,rapex-nodr,0.0,204,205,0.000106433,1,1,36,0,0,0,True,1.0,1.0,0.0
layer_L34W6_N4,layered,206,1200,4,chain4,rapex,0.0,204,205,0.000116314,1,1,36,0,0,0,True,1.0,1.0,0.0
layer_L34W6_N4,layered,206,1200,4,chain4,topolex,0.0,204,205,0.000100681,1,1,0,8,0,0,True,1.0,1.0,0.0
layer_L34W6_N4,layered,206,1200,4,chain4,peel-only,0.0,204,205,0.000113702,1,1,0,12,35,4,True,1.0,1.0,0.0
layer_L34W6_N4,layered,206,1200,4,chain4,peel-exact,0.0,204,205,0.000138244,1,1,0,12,35,4,True,1.0,1.0,0.0
layer_L34W6_N4,layered,206,1200,4,chain4,peel-rapex,0.0,204,205,0.000113379,1,1,0,12,35,4,True,1.0,1.0,0.0
layer_L34W6_N4,layered,206,1200,4,chain4,rapex-nodr,0.01,204,205,0.000103961,1,1,36,0,0,0,True,1.0,1.0,0.0
layer_L34W6_N4,layered,206,1200,4,chain4,rapex,0.01,204,205,9.6416e-05,1,1,36,0,0,0,True,1.0,1.0,0.0
layer_L34W6_N4,layered,206,1200,4,chain4,peel-rapex,0.01,204,205,0.000114461,1,1,0,12,35,4,True,1.0,1.0,0.0
layer_L34W6_N4,layered,206,1200,4,diamond4,exact,0.0,204,205,0.156673241,148,148,12997,0,0,0,True,1.0,1.0,0.0
layer_L34W6_N4,layered,206,1200,4,diamond4,rapex-nodr,0.0,204,205,0.438698014,148,148,10643,0,0,0,True,1.0,1.0,0.0
layer_L34W6_N4,layered,206,1200,4,diamond4,rapex,0.0,204,205,0.334252313,148,148,10643,0,0,0,True,1.0,1.0,0.0
layer_L34W6_N4,layered,206,1200,4,diamond4,topolex,0.0,204,205,0.000222781,2,148,0,24,0,0,True,0.013513513513513514,0.013513513513513514,1.4682080924855492
layer_L34W6_N4,layered,206,1200,4,diamond4,peel-only,0.0,204,205,3.248e-06,0,148,0,0,1200,0,True,0.0,0.0,inf
layer_L34W6_N4,layered,206,1200,4,diamond4,peel-exact,0.0,204,205,0.156275419,148,148,12997,0,1200,0,True,1.0,1.0,0.0
layer_L34W6_N4,layered,206,1200,4,diamond4,peel-rapex,0.0,204,205,0.328448464,148,148,10643,0,1200,0,True,1.0,1.0,0.0
layer_L34W6_N4,layered,206,1200,4,diamond4,rapex-nodr,0.01,204,205,0.15955305,86,148,7800,0,0,0,False,0.5608108108108109,0.5608108108108109,0.00990099009900991
layer_L34W6_N4,layered,206,1200,4,diamond4,rapex,0.01,204,205,0.118872138,83,148,7603,0,0,0,False,0.5337837837837838,0.5337837837837838,0.00990099009900991
layer_L34W6_N4,layered,206,1200,4,diamond4,peel-rapex,0.01,204,205,0.119670793,83,148,7603,0,1200,0,False,0.5337837837837838,0.5337837837837838,0.00990099009900991
layer_L34W6_N4,layered,206,1200,4,top1,exact,0.0,204,205,0.000206019,1,1,212,0,0,0,True,1.0,1.0,0.0
layer_L34W6_N4,layered,206,1200,4,top1,rapex-nodr,0.0,204,205,9.7876e-05,1,1,36,0,0,0,True,1.0,1.0,0.0
layer_L34W6_N4,layered,206,1200,4,top1,rapex,0.0,204,205,0.00019892,1,1,36,0,0,0,True,1.0,1.0,0.0
layer_L34W6_N4,layered,206,1200,4,top1,topolex,0.0,204,205,0.000137065,1,1,0,32,0,0,True,1.0,1.0,0.0
layer_L34W6_N4,layered,206,1200,4,top1,peel-only,0.0,204,205,9.1959e-05,0,1,0,2,35,1,True,0.0,0.0,inf
layer_L34W6_N4,layered,206,1200,4,top1,peel-exact,0.0,204,205,0.000104162,1,1,36,2,35,1,True,1.0,1.0,0.0
layer_L34W6_N4,layered,206,1200,4,top1,peel-rapex,0.0,204,205,0.000146392,1,1,36,2,35,1,True,1.0,1.0,0.0
layer_L34W6_N4,layered,206,1200,4,top1,rapex-nodr,0.01,204,205,9.5144e-05,1,1,36,0,0,0,True,1.0,1.0,0.0
layer_L34W6_N4,layered,206,1200,4,top1,rapex,0.01,204,205,9.6356e-05,1,1,36,0,0,0,True,1.0,1.0,0.0
layer_L34W6_N4,layered,206,1200,4,top1,peel-rapex,0.01,204,205,0.000146113,1,1,36,2,35,1,True,1.0,1.0,0.0
rand_n200_N4,random,200,800,4,chain2top,exact,0.0,80,146,9.6714e-05,1,1,138,0,0,0,True,1.0,1.0,0.0
rand_n200_N4,random,200,800,4,chain2top,exact,0.0,81,193,0.00012028,1,1,128,0,0,0,True,1.0,1.0,0.0
rand_n200_N4,random,200,800,4,chain2top,exact,0.0,180,30,2.2618e-05,1,1,19,0,0,0,True,1.0,1.0,0.0
rand_n200_N4,random,200,800,4,chain2top,rapex-nodr,0.0,80,146,1.7643e-05,1,1,6,0,0,0,True,1.0,1.0,0.0
rand_n200_N4,random,200,800,4,chain2top,rapex-nodr,0.0,81,193,1.9004e-05,1,1,8,0,0,0,True,1.0,1.0,0.0
rand_n200_N4,random,200,800,4,chain2top,rapex-nodr,0.0,180,30,1.3908e-05,1,1,6,0,0,0,True,1.0,1.0,0.0
rand_n200_N4,random,200,800,4,chain2top,rapex,0.0,80,146,2.0615e-05,1,1,6,0,0,0,True,1.0,1.0,0.0
rand_n200_N4,random,200,800,4,chain2top,rapex,0.0,81,193,1.8933e-05,1,1,8,0,0,0,True,1.0,1.0,0.0
rand_n200_N4,random,200,800,4,chain2top,rapex,0.0,180,30,1.4699e-05,1,1,6,0,0,0,True,1.0,1.0,0.0
rand_n200_N4,random,200,800,4,chain2top,topolex,0.0,80,146,0.000121391,1,1,0,12,0,0,True,1.0,1.0,0.0
rand_n200_N4,random,200,800,4,chain2top,topolex,0.0,81,193,7.178e-05,1,1,0,12,0,0,True,1.0,1.0,0.0
rand_n200_N4,random,200,800,4,chain2top,topolex,0.0,180,30,6.992e-05,1,1,0,12,0,0,True,1.0,1.0,0.0
rand_n200_N4,random,200,800,4,chain2top,peel-only,0.0,80,146,8.0511e-05,0,1,0,4,5,2,True,0.0,0.0,inf
rand_n200_N4,random,200,800,4,chain2top,peel-only,0.0,81,193,9.1233e-05,0,1,0,4,7,2,True,0.0,0.0,inf
rand_n200_N4,random,200,800,4,chain2top,peel-only,0.0,180,30,8.6815e-05,0,1,0,4,5,2,True,0.0,0.0,inf
rand_n200_N4,random,200,800,4,chain2top,peel-exact,0.0,80,146,8.0917e-05,1,1,6,4,5,2,True,1.0,1.0,0.0
rand_n200_N4,random,200,800,4,chain2top,peel-exact,0.0,81,193,7.7159e-05,1,1,8,4,7,2,True,1.0,1.0,0.0
rand_n200_N4,random,200,800,4,chain2top,peel-exact,0.0,180,30,7.2579e-05,1,1,6,4,5,2,True,1.0,1.0,0.0
rand_n200_N4,random,200,800,4,chain2top,peel-rapex,0.0,80,146,0.000100799,1,1,6,4,5,2,True,1.0,1.0,0.0
rand_n200_N4,random,200,800,4,chain2top,peel-rapex,0.0,81,193,0.000101968,1,1,8,4,7,2,True,1.0,1.0,0.0
rand_n200_N4,random,200,800,4,chain2top,peel-rapex,0.0,180,30,9.0858e-05,1,1,6,4,5,2,True,1.0,1.0,0.0
rand_n200_N4,random,200,800,4,chain2top,rapex-nodr,0.01,80,146,1.7734e-05,1,1,6,0,0,0,True,1.0,1.0,0.0
rand_n200_N4,random,200,800,4,chain2top,rapex-nodr,0.01,81,193,1.9234e-05,1,1,8,0,0,0,True,1.0,1.0,0.0
rand_n200_N4,random,200,800,4,chain2top,rapex-nodr,0.01,180,30,1.6129e-05,1,1,6,0,0,0,True,1.0,1.0,0.0
rand_n200_N4,random,200,800,4,chain2top,rapex,0.01,80,146,1.9463e-05,1,1,6,0,0,0,True,1.0,1.0,0.0
rand_n200_N4,random,200,800,4,chain2top,rapex,0.01,81,193,1.8444e-05,1,1,8,0,0,0,True,1.0,1.0,0.0
rand_n200_N4,random,200,800,4,chain2top,rapex,0.01,180,30,1.5497e-05,1,1,6,0,0,0,True,1.0,1.0,0.0
rand_n200_N4,random,200,800,4,chain2top,peel-rapex,0.01,80,146,0.000101853,1,1,6,4,5,2,True,1.0,1.0,0.0
rand_n200_N4,random,200,800,4,chain2top,peel-rapex,0.01,81,193,9.3426e-05,1,1,8,4,7,2,True,1.0,1.0,0.0
rand_n200_N4,random,200,800,4,chain2top,peel-rapex,0.01,180,30,8.9166e-05,1,1,6,4,5,2,True,1.0,1.0,0.0
rand_n200_N4,random,200,800,4,chain4,exact,0.0,80,146,9.4944e-05,1,1,138,0,0,0,True,1.0,1.0,0.0
rand_n200_N4,random,200,800,4,chain4,exact,0.0,81,193,9.2854e-05,1,1,128,0,0,0,True,1.0,1.0,0.0
rand_n200_N4,random,200,800,4,chain4,exact,0.0,180,30,2.3635e-05,1,1,19,0,0,0,True,1.0,1.0,0.0
rand_n200_N4,random,200,800,4,chain4,rapex-nodr,0.0,80,146,2.0596e-05,1,1,6,0,0,0,True,1.0,1.0,0.0
rand_n200_N4,random,200,800,4,chain4,rapex-nodr,0.0,81,193,1.8432e-05,1,1,8,0,0,0,True,1.0,1.0,0.0
rand_n200_N4,random,200,800,4,chain4,rapex-nodr,0.0,180,30,1.5161e-05,1,1,6,0,0,0,True,1.0,1.0,0.0
rand_n200_N4,random,200,800,4,chain4,rapex,0.0,80,146,1.765e-05,1,1,6,0,0,0,True,1.0,1.0,0.0
rand_n200_N4,random,200,800,4,chain4,rapex,0.0,81,193,1.8333e-05,1,1,8,0,0,0,True,1.0,1.0,0.0
rand_n200_N4,random,200,800,4,chain4,rapex,0.0,180,30,1.4852e-05,1,1,6,0,0,0,True,1.0,1.0,0.0
rand_n200_N4,random,200,800,4,chain4,topolex,0.0,80,146,8.6089e-05,1,1,0,8,0,0,True,1.0,1.0,0.0
rand_n200_N4,random,200,800,4,chain4,topolex,0.0,81,193,6.9538e-05,1,1,0,8,0,0,True,1.0,1.0,0.0
rand_n200_N4,random,200,800,4,chain4,topolex,0.0,180,30,6.9069e-05,1,1,0,8,0,0,True,1.0,1.0,0.0
rand_n200_N4,random,200,800,4,chain4,peel-only,0.0,80,146,0.000103403,1,1,0,12,5,4,True,1.0,1.0,0.0
rand_n200_N4,random,200,800,4,chain4,peel-only,0.0,81,193,8.8557e-05,1,1,0,12,7,4,True,1.0,1.0,0.0
rand_n200_N4,random,200,800,4,chain4,peel-only,0.0,180,30,9.2376e-05,1,1,0,12,5,4,True,1.0,1.0,0.0
rand_n200_N4,random,200,800,4,chain4,peel-exact,0.0,80,146,8.9743e-05,1,1,0,12,5,4,True,1.0,1.0,0.0
rand_n200_N4,random,200,800,4,chain4,peel-exact,0.0,81,193,8.2722e-05,1,1,0,12,7,4,True,1.0,1.0,0.0
rand_n200_N4,random,200,800,4,chain4,peel-exact,0.0,180,30,7.9861e-05,1,1,0,12,5,4,True,1.0,1.0,0.0
rand_n200_N4,random,200,800,4,chain4,peel-rapex,0.0,80,146,0.000109638,1,1,0,12,5,4,True,1.0,1.0,0.0
rand_n200_N4,random,200,800,4,chain4,peel-rapex,0.0,81,193,8.2953e-05,1,1,0,12,7,4,True,1.0,1.0,0.0
rand_n200_N4,random,200,800,4,chain4,peel-rapex,0.0,180,30,8.0462e-05,1,1,0,12,5,4,True,1.0,1.0,0.0
rand_n200_N4,random,200,800,4,chain4,rapex-nodr,0.01,80,146,1.952e-05,1,1,6,0,0,0,True,1.0,1.0,0.0
rand_n200_N4,random,200,800,4,chain4,rapex-nodr,0.01,81,193,1.8796e-05,1,1,8,0,0,0,True,1.0,1.0,0.0
rand_n200_N4,random,200,800,4,chain4,rapex-nodr,0.01,180,30,1.594e-05,1,1,6,0,0,0,True,1.0,1.0,0.0
rand_n200_N4,random,200,800,4,chain4,rapex,0.01,80,146,1.7875e-05,1,1,6,0,0,0,True,1.0,1.0,0.0
rand_n200_N4,random,200,800,4,chain4,rapex,0.01,81,193,1.952e-05,1,1,8,0,0,0,True,1.0,1.0,0.0
rand_n200_N4,random,200,800,4,chain4,rapex,0.01,180,30,1.5423e-05,1,1,6,0,0,0,True,1.0,1.0,0.0
rand_n200_N4,random,200,800,4,chain4,peel-rapex,0.01,80,146,9.8953e-05,1,1,0,12,5,4,True,1.0,1.0,0.0
rand_n200_N4,random,200,800,4,chain4,peel-rapex,0.01,81,193,8.9325e-05,1,1,0,12,7,4,True,1.0,1.0,0.0
rand_n200_N4,random,200,800,4,chain4,peel-rapex,0.01,180,30,8.9889e-05,1,1,0,12,5,4,True,1.0,1.0,0.0
rand_n200_N4,random,200,800,4,diamond4,exact,0.0,80,146,0.000314222,3,3,423,0,0,0,True,1.0,1.0,0.0
rand_n200_N4,random,200,800,4,diamond4,exact,0.0,81,193,0.000324878,3,3,347,0,0,0,True,1.0,1.0,0.0
rand_n200_N4,random,200,800,4,diamond4,exact,0.0,180,30,0.000136326,4,4,155,0,0,0,True,1.0,1.0,0.0
rand_n200_N4,random,200,800,4,diamond4,rapex-nodr,0.0,80,146,3.9385e-05,3,3,21,0,0,0,True,1.0,1.0,0.0
rand_n200_N4,random,200,800,4,diamond4,rapex-nodr,0.0,81,193,3.2508e-05,3,3,19,0,0,0,True,1.0,1.0,0.0
rand_n200_N4,random,200,800,4,diamond4,rapex-nodr,0.0,180,30,5.0973e-05,4,4,18,0,0,0,True,1.0,1.0,0.0
rand_n200_N4,random,200,800,4,diamond4,rapex,0.0,80,146,8.4105e-05,3,3,21,0,0,0,True,1.0,1.0,0.0
rand_n200_N4,random,200,800,4,diamond4,rapex,0.0,81,193,3.2054e-05,3,3,19,0,0,0,True,1.0,1.0,0.0
rand_n200_N4,random,200,800,4,diamond4,rapex,0.0,180,30,3.1111e-05,4,4,18,0,0,0,True,1.0,1.0,0.0
rand_n200_N4,random,200,800,4,diamond4,topolex,0.0,80,146,0.00015268,2,3,0,24,0,0,True,0.6666666666666666,0.6666666666666666,0.33457249070631967
rand_n200_N4,random,200,800,4,diamond4,topolex,0.0,81,193,0.000151071,2,3,0,24,0,0,True,0.6666666666666666,0.6666666666666666,0.19999999999999996
rand_n200_N4,random,200,800,4,diamond4,topolex,0.0,180,30,0.000164839,2,4,0,24,0,0,True,0.5,0.5,0.39655172413793105
rand_n200_N4,random,200,800,4,diamond4,peel-only,0.0,80,146,2.572e-06,0,3,0,0,800,0,True,0.0,0.0,inf
rand_n200_N4,random,200,800,4,diamond4,peel-only,0.0,81,193,2.132e-06,0,3,0,0,800,0,True,0.0,0.0,inf
rand_n200_N4,random,200,800,4,diamond4,peel-only,0.0,180,30,9.5e-07,0,4,0,0,800,0,True,0.0,0.0,inf
rand_n200_N4,random,200,800,4,diamond4,peel-exact,0.0,80,146,0.000342177,3,3,423,0,800,0,True,1.0,1.0,0.0
rand_n200_N4,random,200,800,4,diamond4,peel-exact,0.0,81,193,0.000319116,3,3,347,0,800,0,True,1.0,1.0,0.0
rand_n200_N4,random,200,800,4,diamond4,peel-exact,0.0,180,30,0.000131686,4,4,155,0,800,0,True,1.0,1.0,0.0
rand_n200_N4,random,200,800,4,diamond4,peel-rapex,0.0,80,146,0.000196662,3,3,21,0,800,0,True,1.0,1.0,0.0
rand_n200_N4,random,200,800,4,diamond4,peel-rapex,0.0,81,193,0.000176489,3,3,19,0,800,0,True,1.0,1.0,0.0
rand_n200_N4,random,200,800,4,diamond4,peel-rapex,0.0,180,30,0.000187931,4,4,18,0,800,0,True,1.0,1.0,0.0
rand_n200_N4,random,200,800,4,diamond4,rapex-nodr,0.01,80,146,3.7609e-05,3,3,21,0,0,0,True,1.0,1.0,0.0
rand_n200_N4,random,200,800,4,diamond4,rapex-nodr,0.01,81,193,3.1859e-05,3,3,18,0,0,0,True,1.0,1.0,0.0
rand_n200_N4,random,200,800,4,diamond4,rapex-nodr,0.01,180,30,3.7688e-05,4,4,17,0,0,0,True,1.0,1.0,0.0
rand_n200_N4,random,200,800,4,diamond4,rapex,0.01,80,146,3.9542e-05,3,3,21,0,0,0,True,1.0,1.0,0.0
rand_n200_N4,random,200,800,4,diamond4,rapex,0.01,81,193,4.001e-05,3,3,18,0,0,0,True,1.0,1.0,0.0
rand_n200_N4,random,200,800,4,diamond4,rapex,0.01,180,30,3.1859e-05,4,4,17,0,0,0,True,1.0,1.0,0.0
rand_n200_N4,random,200,800,4,diamond4,peel-rapex,0.01,80,146,0.000210695,3,3,21,0,800,0,True,1.0,1.0,0.0
rand_n200_N4,random,200,800,4,diamond4,peel-rapex,0.01,81,193,0.000180827,3,3,18,0,800,0,True,1.0,1.0,0.0
rand_n200_N4,random,200,800,4,diamond4,peel-rapex,0.01,180,30,0.000182297,4,4,17,0,800,0,True,1.0,1.0,0.0
rand_n200_N4,random,200,800,4,flat4,exact,0.0,80,146,0.002703033,17,17,1593,0,0,0,True,1.0,1.0,0.0
rand_n200_N4,random,200,800,4,flat4,exact,0.0,81,193,0.001930677,12,12,1132,0,0,0,True,1.0,1.0,0.0
rand_n200_N4,random,200,800,4,flat4,exact,0.0,180,30,0.000501859,10,10,427,0,0,0,True,1.0,1.0,0.0
rand_n200_N4,random,200,800,4,flat4,rapex-nodr,0.0,80,146,0.000247767,17,17,92,0,0,0,True,1.0,1.0,0.0
rand_n200_N4,random,200,800,4,flat4,rapex-nodr,0.0,81,193,0.000148236,12,12,73,0,0,0,True,1.0,1.0,0.0
rand_n200_N4,random,200,800,4,flat4,rapex-nodr,0.0,180,30,7.9375e-05,10,10,41,0,0,0,True,1.0,1.0,0.0
rand_n200_N4,random,200,800,4,flat4,rapex,0.0,80,146,0.000267663,17,17,92,0,0,0,True,1.0,1.0,0.0
rand_n200_N4,random,200,800,4,flat4,rapex,0.0,81,193,0.000168972,12,12,73,0,0,0,True,1.0,1.0,0.0
rand_n200_N4,random,200,800,4,flat4,rapex,0.0,180,30,0.000107006,10,10,41,0,0,0,True,1.0,1.0,0.0
rand_n200_N4,random,200,800,4,flat4,topolex,0.0,80,146,0.000358547,4,17,0,128,0,0,True,0.23529411764705882,0.23529411764705882,0.3724696356275303
rand_n200_N4,random,200,800,4,flat4,topolex,0.0,81,193,0.000428085,4,12,0,128,0,0,True,0.3333333333333333,0.3333333333333333,0.21804511278195493
rand_n200_N4,random,200,800,4,flat4,topolex,0.0,180,30,0.000336675,4,10,0,128,0,0,True,0.4,0.4,0.24731182795698925
rand_n200_N4,random,200,800,4,flat4,peel-only,0.0,80,146,2.539e-06,0,17,0,0,800,0,True,0.0,0.0,inf
rand_n200_N4,random,200,800,4,flat4,peel-only,0.0,81,193,1.709e-06,0,12,0,0,800,0,True,0.0,0.0,inf
rand_n200_N4,random,200,800,4,flat4,peel-only,0.0,180,30,8.97e-07,0,10,0,0,800,0,True,0.0,0.0,inf
rand_n200_N4,random,200,800,4,flat4,peel-exact,0.0,80,146,0.00291823,17,17,1593,0,800,0,True,1.0,1.0,0.0
rand_n200_N4,random,200,800,4,flat4,peel-exact,0.0,81,193,0.001937497,12,12,1132,0,800,0,True,1.0,1.0,0.0
rand_n200_N4,random,200,800,4,flat4,peel-exact,0.0,180,30,0.00053383,10,10,427,0,800,0,True,1.0,1.0,0.0
rand_n200_N4,random,200,800,4,flat4,peel-rapex,0.0,80,146,0.000430433,17,17,92,0,800,0,True,1.0,1.0,0.0
rand_n200_N4,random,200,800,4,flat4,peel-rapex,0.0,81,193,0.000323395,12,12,73,0,800,0,True,1.0,1.0,0.0
rand_n200_N4,random,200,800,4,flat4,peel-rapex,0.0,180,30,0.000244719,10,10,41,0,800,0,True,1.0,1.0,0.0
rand_n200_N4,random,200,800,4,flat4,rapex-nodr,0.01,80,146,0.00021579,15,17,80,0,0,0,True,0.8823529411764706,0.8823529411764706,0.009708737864077666
rand_n200_N4,random,200,800,4,flat4,rapex-nodr,0.01,81,193,0.000140717,11,12,68,0,0,0,True,0.9166666666666666,0.9166666666666666,0.0046948356807512415
rand_n200_N4,random,200,800,4,flat4,rapex-nodr,0.01,180,30,7.0883e-05,10,10,38,0,0,0,True,1.0,1.0,0.0
rand_n200_N4,random,200,800,4,flat4,rapex,0.01,80,146,0.000239874,15,17,80,0,0,0,True,0.8823529411764706,0.8823529411764706,0.009708737864077666
rand_n200_N4,random,200,800,4,flat4,rapex,0.01,81,193,0.000149747,11,12,68,0,0,0,True,0.9166666666666666,0.9166666666666666,0.0046948356807512415
rand_n200_N4,random,200,800,4,flat4,rapex,0.01,180,30,7.9725e-05,10,10,38,0,0,0,True,1.0,1.0,0.0
rand_n200_N4,random,200,800,4,flat4,peel-rapex,0.01,80,146,0.000382273,15,17,80,0,800,0,True,0.8823529411764706,0.8823529411764706,0.009708737864077666
rand_n200_N4,random,200,800,4,flat4,peel-rapex,0.01,81,193,0.000386936,11,12,68,0,800,0,True,0.9166666666666666,0.9166666666666666,0.0046948356807512415
rand_n200_N4,random,200,800,4,flat4,peel-rapex,0.01,180,30,0.000220152,10,10,38,0,800,0,True,1.0,1.0,0.0
rand_n200_N4,random,200,800,4,top1,exact,0.0,80,146,0.000101941,1,1,139,0,0,0,True,1.0,1.0,0.0
rand_n200_N4,random,200,800,4,top1,exact,0.0,81,193,0.000112412,1,1,129,0,0,0,True,1.0,1.0,0.0
rand_n200_N4,random,200,800,4,top1,exact,0.0,180,30,1.7404e-05,1,1,19,0,0,0,True,1.0,1.0,0.0
rand_n200_N4,random,200,800,4,top1,rapex-nodr,0.0,80,146,1.8361e-05,1,1,6,0,0,0,True,1.0,1.0,0.0
rand_n200_N4,random,200,800,4,top1,rapex-nodr,0.0,81,193,1.8385e-05,1,1,8,0,0,0,True,1.0,1.0,0.0
rand_n200_N4,random,200,800,4,top1,rapex-nodr,0.0,180,30,1.6145e-05,1,1,6,0,0,0,True,1.0,1.0,0.0
rand_n200_N4,random,200,800,4,top1,rapex,0.0,80,146,1.9841e-05,1,1,6,0,0,0,True,1.0,1.0,0.0
rand_n200_N4,random,200,800,4,top1,rapex,0.0,81,193,1.7686e-05,1,1,8,0,0,0,True,1.0,1.0,0.0
rand_n200_N4,random,200,800,4,top1,rapex,0.0,180,30,1.5279e-05,1,1,6,0,0,0,True,1.0,1.0,0.0
rand_n200_N4,random,200,800,4,top1,topolex,0.0,80,146,8.5943e-05,1,1,0,32,0,0,True,1.0,1.0,0.0
rand_n200_N4,random,200,800,4,top1,topolex,0.0,81,193,8.7775e-05,1,1,0,32,0,0,True,1.0,1.0,0.0
rand_n200_N4,random,200,800,4,top1,topolex,0.0,180,30,8.4545e-05,1,1,0,32,0,0,True,1.0,1.0,0.0
rand_n200_N4,random,200,800,4,top1,peel-only,0.0,80,146,7.1068e-05,0,1,0,2,5,1,True,0.0,0.0,inf
rand_n200_N4,random,200,800,4,top1,peel-only,0.0,81,193,7.5151e-05,0,1,0,2,7,1,True,0.0,0.0,inf
rand_n200_N4,random,200,800,4,top1,peel-only,0.0,180,30,6.8022e-05,0,1,0,2,5,1,True,0.0,0.0,inf
rand_n200_N4,random,200,800,4,top1,peel-exact,0.0,80,146,8.043e-05,1,1,6,2,5,1,True,1.0,1.0,0.0
rand_n200_N4,random,200,800,4,top1,peel-exact,0.0,81,193,7.2645e-05,1,1,8,2,7,1,True,1.0,1.0,0.0
rand_n200_N4,random,200,800,4,top1,peel-exact,0.0,180,30,7.3669e-05,1,1,6,2,5,1,True,1.0,1.0,0.0
rand_n200_N4,random,200,800,4,top1,peel-rapex,0.0,80,146,0.000102748,1,1,6,2,5,1,True,1.0,1.0,0.0
rand_n200_N4,random,200,800,4,top1,peel-rapex,0.0,81,193,9.1704e-05,1,1,8,2,7,1,True,1.0,1.0,0.0
rand_n200_N4,random,200,800,4,top1,peel-rapex,0.0,180,30,8.5566e-05,1,1,6,2,5,1,True,1.0,1.0,0.0
rand_n200_N4,random,200,800,4,top1,rapex-nodr,0.01,80,146,2.2862e-05,1,1,6,0,0,0,True,1.0,1.0,0.0
rand_n200_N4,random,200,800,4,top1,rapex-nodr,0.01,81,193,2.2883e-05,1,1,8,0,0,0,True,1.0,1.0,0.0
rand_n200_N4,random,200,800,4,top1,rapex-nodr,0.01,180,30,1.9608e-05,1,1,6,0,0,0,True,1.0,1.0,0.0
rand_n200_N4,random,200,800,4,top1,rapex,0.01,80,146,1.9032e-05,1,1,6,0,0,0,True,1.0,1.0,0.0
rand_n200_N4,random,200,800,4,top1,rapex,0.01,81,193,2.2759e-05,1,1,8,0,0,0,True,1.0,1.0,0.0
rand_n200_N4,random,200,800,4,top1,rapex,0.01,180,30,1.5481e-05,1,1,6,0,0,0,True,1.0,1.0,0.0
rand_n200_N4,random,200,800,4,top1,peel-rapex,0.01,80,146,0.000158315,1,1,6,2,5,1,True,1.0,1.0,0.0
rand_n200_N4,random,200,800,4,top1,peel-rapex,0.01,81,193,0.000125346,1,1,8,2,7,1,True,1.0,1.0,0.0
rand_n200_N4,random,200,800,4,top1,peel-rapex,0.01,180,30,0.000109809,1,1,6,2,5,1,True,1.0,1.0,0.0
rand_n800_N4,random,800,3200,4,chain2top,exact,0.0,526,35,0.000325335,1,1,364,0,0,0,True,1.0,1.0,0.0
rand_n800_N4,random,800,3200,4,chain2top,exact,0.0,192,359,0.000364377,1,1,396,0,0,0,True,1.0,1.0,0.0
rand_n800_N4,random,800,3200,4,chain2top,exact,0.0,307,532,0.00034443,1,1,447,0,0,0,True,1.0,1.0,0.0
rand_n800_N4,random,800,3200,4,chain2top,rapex-nodr,0.0,526,35,4.5737e-05,1,1,9,0,0,0,True,1.0,1.0,0.0
rand_n800_N4,random,800,3200,4,chain2top,rapex-nodr,0.0,192,359,4.4776e-05,1,1,10,0,0,0,True,1.0,1.0,0.0
rand_n800_N4,random,800,3200,4,chain2top,rapex-nodr,0.0,307,532,2.8162e-05,1,1,10,0,0,0,True,1.0,1.0,0.0
rand_n800_N4,random,800,3200,4,chain2top,rapex,0.0,526,35,5.176e-05,1,1,9,0,0,0,True,1.0,1.0,0.0
rand_n800_N4,random,800,3200,4,chain2top,rapex,0.0,192,359,3.3662e-05,1,1,10,0,0,0,True,1.0,1.0,0.0
rand_n800_N4,random,800,3200,4,chain2top,rapex,0.0,307,532,3.9495e-05,1,1,10,0,0,0,True,1.0,1.0,0.0
rand_n800_N4,random,800,3200,4,chain2top,topolex,0.0,526,35,0.000381595,1,1,0,12,0,0,True,1.0,1.0,0.0
rand_n800_N4,random,800,3200,4,chain2top,topolex,0.0,192,359,0.000349948,1,1,0,12,0,0,True,1.0,1.0,0.0
rand_n800_N4,random,800,3200,4,chain2top,topolex,0.0,307,532,0.00038937,1,1,0,12,0,0,True,1.0,1.0,0.0
rand_n800_N4,random,800,3200,4,chain2top,peel-only,0.0,526,35,0.000325939,0,1,0,4,8,2,True,0.0,0.0,inf
rand_n800_N4,random,800,3200,4,chain2top,peel-only,0.0,192,359,0.000376892,0,1,0,4,9,2,True,0.0,0.0,inf
rand_n800_N4,random,800,3200,4,chain2top,peel-only,0.0,307,532,0.000326463,0,1,0,4,9,2,True,0.0,0.0,inf
rand_n800_N4,random,800,3200,4,chain2top,peel-exact,0.0,526,35,0.00033162,1,1,9,4,8,2,True,1.0,1.0,0.0
rand_n800_N4,random,800,3200,4,chain2top,peel-exact,0.0,192,359,0.000413766,1,1,10,4,9,2,True,1.0,1.0,0.0
rand_n800_N4,random,800,3200,4,chain2top,peel-exact,0.0,307,532,0.000373969,1,1,10,4,9,2,True,1.0,1.0,0.0
rand_n800_N4,random,800,3200,4,chain2top,peel-rapex,0.0,526,35,0.000475834,1,1,9,4,8,2,True,1.0,1.0,0.0
rand_n800_N4,random,800,3200,4,chain2top,peel-rapex,0.0,192,359,0.000352196,1,1,10,4,9,2,True,1.0,1.0,0.0
rand_n800_N4,random,800,3200,4,chain2top,peel-rapex,0.0,307,532,0.00038089,1,1,10,4,9,2,True,1.0,1.0,0.0
rand_n800_N4,random,800,3200,4,chain2top,rapex-nodr,0.01,526,35,4.0833e-05,1,1,9,0,0,0,True,1.0,1.0,0.0
rand_n800_N4,random,800,3200,4,chain2top,rapex-nodr,0.01,192,359,3.1044e-05,1,1,10,0,0,0,True,1.0,1.0,0.0
rand_n800_N4,random,800,3200,4,chain2top,rapex-nodr,0.01,307,532,3.2175e-05,1,1,10,0,0,0,True,1.0,1.0,0.0
rand_n800_N4,random,800,3200,4,chain2top,rapex,0.01,526,35,3.4877e-05,1,1,9,0,0,0,True,1.0,1.0,0.0
rand_n800_N4,random,800,3200,4,chain2top,rapex,0.01,192,359,4.0035e-05,1,1,10,0,0,0,True,1.0,1.0,0.0
rand_n800_N4,random,800,3200,4,chain2top,rapex,0.01,307,532,3.2834e-05,1,1,10,0,0,0,True,1.0,1.0,0.0
rand_n800_N4,random,800,3200,4,chain2top,peel-rapex,0.01,526,35,0.000412946,1,1,9,4,8,2,True,1.0,1.0,0.0
rand_n800_N4,random,800,3200,4,chain2top,peel-rapex,0.01,192,359,0.000443191,1,1,10,4,9,2,True,1.0,1.0,0.0
rand_n800_N4,random,800,3200,4,chain2top,peel-rapex,0.01,307,532,0.000348596,1,1,10,4,9,2,True,1.0,1.0,0.0
rand_n800_N4,random,800,3200,4,chain4,exact,0.0,526,35,0.000334698,1,1,364,0,0,0,True,1.0,1.0,0.0
rand_n800_N4,random,800,3200,4,chain4,exact,0.0,192,359,0.000340414,1,1,396,0,0,0,True,1.0,1.0,0.0
rand_n800_N4,random,800,3200,4,chain4,exact,0.0,307,532,0.000428613,1,1,447,0,0,0,True,1.0,1.0,0.0
rand_n800_N4,random,800,3200,4,chain4,rapex-nodr,0.0,526,35,3.6748e-05,1,1,9,0,0,0,True,1.0,1.0,0.0
rand_n800_N4,random,800,3200,4,chain4,rapex-nodr,0.0,192,359,3.3355e-05,1,1,10,0,0,0,True,1.0,1.0,0.0
rand_n800_N4,random,800,3200,4,chain4,rapex-nodr,0.0,307,532,2.7704e-05,1,1,10,0,0,0,True,1.0,1.0,0.0
rand_n800_N4,random,800,3200,4,chain4,rapex,0.0,526,35,3.6638e-05,1,1,9,0,0,0,True,1.0,1.0,0.0
rand_n800_N4,random,800,3200,4,chain4,rapex,0.0,192,359,3.6981e-05,1,1,10,0,0,0,True,1.0,1.0,0.0
rand_n800_N4,random,800,3200,4,chain4,rapex,0.0,307,532,2.7713e-05,1,1,10,0,0,0,True,1.0,1.0,0.0
rand_n800_N4,random,800,3200,4,chain4,topolex,0.0,526,35,0.000332487,1,1,0,8,0,0,True,1.0,1.0,0.0
rand_n800_N4,random,800,3200,4,chain4,topolex,0.0,192,359,0.000303428,1,1,0,8,0,0,True,1.0,1.0,0.0
rand_n800_N4,random,800,3200,4,chain4,topolex,0.0,307,532,0.00030059,1,1,0,8,0,0,True,1.0,1.0,0.0
rand_n800_N4,random,800,3200,4,chain4,peel-only,0.0,526,35,0.00034681,1,1,0,12,8,4,True,1.0,1.0,0.0
rand_n800_N4,random,800,3200,4,chain4,peel-only,0.0,192,359,0.000319308,1,1,0,12,9,4,True,1.0,1.0,0.0
rand_n800_N4,random,800,3200,4,chain4,peel-only,0.0,307,532,0.000321882,1,1,0,12,9,4,True,1.0,1.0,0.0
rand_n800_N4,random,800,3200,4,chain4,peel-exact,0.0,526,35,0.000333879,1,1,0,12,8,4,True,1.0,1.0,0.0
rand_n800_N4,random,800,3200,4,chain4,peel-exact,0.0,192,359,0.00032644,1,1,0,12,9,4,True,1.0,1.0,0.0
rand_n800_N4,random,800,3200,4,chain4,peel-exact,0.0,307,532,0.000322355,1,1,0,12,9,4,True,1.0,1.0,0.0
rand_n800_N4,random,800,3200,4,chain4,peel-rapex,0.0,526,35,0.000327065,1,1,0,12,8,4,True,1.0,1.0,0.0
rand_n800_N4,random,800,3200,4,chain4,peel-rapex,0.0,192,359,0.000333175,1,1,0,12,9,4,True,1.0,1.0,0.0
rand_n800_N4,random,800,3200,4,chain4,peel-rapex,0.0,307,532,0.000318799,1,1,0,12,9,4,True,1.0,1.0,0.0
rand_n800_N4,random,800,3200,4,chain4,rapex-nodr,0.01,526,35,3.7233e-05,1,1,9,0,0,0,True,1.0,1.0,0.0
rand_n800_N4,random,800,3200,4,chain4,rapex-nodr,0.01,192,359,3.0399e-05,1,1,10,0,0,0,True,1.0,1.0,0.0
rand_n800_N4,random,800,3200,4,chain4,rapex-nodr,0.01,307,532,2.6993e-05,1,1,10,0,0,0,True,1.0,1.0,0.0
rand_n800_N4,random,800,3200,4,chain4,rapex,0.01,526,35,3.3589e-05,1,1,9,0,0,0,True,1.0,1.0,0.0
rand_n800_N4,random,800,3200,4,chain4,rapex,0.01,192,359,3.0211e-05,1,1,10,0,0,0,True,1.0,1.0,0.0
rand_n800_N4,random,800,3200,4,chain4,rapex,0.01,307,532,2.7336e-05,1,1,10,0,0,0,True,1.0,1.0,0.0
rand_n800_N4,random,800,3200,4,chain4,peel-rapex,0.01,526,35,0.000346468,1,1,0,12,8,4,True,1.0,1.0,0.0
rand_n800_N4,random,800,3200,4,chain4,peel-rapex,0.01,192,359,0.000325332,1,1,0,12,9,4,True,1.0,1.0,0.0
rand_n800_N4,random,800,3200,4,chain4,peel-rapex,0.01,307,532,0.000342317,1,1,0,12,9,4,True,1.0,1.0,0.0
rand_n800_N4,random,800,3200,4,diamond4,exact,0.0,526,35,0.001679754,7,7,1515,0,0,0,True,1.0,1.0,0.0
rand_n800_N4,random,800,3200,4,diamond4,exact,0.0,192,359,0.000589838,2,2,610,0,0,0,True,1.0,1.0,0.0
rand_n800_N4,random,800,3200,4,diamond4,exact,0.0,307,532,0.00175166,7,7,2008,0,0,0,True,1.0,1.0,0.0
rand_n800_N4,random,800,3200,4,diamond4,rapex-nodr,0.0,526,35,0.000126998,7,7,52,0,0,0,True,1.0,1.0,0.0
rand_n800_N4,random,800,3200,4,diamond4,rapex-nodr,0.0,192,359,3.4776e-05,2,2,17,0,0,0,True,1.0,1.0,0.0
rand_n800_N4,random,800,3200,4,diamond4,rapex-nodr,0.0,307,532,0.000129929,7,7,81,0,0,0,True,1.0,1.0,0.0
rand_n800_N4,random,800,3200,4,diamond4,rapex,0.0,526,35,0.000218019,7,7,52,0,0,0,True,1.0,1.0,0.0
rand_n800_N4,random,800,3200,4,diamond4,rapex,0.0,192,359,3.6487e-05,2,2,17,0,0,0,True,1.0,1.0,0.0
rand_n800_N4,random,800,3200,4,diamond4,rapex,0.0,307,532,0.000145323,7,7,81,0,0,0,True,1.0,1.0,0.0
rand_n800_N4,random,800,3200,4,diamond4,topolex,0.0,526,35,0.000655937,2,7,0,24,0,0,True,0.2857142857142857,0.2857142857142857,1.164319248826291
rand_n800_N4,random,800,3200,4,diamond4,topolex,0.0,192,359,0.000641426,2,2,0,24,0,0,True,1.0,1.0,0.0
rand_n800_N4,random,800,3200,4,diamond4,topolex,0.0,307,532,0.000637789,2,7,0,24,0,0,True,0.2857142857142857,0.2857142857142857,0.7222222222222223
rand_n800_N4,random,800,3200,4,diamond4,peel-only,0.0,526,35,3.727e-06,0,7,0,0,3200,0,True,0.0,0.0,inf
rand_n800_N4,random,800,3200,4,diamond4,peel-only,0.0,192,359,3.092e-06,0,2,0,0,3200,0,True,0.0,0.0,inf
rand_n800_N4,random,800,3200,4,diamond4,peel-only,0.0,307,532,1.907e-06,0,7,0,0,3200,0,True,0.0,0.0,inf
rand_n800_N4,random,800,3200,4,diamond4,peel-exact,0.0,526,35,0.001815769,7,7,1515,0,3200,0,True,1.0,1.0,0.0
rand_n800_N4,random,800,3200,4,diamond4,peel-exact,0.0,192,359,0.000623085,2,2,610,0,3200,0,True,1.0,1.0,0.0
rand_n800_N4,random,800,3200,4,diamond4,peel-exact,0.0,307,532,0.001904317,7,7,2008,0,3200,0,True,1.0,1.0,0.0
rand_n800_N4,random,800,3200,4,diamond4,peel-rapex,0.0,526,35,0.000774381,7,7,52,0,3200,0,True,1.0,1.0,0.0
rand_n800_N4,random,800,3200,4,diamond4,peel-rapex,0.0,192,359,0.000645323,2,2,17,0,3200,0,True,1.0,1.0,0.0
rand_n800_N4,random,800,3200,4,diamond4,peel-rapex,0.0,307,532,0.000752341,7,7,81,0,3200,0,True,1.0,1.0,0.0
rand_n800_N4,random,800,3200,4,diamond4,rapex-nodr,0.01,526,35,0.000145393,7,7,52,0,0,0,True,1.0,1.0,0.0
rand_n800_N4,random,800,3200,4,diamond4,rapex-nodr,0.01,192,359,3.4353e-05,2,2,17,0,0,0,True,1.0,1.0,0.0
rand_n800_N4,random,800,3200,4,diamond4,rapex-nodr,0.01,307,532,0.000115503,6,7,74,0,0,0,True,0.8571428571428571,0.8571428571428571,0.008620689655172376
rand_n800_N4,random,800,3200,4,diamond4,rapex,0.01,526,35,0.00011927,7,7,52,0,0,0,True,1.0,1.0,0.0
rand_n800_N4,random,800,3200,4,diamond4,rapex,0.01,192,359,3.4331e-05,2,2,17,0,0,0,True,1.0,1.0,0.0
rand_n800_N4,random,800,3200,4,diamond4,rapex,0.01,307,532,0.000120254,6,7,74,0,0,0,True,0.8571428571428571,0.8571428571428571,0.008620689655172376
rand_n800_N4,random,800,3200,4,diamond4,peel-rapex,0.01,526,35,0.00082147,7,7,52,0,3200,0,True,1.0,1.0,0.0
rand_n800_N4,random,800,3200,4,diamond4,peel-rapex,0.01,192,359,0.000658372,2,2,17,0,3200,0,True,1.0,1.0,0.0
rand_n800_N4,random,800,3200,4,diamond4,peel-rapex,0.01,307,532,0.000727943,6,7,74,0,3200,0,True,0.8571428571428571,0.8571428571428571,0.008620689655172376
rand_n800_N4,random,800,3200,4,flat4,exact,0.0,526,35,0.015717278,20,20,7161,0,0,0,True,1.0,1.0,0.0
rand_n800_N4,random,800,3200,4,flat4,exact,0.0,192,359,0.006948342,13,13,4408,0,0,0,True,1.0,1.0,0.0
rand_n800_N4,random,800,3200,4,flat4,exact,0.0,307,532,0.014856579,28,28,6874,0,0,0,True,1.0,1.0,0.0
rand_n800_N4,random,800,3200,4,flat4,rapex-nodr,0.0,526,35,0.000430102,20,20,152,0,0,0,True,1.0,1.0,0.0
rand_n800_N4,random,800,3200,4,flat4,rapex-nodr,0.0,192,359,0.000202646,13,13,102,0,0,0,True,1.0,1.0,0.0
rand_n800_N4,random,800,3200,4,flat4,rapex-nodr,0.0,307,532,0.00063081,28,28,233,0,0,0,True,1.0,1.0,0.0
rand_n800_N4,random,800,3200,4,flat4,rapex,0.0,526,35,0.000465258,20,20,152,0,0,0,True,1.0,1.0,0.0
rand_n800_N4,random,800,3200,4,flat4,rapex,0.0,192,359,0.000240558,13,13,102,0,0,0,True,1.0,1.0,0.0
rand_n800_N4,random,800,3200,4,flat4,rapex,0.0,307,532,0.000707721,28,28,233,0,0,0,True,1.0,1.0,0.0
rand_n800_N4,random,800,3200,4,flat4,topolex,0.0,526,35,0.001496024,4,20,0,128,0,0,True,0.2,0.2,0.3080808080808082
rand_n800_N4,random,800,3200,4,flat4,topolex,0.0,192,359,0.001345083,4,13,0,128,0,0,True,0.3076923076923077,0.3076923076923077,0.11976047904191622
rand_n800_N4,random,800,3200,4,flat4,topolex,0.0,307,532,0.001374627,4,28,0,128,0,0,True,0.14285714285714285,0.14285714285714285,1.238888888888889
rand_n800_N4,random,800,3200,4,flat4,peel-only,0.0,526,35,3.856e-06,0,20,0,0,3200,0,True,0.0,0.0,inf
rand_n800_N4,random,800,3200,4,flat4,peel-only,0.0,192,359,2.894e-06,0,13,0,0,3200,0,True,0.0,0.0,inf
rand_n800_N4,random,800,3200,4,flat4,peel-only,0.0,307,532,1.848e-06,0,28,0,0,3200,0,True,0.0,0.0,inf
rand_n800_N4,random,800,3200,4,flat4,peel-exact,0.0,526,35,0.015791942,20,20,7161,0,3200,0,True,1.0,1.0,0.0
rand_n800_N4,random,800,3200,4,flat4,peel-exact,0.0,192,359,0.007158227,13,13,4408,0,3200,0,True,1.0,1.0,0.0
rand_n800_N4,random,800,3200,4,flat4,peel-exact,0.0,307,532,0.015781532,28,28,6874,0,3200,0,True,1.0,1.0,0.0
rand_n800_N4,random,800,3200,4,flat4,peel-rapex,0.0,526,35,0.001265711,20,20,152,0,3200,0,True,1.0,1.0,0.0
rand_n800_N4,random,800,3200,4,flat4,peel-rapex,0.0,192,359,0.000863264,13,13,102,0,3200,0,True,1.0,1.0,0.0
rand_n800_N4,random,800,3200,4,flat4,peel-rapex,0.0,307,532,0.001743904,28,28,233,0,3200,0,True,1.0,1.0,0.0
rand_n800_N4,random,800,3200,4,flat4,rapex-nodr,0.01,526,35,0.000403296,19,20,148,0,0,0,True,0.95,0.95,0.006230529595015577
rand_n800_N4,random,800,3200,4,flat4,rapex-nodr,0.01,192,359,0.000168698,11,13,93,0,0,0,True,0.8461538461538461,0.8461538461538461,0.004629629629629539
rand_n800_N4,random,800,3200,4,flat4,rapex-nodr,0.01,307,532,0.000508935,24,28,205,0,0,0,True,0.8571428571428571,0.8571428571428571,0.008620689655172376
rand_n800_N4,random,800,3200,4,flat4,rapex,0.01,526,35,0.000431111,19,20,148,0,0,0,True,0.95,0.95,0.006230529595015577
rand_n800_N4,random,800,3200,4,flat4,rapex,0.01,192,359,0.000185993,11,13,93,0,0,0,True,0.8461538461538461,0.8461538461538461,0.004629629629629539
rand_n800_N4,random,800,3200,4,flat4,rapex,0.01,307,532,0.000542427,24,28,205,0,0,0,True,0.8571428571428571,0.8571428571428571,0.008620689655172376
rand_n800_N4,random,800,3200,4,flat4,peel-rapex,0.01,526,35,0.001178,19,20,148,0,3200,0,True,0.95,0.95,0.006230529595015577
rand_n800_N4,random,800,3200,4,flat4,peel-rapex,0.01,192,359,0.00078353,11,13,93,0,3200,0,True,0.8461538461538461,0.8461538461538461,0.004629629629629539
rand_n800_N4,random,800,3200,4,flat4,peel-rapex,0.01,307,532,0.001285899,24,28,205,0,3200,0,True,0.8571428571428571,0.8571428571428571,0.008620689655172376
rand_n800_N4,random,800,3200,4,top1,exact,0.0,526,35,0.000325478,1,1,372,0,0,0,True,1.0,1.0,0.0
rand_n800_N4,random,800,3200,4,top1,exact,0.0,192,359,0.000330344,1,1,397,0,0,0,True,1.0,1.0,0.0
rand_n800_N4,random,800,3200,4,top1,exact,0.0,307,532,0.000369324,1,1,447,0,0,0,True,1.0,1.0,0.0
rand_n800_N4,random,800,3200,4,top1,rapex-nodr,0.0,526,35,3.5137e-05,1,1,9,0,0,0,True,1.0,1.0,0.0
rand_n800_N4,random,800,3200,4,top1,rapex-nodr,0.0,192,359,2.8503e-05,1,1,10,0,0,0,True,1.0,1.0,0.0
rand_n800_N4,random,800,3200,4,top1,rapex-nodr,0.0,307,532,2.6454e-05,1,1,10,0,0,0,True,1.0,1.0,0.0
rand_n800_N4,random,800,3200,4,top1,rapex,0.0,526,35,3.9475e-05,1,1,9,0,0,0,True,1.0,1.0,0.0
rand_n800_N4,random,800,3200,4,top1,rapex,0.0,192,359,2.8601e-05,1,1,10,0,0,0,True,1.0,1.0,0.0
rand_n800_N4,random,800,3200,4,top1,rapex,0.0,307,532,2.7287e-05,1,1,10,0,0,0,True,1.0,1.0,0.0
rand_n800_N4,random,800,3200,4,top1,topolex,0.0,526,35,0.000387709,1,1,0,32,0,0,True,1.0,1.0,0.0
rand_n800_N4,random,800,3200,4,top1,topolex,0.0,192,359,0.000358222,1,1,0,32,0,0,True,1.0,1.0,0.0
rand_n800_N4,random,800,3200,4,top1,topolex,0.0,307,532,0.000337169,1,1,0,32,0,0,True,1.0,1.0,0.0
rand_n800_N4,random,800,3200,4,top1,peel-only,0.0,526,35,0.000305255,0,1,0,2,8,1,True,0.0,0.0,inf
rand_n800_N4,random,800,3200,4,top1,peel-only,0.0,192,359,0.000290194,0,1,0,2,9,1,True,0.0,0.0,inf
rand_n800_N4,random,800,3200,4,top1,peel-only,0.0,307,532,0.000312192,0,1,0,2,9,1,True,0.0,0.0,inf
rand_n800_N4,random,800,3200,4,top1,peel-exact,0.0,526,35,0.000342049,1,1,9,2,8,1,True,1.0,1.0,0.0
rand_n800_N4,random,800,3200,4,top1,peel-exact,0.0,192,359,0.000321957,1,1,10,2,9,1,True,1.0,1.0,0.0
rand_n800_N4,random,800,3200,4,top1,peel-exact,0.0,307,532,0.00032951,1,1,10,2,9,1,True,1.0,1.0,0.0
rand_n800_N4,random,800,3200,4,top1,peel-rapex,0.0,526,35,0.000416633,1,1,9,2,8,1,True,1.0,1.0,0.0
rand_n800_N4,random,800,3200,4,top1,peel-rapex,0.0,192,359,0.00045511,1,1,10,2,9,1,True,1.0,1.0,0.0
rand_n800_N4,random,800,3200,4,top1,peel-rapex,0.0,307,532,0.00043465,1,1,10,2,9,1,True,1.0,1.0,0.0
rand_n800_N4,random,800,3200,4,top1,rapex-nodr,0.01,526,35,4.3127e-05,1,1,9,0,0,0,True,1.0,1.0,0.0
rand_n800_N4,random,800,3200,4,top1,rapex-nodr,0.01,192,359,3.1418e-05,1,1,10,0,0,0,True,1.0,1.0,0.0
rand_n800_N4,random,800,3200,4,top1,rapex-nodr,0.01,307,532,2.867e-05,1,1,10,0,0,0,True,1.0,1.0,0.0
rand_n800_N4,random,800,3200,4,top1,rapex,0.01,526,35,3.8815e-05,1,1,9,0,0,0,True,1.0,1.0,0.0
rand_n800_N4,random,800,3200,4,top1,rapex,0.01,192,359,3.1468e-05,1,1,10,0,0,0,True,1.0,1.0,0.0
rand_n800_N4,random,800,3200,4,top1,rapex,0.01,307,532,2.9104e-05,1,1,10,0,0,0,True,1.0,1.0,0.0
rand_n800_N4,random,800,3200,4,top1,peel-rapex,0.01,526,35,0.000396656,1,1,9,2,8,1,True,1.0,1.0,0.0
rand_n800_N4,random,800,3200,4,top1,peel-rapex,0.01,192,359,0.000379969,1,1,10,2,9,1,True,1.0,1.0,0.0
rand_n800_N4,random,800,3200,4,top1,peel-rapex,0.01,307,532,0.000349938,1,1,10,2,9,1,True,1.0,1.0,0.0
rand_n3200_N4,random,3200,12800,4,chain2top,exact,0.0,1249,3106,0.001595315,1,1,1377,0,0,0,True,1.0,1.0,0.0
rand_n3200_N4,random,3200,12800,4,chain2top,exact,0.0,2731,3058,0.000630175,1,1,620,0,0,0,True,1.0,1.0,0.0
rand_n3200_N4,random,3200,12800,4,chain2top,exact,0.0,1994,2389,0.000711188,1,1,681,0,0,0,True,1.0,1.0,0.0
rand_n3200_N4,random,3200,12800,4,chain2top,rapex-nodr,0.0,1249,3106,0.000180904,1,1,7,0,0,0,True,1.0,1.0,0.0
rand_n3200_N4,random,3200,12800,4,chain2top,rapex-nodr,0.0,2731,3058,6.3476e-05,1,1,8,0,0,0,True,1.0,1.0,0.0
rand_n3200_N4,random,3200,12800,4,chain2top,rapex-nodr,0.0,1994,2389,6.3294e-05,1,1,7,0,0,0,True,1.0,1.0,0.0
rand_n3200_N4,random,3200,12800,4,chain2top,rapex,0.0,1249,3106,0.000109627,1,1,7,0,0,0,True,1.0,1.0,0.0
rand_n3200_N4,random,3200,12800,4,chain2top,rapex,0.0,2731,3058,6.1405e-05,1,1,8,0,0,0,True,1.0,1.0,0.0
rand_n3200_N4,random,3200,12800,4,chain2top,rapex,0.0,1994,2389,5.7525e-05,1,1,7,0,0,0,True,1.0,1.0,0.0
rand_n3200_N4,random,3200,12800,4,chain2top,topolex,0.0,1249,3106,0.001989111,1,1,0,12,0,0,True,1.0,1.0,0.0
rand_n3200_N4,random,3200,12800,4,chain2top,topolex,0.0,2731,3058,0.001554601,1,1,0,12,0,0,True,1.0,1.0,0.0
rand_n3200_N4,random,3200,12800,4,chain2top,topolex,0.0,1994,2389,0.001599083,1,1,0,12,0,0,True,1.0,1.0,0.0
rand_n3200_N4,random,3200,12800,4,chain2top,peel-only,0.0,1249,3106,0.001627029,0,1,0,4,6,2,True,0.0,0.0,inf
rand_n3200_N4,random,3200,12800,4,chain2top,peel-only,0.0,2731,3058,0.001571494,0,1,0,4,7,2,True,0.0,0.0,inf
rand_n3200_N4,random,3200,12800,4,chain2top,peel-only,0.0,1994,2389,0.001456664,0,1,0,4,6,2,True,0.0,0.0,inf
rand_n3200_N4,random,3200,12800,4,chain2top,peel-exact,0.0,1249,3106,0.00161326,1,1,7,4,6,2,True,1.0,1.0,0.0
rand_n3200_N4,random,3200,12800,4,chain2top,peel-exact,0.0,2731,3058,0.00167176,1,1,8,4,7,2,True,1.0,1.0,0.0
rand_n3200_N4,random,3200,12800,4,chain2top,peel-exact,0.0,1994,2389,0.001672354,1,1,7,4,6,2,True,1.0,1.0,0.0
rand_n3200_N4,random,3200,12800,4,chain2top,peel-rapex,0.0,1249,3106,0.001983066,1,1,7,4,6,2,True,1.0,1.0,0.0
rand_n3200_N4,random,3200,12800,4,chain2top,peel-rapex,0.0,2731,3058,0.002063379,1,1,8,4,7,2,True,1.0,1.0,0.0
rand_n3200_N4,random,3200,12800,4,chain2top,peel-rapex,0.0,1994,2389,0.001750905,1,1,7,4,6,2,True,1.0,1.0,0.0
rand_n3200_N4,random,3200,12800,4,chain2top,rapex-nodr,0.01,1249,3106,0.000105227,1,1,7,0,0,0,True,1.0,1.0,0.0
rand_n3200_N4,random,3200,12800,4,chain2top,rapex-nodr,0.01,2731,3058,5.8529e-05,1,1,8,0,0,0,True,1.0,1.0,0.0
rand_n3200_N4,random,3200,12800,4,chain2top,rapex-nodr,0.01,1994,2389,5.4227e-05,1,1,7,0,0,0,True,1.0,1.0,0.0
rand_n3200_N4,random,3200,12800,4,chain2top,rapex,0.01,1249,3106,0.000102391,1,1,7,0,0,0,True,1.0,1.0,0.0
rand_n3200_N4,random,3200,12800,4,chain2top,rapex,0.01,2731,3058,5.248e-05,1,1,8,0,0,0,True,1.0,1.0,0.0
rand_n3200_N4,random,3200,12800,4,chain2top,rapex,0.01,1994,2389,5.0717e-05,1,1,7,0,0,0,True,1.0,1.0,0.0
rand_n3200_N4,random,3200,12800,4,chain2top,peel-rapex,0.01,1249,3106,0.001868463,1,1,7,4,6,2,True,1.0,1.0,0.0
rand_n3200_N4,random,3200,12800,4,chain2top,peel-rapex,0.01,2731,3058,0.001738285,1,1,8,4,7,2,True,1.0,1.0,0.0
rand_n3200_N4,random,3200,12800,4,chain2top,peel-rapex,0.01,1994,2389,0.001644643,1,1,7,4,6,2,True,1.0,1.0,0.0
rand_n3200_N4,random,3200,12800,4,chain4,exact,0.0,1249,3106,0.001393005,1,1,1377,0,0,0,True,1.0,1.0,0.0
rand_n3200_N4,random,3200,12800,4,chain4,exact,0.0,2731,3058,0.000605897,1,1,620,0,0,0,True,1.0,1.0,0.0
rand_n3200_N4,random,3200,12800,4,chain4,exact,0.0,1994,2389,0.000629638,1,1,681,0,0,0,True,1.0,1.0,0.0
rand_n3200_N4,random,3200,12800,4,chain4,rapex-nodr,0.0,1249,3106,0.000104945,1,1,7,0,0,0,True,1.0,1.0,0.0
rand_n3200_N4,random,3200,12800,4,chain4,rapex-nodr,0.0,2731,3058,5.7515e-05,1,1,8,0,0,0,True,1.0,1.0,0.0
rand_n3200_N4,random,3200,12800,4,chain4,rapex-nodr,0.0,1994,2389,4.3002e-05,1,1,7,0,0,0,True,1.0,1.0,0.0
rand_n3200_N4,random,3200,12800,4,chain4,rapex,0.0,1249,3106,0.000101783,1,1,7,0,0,0,True,1.0,1.0,0.0
rand_n3200_N4,random,3200,12800,4,chain4,rapex,0.0,2731,3058,5.2518e-05,1,1,8,0,0,0,True,1.0,1.0,0.0
rand_n3200_N4,random,3200,12800,4,chain4,rapex,0.0,1994,2389,4.7278e-05,1,1,7,0,0,0,True,1.0,1.0,0.0
rand_n3200_N4,random,3200,12800,4,chain4,topolex,0.0,1249,3106,0.001515753,1,1,0,8,0,0,True,1.0,1.0,0.0
rand_n3200_N4,random,3200,12800,4,chain4,topolex,0.0,2731,3058,0.001481236,1,1,0,8,0,0,True,1.0,1.0,0.0
rand_n3200_N4,random,3200,12800,4,chain4,topolex,0.0,1994,2389,0.001739675,1,1,0,8,0,0,True,1.0,1.0,0.0
rand_n3200_N4,random,3200,12800,4,chain4,peel-only,0.0,1249,3106,0.001659536,1,1,0,12,6,4,True,1.0,1.0,0.0
rand_n3200_N4,random,3200,12800,4,chain4,peel-only,0.0,2731,3058,0.001580631,1,1,0,12,7,4,True,1.0,1.0,0.0
rand_n3200_N4,random,3200,12800,4,chain4,peel-only,0.0,1994,2389,0.001446526,1,1,0,12,6,4,True,1.0,1.0,0.0
rand_n3200_N4,random,3200,12800,4,chain4,peel-exact,0.0,1249,3106,0.001974461,1,1,0,12,6,4,True,1.0,1.0,0.0
rand_n3200_N4,random,3200,12800,4,chain4,peel-exact,0.0,2731,3058,0.001547511,1,1,0,12,7,4,True,1.0,1.0,0.0
rand_n3200_N4,random,3200,12800,4,chain4,peel-exact,0.0,1994,2389,0.001550473,1,1,0,12,6,4,True,1.0,1.0,0.0
rand_n3200_N4,random,3200,12800,4,chain4,peel-rapex,0.0,1249,3106,0.001709012,1,1,0,12,6,4,True,1.0,1.0,0.0
rand_n3200_N4,random,3200,12800,4,chain4,peel-rapex,0.0,2731,3058,0.001560989,1,1,0,12,7,4,True,1.0,1.0,0.0
rand_n3200_N4,random,3200,12800,4,chain4,peel-rapex,0.0,1994,2389,0.001947978,1,1,0,12,6,4,True,1.0,1.0,0.0
rand_n3200_N4,random,3200,12800,4,chain4,rapex-nodr,0.01,1249,3106,0.000131669,1,1,7,0,0,0,True,1.0,1.0,0.0
rand_n3200_N4,random,3200,12800,4,chain4,rapex-nodr,0.01,2731,3058,7.4316e-05,1,1,8,0,0,0,True,1.0,1.0,0.0
rand_n3200_N4,random,3200,12800,4,chain4,rapex-nodr,0.01,1994,2389,4.7178e-05,1,1,7,0,0,0,True,1.0,1.0,0.0
rand_n3200_N4,random,3200,12800,4,chain4,rapex,0.01,1249,3106,0.000114354,1,1,7,0,0,0,True,1.0,1.0,0.0
rand_n3200_N4,random,3200,12800,4,chain4,rapex,0.01,2731,3058,6.2921e-05,1,1,8,0,0,0,True,1.0,1.0,0.0
rand_n3200_N4,random,3200,12800,4,chain4,rapex,0.01,1994,2389,5.6654e-05,1,1,7,0,0,0,True,1.0,1.0,0.0
rand_n3200_N4,random,3200,12800,4,chain4,peel-rapex,0.01,1249,3106,0.001649545,1,1,0,12,6,4,True,1.0,1.0,0.0
rand_n3200_N4,random,3200,12800,4,chain4,peel-rapex,0.01,2731,3058,0.001455192,1,1,0,12,7,4,True,1.0,1.0,0.0
rand_n3200_N4,random,3200,12800,4,chain4,peel-rapex,0.01,1994,2389,0.001528953,1,1,0,12,6,4,True,1.0,1.0,0.0
rand_n3200_N4,random,3200,12800,4,diamond4,exact,0.0,1249,3106,0.002740228,2,2,2675,0,0,0,True,1.0,1.0,0.0
rand_n3200_N4,random,3200,12800,4,diamond4,exact,0.0,2731,3058,0.001953978,4,4,2272,0,0,0,True,1.0,1.0,0.0
rand_n3200_N4,random,3200,12800,4,diamond4,exact,0.0,1994,2389,0.007156307,6,6,7248,0,0,0,True,1.0,1.0,0.0
rand_n3200_N4,random,3200,12800,4,diamond4,rapex-nodr,0.0,1249,3106,0.000116678,2,2,13,0,0,0,True,1.0,1.0,0.0
rand_n3200_N4,random,3200,12800,4,diamond4,rapex-nodr,0.0,2731,3058,6.6643e-05,4,4,24,0,0,0,True,1.0,1.0,0.0
rand_n3200_N4,random,3200,12800,4,diamond4,rapex-nodr,0.0,1994,2389,8.8936e-05,6,6,52,0,0,0,True,1.0,1.0,0.0
rand_n3200_N4,random,3200,12800,4,diamond4,rapex,0.0,1249,3106,0.000116258,2,2,13,0,0,0,True,1.0,1.0,0.0
rand_n3200_N4,random,3200,12800,4,diamond4,rapex,0.0,2731,3058,6.8283e-05,4,4,24,0,0,0,True,1.0,1.0,0.0
rand_n3200_N4,random,3200,12800,4,diamond4,rapex,0.0,1994,2389,9.7312e-05,6,6,52,0,0,0,True,1.0,1.0,0.0
rand_n3200_N4,random,3200,12800,4,diamond4,topolex,0.0,1249,3106,0.003152671,2,2,0,24,0,0,True,1.0,1.0,0.0
rand_n3200_N4,random,3200,12800,4,diamond4,topolex,0.0,2731,3058,0.002950081,2,4,0,24,0,0,True,0.5,0.5,0.1681818181818182
rand_n3200_N4,random,3200,12800,4,diamond4,topolex,0.0,1994,2389,0.003024009,2,6,0,24,0,0,True,0.3333333333333333,0.3333333333333333,0.3161764705882353
rand_n3200_N4,random,3200,12800,4,diamond4,peel-only,0.0,1249,3106,7.156e-06,0,2,0,0,12800,0,True,0.0,0.0,inf
rand_n3200_N4,random,3200,12800,4,diamond4,peel-only,0.0,2731,3058,6.399e-06,0,4,0,0,12800,0,True,0.0,0.0,inf
rand_n3200_N4,random,3200,12800,4,diamond4,peel-only,0.0,1994,2389,5.534e-06,0,6,0,0,12800,0,True,0.0,0.0,inf
rand_n3200_N4,random,3200,12800,4,diamond4,peel-exact,0.0,1249,3106,0.002857824,2,2,2675,0,12800,0,True,1.0,1.0,0.0
rand_n3200_N4,random,3200,12800,4,diamond4,peel-exact,0.0,2731,3058,0.002043178,4,4,2272,0,12800,0,True,1.0,1.0,0.0
rand_n3200_N4,random,3200,12800,4,diamond4,peel-exact,0.0,1994,2389,0.007945948,6,6,7248,0,12800,0,True,1.0,1.0,0.0
rand_n3200_N4,random,3200,12800,4,diamond4,peel-rapex,0.0,1249,3106,0.003275617,2,2,13,0,12800,0,True,1.0,1.0,0.0
rand_n3200_N4,random,3200,12800,4,diamond4,peel-rapex,0.0,2731,3058,0.003119841,4,4,24,0,12800,0,True,1.0,1.0,0.0
rand_n3200_N4,random,3200,12800,4,diamond4,peel-rapex,0.0,1994,2389,0.003071647,6,6,52,0,12800,0,True,1.0,1.0,0.0
rand_n3200_N4,random,3200,12800,4,diamond4,rapex-nodr,0.01,1249,3106,0.00010478,1,2,7,0,0,0,True,0.5,0.5,0.004347826086956497
rand_n3200_N4,random,3200,12800,4,diamond4,rapex-nodr,0.01,2731,3058,0.000144636,3,4,17,0,0,0,True,0.75,0.75,0.004566210045662045
rand_n3200_N4,random,3200,12800,4,diamond4,rapex-nodr,0.01,1994,2389,9.6666e-05,5,6,46,0,0,0,True,0.8333333333333334,0.8333333333333334,0.007352941176470562
rand_n3200_N4,random,3200,12800,4,diamond4,rapex,0.01,1249,3106,9.6688e-05,1,2,7,0,0,0,True,0.5,0.5,0.004347826086956497
rand_n3200_N4,random,3200,12800,4,diamond4,rapex,0.01,2731,3058,6.9943e-05,3,4,17,0,0,0,True,0.75,0.75,0.004566210045662045
rand_n3200_N4,random,3200,12800,4,diamond4,rapex,0.01,1994,2389,9.5181e-05,5,6,46,0,0,0,True,0.8333333333333334,0.8333333333333334,0.007352941176470562
rand_n3200_N4,random,3200,12800,4,diamond4,peel-rapex,0.01,1249,3106,0.003637233,1,2,7,0,12800,0,True,0.5,0.5,0.004347826086956497
rand_n3200_N4,random,3200,12800,4,diamond4,peel-rapex,0.01,2731,3058,0.00339257,3,4,17,0,12800,0,True,0.75,0.75,0.004566210045662045
rand_n3200_N4,random,3200,12800,4,diamond4,peel-rapex,0.01,1994,2389,0.003205173,5,6,46,0,12800,0,True,0.8333333333333334,0.8333333333333334,0.007352941176470562
rand_n3200_N4,random,3200,12800,4,flat4,exact,0.0,1249,3106,0.013571224,7,7,8676,0,0,0,True,1.0,1.0,0.0
rand_n3200_N4,random,3200,12800,4,flat4,exact,0.0,2731,3058,0.011990732,10,10,7983,0,0,0,True,1.0,1.0,0.0
rand_n3200_N4,random,3200,12800,4,flat4,exact,0.0,1994,2389,0.071768142,21,21,26954,0,0,0,True,1.0,1.0,0.0
rand_n3200_N4,random,3200,12800,4,flat4,rapex-nodr,0.0,1249,3106,0.000204092,7,7,49,0,0,0,True,1.0,1.0,0.0
rand_n3200_N4,random,3200,12800,4,flat4,rapex-nodr,0.0,2731,3058,0.000172594,10,10,73,0,0,0,True,1.0,1.0,0.0
rand_n3200_N4,random,3200,12800,4,flat4,rapex-nodr,0.0,1994,2389,0.000439039,21,21,193,0,0,0,True,1.0,1.0,0.0
rand_n3200_N4,random,3200,12800,4,flat4,rapex,0.0,1249,3106,0.000212317,7,7,49,0,0,0,True,1.0,1.0,0.0
rand_n3200_N4,random,3200,12800,4,flat4,rapex,0.0,2731,3058,0.00017891,10,10,73,0,0,0,True,1.0,1.0,0.0
rand_n3200_N4,random,3200,12800,4,flat4,rapex,0.0,1994,2389,0.000476559,21,21,193,0,0,0,True,1.0,1.0,0.0
rand_n3200_N4,random,3200,12800,4,flat4,topolex,0.0,1249,3106,0.007458498,4,7,0,128,0,0,True,0.5714285714285714,0.5714285714285714,0.04819277108433728
rand_n3200_N4,random,3200,12800,4,flat4,topolex,0.0,2731,3058,0.006896259,4,10,0,128,0,0,True,0.4,0.4,0.3255813953488371
rand_n3200_N4,random,3200,12800,4,flat4,topolex,0.0,1994,2389,0.007185581,4,21,0,128,0,0,True,0.19047619047619047,0.19047619047619047,0.40816326530612246
rand_n3200_N4,random,3200,12800,4,flat4,peel-only,0.0,1249,3106,7.393e-06,0,7,0,0,12800,0,True,0.0,0.0,inf
rand_n3200_N4,random,3200,12800,4,flat4,peel-only,0.0,2731,3058,6.385e-06,0,10,0,0,12800,0,True,0.0,0.0,inf
rand_n3200_N4,random,3200,12800,4,flat4,peel-only,0.0,1994,2389,5.331e-06,0,21,0,0,12800,0,True,0.0,0.0,inf
rand_n3200_N4,random,3200,12800,4,flat4,peel-exact,0.0,1249,3106,0.012913801,7,7,8676,0,12800,0,True,1.0,1.0,0.0
rand_n3200_N4,random,3200,12800,4,flat4,peel-exact,0.0,2731,3058,0.012254926,10,10,7983,0,12800,0,True,1.0,1.0,0.0
rand_n3200_N4,random,3200,12800,4,flat4,peel-exact,0.0,1994,2389,0.075496979,21,21,26954,0,12800,0,True,1.0,1.0,0.0
rand_n3200_N4,random,3200,12800,4,flat4,peel-rapex,0.0,1249,3106,0.003651852,7,7,49,0,12800,0,True,1.0,1.0,0.0
rand_n3200_N4,random,3200,12800,4,flat4,peel-rapex,0.0,2731,3058,0.003402918,10,10,73,0,12800,0,True,1.0,1.0,0.0
rand_n3200_N4,random,3200,12800,4,flat4,peel-rapex,0.0,1994,2389,0.004383524,21,21,193,0,12800,0,True,1.0,1.0,0.0
rand_n3200_N4,random,3200,12800,4,flat4,rapex-nodr,0.01,1249,3106,0.000147807,5,7,46,0,0,0,True,0.7142857142857143,0.7142857142857143,0.005025125628140614
rand_n3200_N4,random,3200,12800,4,flat4,rapex-nodr,0.01,2731,3058,0.000178382,9,10,61,0,0,0,True,0.9,0.9,0.004566210045662045
rand_n3200_N4,random,3200,12800,4,flat4,rapex-nodr,0.01,1994,2389,0.000379267,20,21,183,0,0,0,True,0.9523809523809523,0.9523809523809523,0.0036231884057971175
rand_n3200_N4,random,3200,12800,4,flat4,rapex,0.01,1249,3106,0.000158427,5,7,46,0,0,0,True,0.7142857142857143,0.7142857142857143,0.005025125628140614
rand_n3200_N4,random,3200,12800,4,flat4,rapex,0.01,2731,3058,0.000152486,9,10,61,0,0,0,True,0.9,0.9,0.004566210045662045
rand_n3200_N4,random,3200,12800,4,flat4,rapex,0.01,1994,2389,0.000660307,20,21,183,0,0,0,True,0.9523809523809523,0.9523809523809523,0.0036231884057971175
rand_n3200_N4,random,3200,12800,4,flat4,peel-rapex,0.01,1249,3106,0.003369941,5,7,46,0,12800,0,True,0.7142857142857143,0.7142857142857143,0.005025125628140614
rand_n3200_N4,random,3200,12800,4,flat4,peel-rapex,0.01,2731,3058,0.003162358,9,10,61,0,12800,0,True,0.9,0.9,0.004566210045662045
rand_n3200_N4,random,3200,12800,4,flat4,peel-rapex,0.01,1994,2389,0.003820184,20,21,183,0,12800,0,True,0.9523809523809523,0.9523809523809523,0.0036231884057971175
rand_n3200_N4,random,3200,12800,4,top1,exact,0.0,1249,3106,0.001412377,1,1,1387,0,0,0,True,1.0,1.0,0.0
rand_n3200_N4,random,3200,12800,4,top1,exact,0.0,2731,3058,0.000593311,1,1,634,0,0,0,True,1.0,1.0,0.0
rand_n3200_N4,random,3200,12800,4,top1,exact,0.0,1994,2389,0.000668683,1,1,684,0,0,0,True,1.0,1.0,0.0
rand_n3200_N4,random,3200,12800,4,top1,rapex-nodr,0.0,1249,3106,9.8827e-05,1,1,7,0,0,0,True,1.0,1.0,0.0
rand_n3200_N4,random,3200,12800,4,top1,rapex-nodr,0.0,2731,3058,5.3632e-05,1,1,8,0,0,0,True,1.0,1.0,0.0
rand_n3200_N4,random,3200,12800,4,top1,rapex-nodr,0.0,1994,2389,4.26e-05,1,1,7,0,0,0,True,1.0,1.0,0.0
rand_n3200_N4,random,3200,12800,4,top1,rapex,0.0,1249,3106,0.000104838,1,1,7,0,0,0,True,1.0,1.0,0.0
rand_n3200_N4,random,3200,12800,4,top1,rapex,0.0,2731,3058,4.9002e-05,1,1,8,0,0,0,True,1.0,1.0,0.0
rand_n3200_N4,random,3200,12800,4,top1,rapex,0.0,1994,2389,5.0445e-05,1,1,7,0,0,0,True,1.0,1.0,0.0
rand_n3200_N4,random,3200,12800,4,top1,topolex,0.0,1249,3106,0.001653256,1,1,0,32,0,0,True,1.0,1.0,0.0
rand_n3200_N4,random,3200,12800,4,top1,topolex,0.0,2731,3058,0.00155615,1,1,0,32,0,0,True,1.0,1.0,0.0
rand_n3200_N4,random,3200,12800,4,top1,topolex,0.0,1994,2389,0.001598416,1,1,0,32,0,0,True,1.0,1.0,0.0
rand_n3200_N4,random,3200,12800,4,top1,peel-only,0.0,1249,3106,0.001519001,0,1,0,2,6,1,True,0.0,0.0,inf
rand_n3200_N4,random,3200,12800,4,top1,peel-only,0.0,2731,3058,0.001474629,0,1,0,2,7,1,True,0.0,0.0,inf
rand_n3200_N4,random,3200,12800,4,top1,peel-only,0.0,1994,2389,0.001374091,0,1,0,2,6,1,True,0.0,0.0,inf
rand_n3200_N4,random,3200,12800,4,top1,peel-exact,0.0,1249,3106,0.001488859,1,1,7,2,6,1,True,1.0,1.0,0.0
rand_n3200_N4,random,3200,12800,4,top1,peel-exact,0.0,2731,3058,0.001428496,1,1,8,2,7,1,True,1.0,1.0,0.0
rand_n3200_N4,random,3200,12800,4,top1,peel-exact,0.0,1994,2389,0.001431941,1,1,7,2,6,1,True,1.0,1.0,0.0
rand_n3200_N4,random,3200,12800,4,top1,peel-rapex,0.0,1249,3106,0.001836563,1,1,7,2,6,1,True,1.0,1.0,0.0
rand_n3200_N4,random,3200,12800,4,top1,peel-rapex,0.0,2731,3058,0.001612045,1,1,8,2,7,1,True,1.0,1.0,0.0
rand_n3200_N4,random,3200,12800,4,top1,peel-rapex,0.0,1994,2389,0.001592897,1,1,7,2,6,1,True,1.0,1.0,0.0
rand_n3200_N4,random,3200,12800,4,top1,rapex-nodr,0.01,1249,3106,9.7258e-05,1,1,7,0,0,0,True,1.0,1.0,0.0
rand_n3200_N4,random,3200,12800,4,top1,rapex-nodr,0.01,2731,3058,6.1456e-05,1,1,8,0,0,0,True,1.0,1.0,0.0
rand_n3200_N4,random,3200,12800,4,top1,rapex-nodr,0.01,1994,2389,4.6631e-05,1,1,7,0,0,0,True,1.0,1.0,0.0
rand_n3200_N4,random,3200,12800,4,top1,rapex,0.01,1249,3106,0.000104514,1,1,7,0,0,0,True,1.0,1.0,0.0
rand_n3200_N4,random,3200,12800,4,top1,rapex,0.01,2731,3058,5.4473e-05,1,1,8,0,0,0,True,1.0,1.0,0.0
rand_n3200_N4,random,3200,12800,4,top1,rapex,0.01,1994,2389,4.19e-05,1,1,7,0,0,0,True,1.0,1.0,0.0
rand_n3200_N4,random,3200,12800,4,top1,peel-rapex,0.01,1249,3106,0.00182778,1,1,7,2,6,1,True,1.0,1.0,0.0
rand_n3200_N4,random,3200,12800,4,top1,peel-rapex,0.01,2731,3058,0.001985315,1,1,8,2,7,1,True,1.0,1.0,0.0
rand_n3200_N4,random,3200,12800,4,top1,peel-rapex,0.01,1994,2389,0.001618204,1,1,7,2,6,1,True,1.0,1.0,0.0
grid_k06_N4,grid,36,120,4,chain2top,seed-exact,0.0,0,35,7.7738e-05,1,1,30,12,0,0,True,1.0,1.0,0.0
grid_k06_N4,grid,36,120,4,chain2top,seed-exact,0.0,5,30,4.3433e-05,1,1,35,12,0,0,True,1.0,1.0,0.0
grid_k06_N4,grid,36,120,4,chain2top,seed-exact,0.0,0,30,2.9763e-05,1,1,33,12,0,0,True,1.0,1.0,0.0
grid_k06_N4,grid,36,120,4,chain4,seed-exact,0.0,0,35,5.3406e-05,1,1,30,8,0,0,True,1.0,1.0,0.0
grid_k06_N4,grid,36,120,4,chain4,seed-exact,0.0,5,30,3.5832e-05,1,1,35,8,0,0,True,1.0,1.0,0.0
grid_k06_N4,grid,36,120,4,chain4,seed-exact,0.0,0,30,2.4315e-05,1,1,33,8,0,0,True,1.0,1.0,0.0
grid_k06_N4,grid,36,120,4,diamond4,seed-exact,0.0,0,35,0.000187774,12,12,175,24,0,0,True,1.0,1.0,0.0
grid_k06_N4,grid,36,120,4,diamond4,seed-exact,0.0,5,30,0.000101132,9,9,101,24,0,0,True,1.0,1.0,0.0
grid_k06_N4,grid,36,120,4,diamond4,seed-exact,0.0,0,30,7.4901e-05,1,1,89,24,0,0,True,1.0,1.0,0.0
grid_k06_N4,grid,36,120,4,flat4,seed-exact,0.0,0,35,0.000715499,40,40,301,128,0,0,True,1.0,1.0,0.0
grid_k06_N4,grid,36,120,4,flat4,seed-exact,0.0,5,30,0.000422458,26,26,210,128,0,0,True,1.0,1.0,0.0
grid_k06_N4,grid,36,120,4,flat4,seed-exact,0.0,0,30,0.000196114,2,2,133,128,0,0,True,1.0,1.0,0.0
grid_k06_N4,grid,36,120,4,top1,seed-exact,0.0,0,35,4.4702e-05,1,1,31,32,0,0,True,1.0,1.0,0.0
grid_k06_N4,grid,36,120,4,top1,seed-exact,0.0,5,30,3.9671e-05,1,1,35,32,0,0,True,1.0,1.0,0.0
grid_k06_N4,grid,36,120,4,top1,seed-exact,0.0,0,30,3.0602e-05,1,1,33,32,0,0,True,1.0,1.0,0.0
grid_k08_N4,grid,64,224,4,chain2top,seed-exact,0.0,0,63,0.000136515,1,1,63,12,0,0,True,1.0,1.0,0.0
grid_k08_N4,grid,64,224,4,chain2top,seed-exact,0.0,7,56,6.3131e-05,1,1,63,12,0,0,True,1.0,1.0,0.0
grid_k08_N4,grid,64,224,4,chain2top,seed-exact,0.0,0,56,3.6038e-05,1,1,34,12,0,0,True,1.0,1.0,0.0
grid_k08_N4,grid,64,224,4,chain4,seed-exact,0.0,0,63,6.2973e-05,1,1,63,8,0,0,True,1.0,1.0,0.0
grid_k08_N4,grid,64,224,4,chain4,seed-exact,0.0,7,56,5.8668e-05,1,1,63,8,0,0,True,1.0,1.0,0.0
grid_k08_N4,grid,64,224,4,chain4,seed-exact,0.0,0,56,3.8107e-05,1,1,34,8,0,0,True,1.0,1.0,0.0
grid_k08_N4,grid,64,224,4,diamond4,seed-exact,0.0,0,63,0.000200254,4,4,200,24,0,0,True,1.0,1.0,0.0
grid_k08_N4,grid,64,224,4,diamond4,seed-exact,0.0,7,56,0.000318589,10,10,310,24,0,0,True,1.0,1.0,0.0
grid_k08_N4,grid,64,224,4,diamond4,seed-exact,0.0,0,56,9.7424e-05,1,1,82,24,0,0,True,1.0,1.0,0.0
grid_k08_N4,grid,64,224,4,flat4,seed-exact,0.0,0,63,0.00654942,80,80,1381,128,0,0,True,1.0,1.0,0.0
grid_k08_N4,grid,64,224,4,flat4,seed-exact,0.0,7,56,0.00348346,62,62,1120,128,0,0,True,1.0,1.0,0.0
grid_k08_N4,grid,64,224,4,flat4,seed-exact,0.0,0,56,0.000810903,8,8,442,128,0,0,True,1.0,1.0,0.0
grid_k08_N4,grid,64,224,4,top1,seed-exact,0.0,0,63,0.000125011,1,1,63,32,0,0,True,1.0,1.0,0.0
grid_k08_N4,grid,64,224,4,top1,seed-exact,0.0,7,56,7.1105e-05,1,1,63,32,0,0,True,1.0,1.0,0.0
grid_k08_N4,grid,64,224,4,top1,seed-exact,0.0,0,56,4.2216e-05,1,1,34,32,0,0,True,1.0,1.0,0.0
grid_k10_N4,grid,100,360,4,chain2top,seed-exact,0.0,0,99,0.000111861,1,1,99,12,0,0,True,1.0,1.0,0.0
grid_k10_N4,grid,100,360,4,chain2top,seed-exact,0.0,9,90,0.000102273,1,1,91,12,0,0,True,1.0,1.0,0.0
grid_k10_N4,grid,100,360,4,chain2top,seed-exact,0.0,0,90,7.32e-05,1,1,61,12,0,0,True,1.0,1.0,0.0
grid_k10_N4,grid,100,360,4,chain4,seed-exact,0.0,0,99,0.000139952,1,1,99,8,0,0,True,1.0,1.0,0.0
grid_k10_N4,grid,100,360,4,chain4,seed-exact,0.0,9,90,9.4822e-05,1,1,91,8,0,0,True,1.0,1.0,0.0
grid_k10_N4,grid,100,360,4,chain4,seed-exact,0.0,0,90,6.9569e-05,1,1,61,8,0,0,True,1.0,1.0,0.0
grid_k10_N4,grid,100,360,4,diamond4,seed-exact,0.0,0,99,0.00140146,29,29,940,24,0,0,True,1.0,1.0,0.0
grid_k10_N4,grid,100,360,4,diamond4,seed-exact,0.0,9,90,0.000855947,17,17,628,24,0,0,True,1.0,1.0,0.0
grid_k10_N4,grid,100,360,4,diamond4,seed-exact,0.0,0,90,0.000445541,8,8,336,24,0,0,True,1.0,1.0,0.0
grid_k10_N4,grid,100,360,4,flat4,seed-exact,0.0,0,99,0.156086313,507,507,7529,128,0,0,True,1.0,1.0,0.0
grid_k10_N4,grid,100,360,4,flat4,seed-exact,0.0,9,90,0.120956182,431,431,6348,128,0,0,True,1.0,1.0,0.0
grid_k10_N4,grid,100,360,4,flat4,seed-exact,0.0,0,90,0.011039236,35,35,1942,128,0,0,True,1.0,1.0,0.0
grid_k10_N4,grid,100,360,4,top1,seed-exact,0.0,0,99,0.000109324,1,1,99,32,0,0,True,1.0,1.0,0.0
grid_k10_N4,grid,100,360,4,top1,seed-exact,0.0,9,90,9.9505e-05,1,1,91,32,0,0,True,1.0,1.0,0.0
grid_k10_N4,grid,100,360,4,top1,seed-exact,0.0,0,90,7.4877e-05,1,1,61,32,0,0,True,1.0,1.0,0.0
grid_k12_N4,grid,144,528,4,chain2top,seed-exact,0.0,0,143,0.000142692,1,1,140,12,0,0,True,1.0,1.0,0.0
grid_k12_N4,grid,144,528,4,chain2top,seed-exact,0.0,11,132,0.000135991,1,1,141,12,0,0,True,1.0,1.0,0.0
grid_k12_N4,grid,144,528,4,chain2top,seed-exact,0.0,0,132,9.3843e-05,1,1,83,12,0,0,True,1.0,1.0,0.0
grid_k12_N4,grid,144,528,4,chain4,seed-exact,0.0,0,143,0.000138033,1,1,140,8,0,0,True,1.0,1.0,0.0
grid_k12_N4,grid,144,528,4,chain4,seed-exact,0.0,11,132,0.000127155,1,1,141,8,0,0,True,1.0,1.0,0.0
grid_k12_N4,grid,144,528,4,chain4,seed-exact,0.0,0,132,9.64e-05,1,1,83,8,0,0,True,1.0,1.0,0.0
grid_k12_N4,grid,144,528,4,diamond4,seed-exact,0.0,0,143,0.001389945,17,17,1093,24,0,0,True,1.0,1.0,0.0
grid_k12_N4,grid,144,528,4,diamond4,seed-exact,0.0,11,132,0.001781958,20,20,1236,24,0,0,True,1.0,1.0,0.0
grid_k12_N4,grid,144,528,4,diamond4,seed-exact,0.0,0,132,0.000618651,9,9,589,24,0,0,True,1.0,1.0,0.0
grid_k12_N4,grid,144,528,4,flat4,seed-exact,0.0,0,143,1.279873231,1395,1395,24207,128,0,0,True,1.0,1.0,0.0
grid_k12_N4,grid,144,528,4,flat4,seed-exact,0.0,11,132,0.905991609,1129,1129,20032,128,0,0,True,1.0,1.0,0.0
grid_k12_N4,grid,144,528,4,flat4,seed-exact,0.0,0,132,0.076610565,71,71,7863,128,0,0,True,1.0,1.0,0.0
grid_k12_N4,grid,144,528,4,top1,seed-exact,0.0,0,143,0.00018079,1,1,141,32,0,0,True,1.0,1.0,0.0
grid_k12_N4,grid,144,528,4,top1,seed-exact,0.0,11,132,0.000173686,1,1,142,32,0,0,True,1.0,1.0,0.0
grid_k12_N4,grid,144,528,4,top1,seed-exact,0.0,0,132,0.000124335,1,1,84,32,0,0,True,1.0,1.0,0.0
grid_k14_N4,grid,196,728,4,chain2top,seed-exact,0.0,0,195,0.000233713,1,1,195,12,0,0,True,1.0,1.0,0.0
grid_k14_N4,grid,196,728,4,chain2top,seed-exact,0.0,13,182,0.000190979,1,1,194,12,0,0,True,1.0,1.0,0.0
grid_k14_N4,grid,196,728,4,chain2top,seed-exact,0.0,0,182,0.00016503,1,1,164,12,0,0,True,1.0,1.0,0.0
grid_k14_N4,grid,196,728,4,chain4,seed-exact,0.0,0,195,0.000188345,1,1,195,8,0,0,True,1.0,1.0,0.0
grid_k14_N4,grid,196,728,4,chain4,seed-exact,0.0,13,182,0.000194382,1,1,194,8,0,0,True,1.0,1.0,0.0
grid_k14_N4,grid,196,728,4,chain4,seed-exact,0.0,0,182,0.000151478,1,1,164,8,0,0,True,1.0,1.0,0.0
grid_k14_N4,grid,196,728,4,diamond4,seed-exact,0.0,0,195,0.004014971,24,24,1886,24,0,0,True,1.0,1.0,0.0
grid_k14_N4,grid,196,728,4,diamond4,seed-exact,0.0,13,182,0.004646093,27,27,2370,24,0,0,True,1.0,1.0,0.0
grid_k14_N4,grid,196,728,4,diamond4,seed-exact,0.0,0,182,0.001521335,7,7,1162,24,0,0,True,1.0,1.0,0.0
grid_k14_N4,grid,196,728,4,flat4,seed-exact,0.0,0,195,2.371729044,1205,1205,42135,128,0,0,True,1.0,1.0,0.0
grid_k14_N4,grid,196,728,4,flat4,seed-exact,0.0,13,182,4.989805371,2639,2639,56280,128,0,0,True,1.0,1.0,0.0
grid_k14_N4,grid,196,728,4,flat4,seed-exact,0.0,0,182,0.225208248,98,98,14579,128,0,0,True,1.0,1.0,0.0
grid_k14_N4,grid,196,728,4,top1,seed-exact,0.0,0,195,0.000261618,1,1,243,32,0,0,True,1.0,1.0,0.0
grid_k14_N4,grid,196,728,4,top1,seed-exact,0.0,13,182,0.000193735,1,1,197,32,0,0,True,1.0,1.0,0.0
grid_k14_N4,grid,196,728,4,top1,seed-exact,0.0,0,182,0.000184219,1,1,201,32,0,0,True,1.0,1.0,0.0
grid_k16_N4,grid,256,960,4,chain2top,seed-exact,0.0,0,255,0.000258821,1,1,255,12,0,0,True,1.0,1.0,0.0
grid_k16_N4,grid,256,960,4,chain2top,seed-exact,0.0,15,240,0.000219898,1,1,254,12,0,0,True,1.0,1.0,0.0
grid_k16_N4,grid,256,960,4,chain2top,seed-exact,0.0,0,240,0.000181533,1,1,191,12,0,0,True,1.0,1.0,0.0
grid_k16_N4,grid,256,960,4,chain4,seed-exact,0.0,0,255,0.000225506,1,1,255,8,0,0,True,1.0,1.0,0.0
grid_k16_N4,grid,256,960,4,chain4,seed-exact,0.0,15,240,0.000211342,1,1,254,8,0,0,True,1.0,1.0,0.0
grid_k16_N4,grid,256,960,4,chain4,seed-exact,0.0,0,240,0.00017216,1,1,191,8,0,0,True,1.0,1.0,0.0
grid_k16_N4,grid,256,960,4,diamond4,seed-exact,0.0,0,255,0.004889745,29,29,2849,24,0,0,True,1.0,1.0,0.0
grid_k16_N4,grid,256,960,4,diamond4,seed-exact,0.0,15,240,0.007802373,51,51,3407,24,0,0,True,1.0,1.0,0.0
grid_k16_N4,grid,256,960,4,diamond4,seed-exact,0.0,0,240,0.001558858,9,9,1247,24,0,0,True,1.0,1.0,0.0
grid_k16_N4,grid,256,960,4,flat4,seed-exact,0.0,0,255,15.858931202,3333,3333,111025,128,0,0,True,1.0,1.0,0.0
grid_k16_N4,grid,256,960,4,flat4,seed-exact,0.0,15,240,92.647002322,8840,8840,220029,128,0,0,True,1.0,1.0,0.0
grid_k16_N4,grid,256,960,4,flat4,seed-exact,0.0,0,240,0.244157427,62,62,17164,128,0,0,True,1.0,1.0,0.0
grid_k16_N4,grid,256,960,4,top1,seed-exact,0.0,0,255,0.000257699,1,1,256,32,0,0,True,1.0,1.0,0.0
grid_k16_N4,grid,256,960,4,top1,seed-exact,0.0,15,240,0.000240265,1,1,255,32,0,0,True,1.0,1.0,0.0
grid_k16_N4,grid,256,960,4,top1,seed-exact,0.0,0,240,0.00023497,1,1,194,32,0,0,True,1.0,1.0,0.0
grid_k20_N4,grid,400,1520,4,chain2top,seed-exact,0.0,0,399,0.000355561,1,1,399,12,0,0,True,1.0,1.0,0.0
grid_k20_N4,grid,400,1520,4,chain2top,seed-exact,0.0,19,380,0.000364229,1,1,393,12,0,0,True,1.0,1.0,0.0
grid_k20_N4,grid,400,1520,4,chain2top,seed-exact,0.0,0,380,0.000292013,1,1,318,12,0,0,True,1.0,1.0,0.0
grid_k20_N4,grid,400,1520,4,chain4,seed-exact,0.0,0,399,0.00037145,1,1,399,8,0,0,True,1.0,1.0,0.0
grid_k20_N4,grid,400,1520,4,chain4,seed-exact,0.0,19,380,0.000330413,1,1,393,8,0,0,True,1.0,1.0,0.0
grid_k20_N4,grid,400,1520,4,chain4,seed-exact,0.0,0,380,0.000282015,1,1,318,8,0,0,True,1.0,1.0,0.0
grid_k20_N4,grid,400,1520,4,diamond4,seed-exact,0.0,0,399,0.013866263,44,44,6940,24,0,0,True,1.0,1.0,0.0
grid_k20_N4,grid,400,1520,4,diamond4,seed-exact,0.0,19,380,0.017317832,59,59,7231,24,0,0,True,1.0,1.0,0.0
grid_k20_N4,grid,400,1520,4,diamond4,seed-exact,0.0,0,380,0.009625987,30,30,3989,24,0,0,True,1.0,1.0,0.0
grid_k20_N4,grid,400,1520,4,top1,seed-exact,0.0,0,399,0.000398254,1,1,404,32,0,0,True,1.0,1.0,0.0
grid_k20_N4,grid,400,1520,4,top1,seed-exact,0.0,19,380,0.000442014,1,1,398,32,0,0,True,1.0,1.0,0.0
grid_k20_N4,grid,400,1520,4,top1,seed-exact,0.0,0,380,0.000335139,1,1,324,32,0,0,True,1.0,1.0,0.0
grid_k25_N4,grid,625,2400,4,chain2top,seed-exact,0.0,0,624,0.000575213,1,1,624,12,0,0,True,1.0,1.0,0.0
grid_k25_N4,grid,625,2400,4,chain2top,seed-exact,0.0,24,600,0.00053524,1,1,623,12,0,0,True,1.0,1.0,0.0
grid_k25_N4,grid,625,2400,4,chain2top,seed-exact,0.0,0,600,0.000513813,1,1,561,12,0,0,True,1.0,1.0,0.0
grid_k25_N4,grid,625,2400,4,chain4,seed-exact,0.0,0,624,0.000552845,1,1,624,8,0,0,True,1.0,1.0,0.0
grid_k25_N4,grid,625,2400,4,chain4,seed-exact,0.0,24,600,0.000562007,1,1,623,8,0,0,True,1.0,1.0,0.0
grid_k25_N4,grid,625,2400,4,chain4,seed-exact,0.0,0,600,0.000504266,1,1,561,8,0,0,True,1.0,1.0,0.0
grid_k25_N4,grid,625,2400,4,diamond4,seed-exact,0.0,0,624,0.060160168,82,82,17430,24,0,0,True,1.0,1.0,0.0
grid_k25_N4,grid,625,2400,4,diamond4,seed-exact,0.0,24,600,0.094054302,101,101,20995,24,0,0,True,1.0,1.0,0.0
grid_k25_N4,grid,625,2400,4,diamond4,seed-exact,0.0,0,600,0.02381254,17,17,10677,24,0,0,True,1.0,1.0,0.0
grid_k25_N4,grid,625,2400,4,top1,seed-exact,0.0,0,624,0.000659245,1,1,624,32,0,0,True,1.0,1.0,0.0
grid_k25_N4,grid,625,2400,4,top1,seed-exact,0.0,24,600,0.000610467,1,1,629,32,0,0,True,1.0,1.0,0.0
grid_k25_N4,grid,625,2400,4,top1,seed-exact,0.0,0,600,0.000647114,1,1,561,32,0,0,True,1.0,1.0,0.0
grid_k30_N4,grid,900,3480,4,chain2top,seed-exact,0.0,0,899,0.000824885,1,1,893,12,0,0,True,1.0,1.0,0.0
grid_k30_N4,grid,900,3480,4,chain2top,seed-exact,0.0,29,870,0.000800987,1,1,899,12,0,0,True,1.0,1.0,0.0
grid_k30_N4,grid,900,3480,4,chain2top,seed-exact,0.0,0,870,0.000699794,1,1,756,12,0,0,True,1.0,1.0,0.0
grid_k30_N4,grid,900,3480,4,chain4,seed-exact,0.0,0,899,0.000812903,1,1,893,8,0,0,True,1.0,1.0,0.0
grid_k30_N4,grid,900,3480,4,chain4,seed-exact,0.0,29,870,0.000815689,1,1,899,8,0,0,True,1.0,1.0,0.0
grid_k30_N4,grid,900,3480,4,chain4,seed-exact,0.0,0,870,0.000667387,1,1,756,8,0,0,True,1.0,1.0,0.0
grid_k30_N4,grid,900,3480,4,diamond4,seed-exact,0.0,0,899,0.14931385,95,95,32815,24,0,0,True,1.0,1.0,0.0
grid_k30_N4,grid,900,3480,4,diamond4,seed-exact,0.0,29,870,0.161950796,100,100,36251,24,0,0,True,1.0,1.0,0.0
grid_k30_N4,grid,900,3480,4,diamond4,seed-exact,0.0,0,870,0.033453688,16,16,14668,24,0,0,True,1.0,1.0,0.0
grid_k30_N4,grid,900,3480,4,top1,seed-exact,0.0,0,899,0.001234933,1,1,893,32,0,0,True,1.0,1.0,0.0
grid_k30_N4,grid,900,3480,4,top1,seed-exact,0.0,29,870,0.001060061,1,1,902,32,0,0,True,1.0,1.0,0.0
grid_k30_N4,grid,900,3480,4,top1,seed-exact,0.0,0,870,0.000967951,1,1,756,32,0,0,True,1.0,1.0,0.0
grid_k06_N3,grid,36,120,3,flat3,seed-exact,0.0,0,35,0.00078277,35,35,258,30,0,0,True,1.0,1.0,0.0
grid_k06_N3,grid,36,120,3,flat3,seed-exact,0.0,5,30,0.000476235,28,28,266,30,0,0,True,1.0,1.0,0.0
grid_k06_N3,grid,36,120,3,flat3,seed-exact,0.0,0,30,0.000129103,4,4,112,30,0,0,True,1.0,1.0,0.0
grid_k06_N3,grid,36,120,3,top1x3,seed-exact,0.0,0,35,3.9127e-05,1,1,33,10,0,0,True,1.0,1.0,0.0
grid_k06_N3,grid,36,120,3,top1x3,seed-exact,0.0,5,30,3.9723e-05,1,1,35,10,0,0,True,1.0,1.0,0.0
grid_k06_N3,grid,36,120,3,top1x3,seed-exact,0.0,0,30,2.6119e-05,1,1,35,10,0,0,True,1.0,1.0,0.0
grid_k08_N3,grid,64,224,3,flat3,seed-exact,0.0,0,63,0.003182359,59,59,928,30,0,0,True,1.0,1.0,0.0
grid_k08_N3,grid,64,224,3,flat3,seed-exact,0.0,7,56,0.00295181,55,55,916,30,0,0,True,1.0,1.0,0.0
grid_k08_N3,grid,64,224,3,flat3,seed-exact,0.0,0,56,0.000710739,11,11,423,30,0,0,True,1.0,1.0,0.0
grid_k08_N3,grid,64,224,3,top1x3,seed-exact,0.0,0,63,6.4798e-05,1,1,57,10,0,0,True,1.0,1.0,0.0
grid_k08_N3,grid,64,224,3,top1x3,seed-exact,0.0,7,56,5.9283e-05,1,1,54,10,0,0,True,1.0,1.0,0.0
grid_k08_N3,grid,64,224,3,top1x3,seed-exact,0.0,0,56,4.4897e-05,1,1,47,10,0,0,True,1.0,1.0,0.0
grid_k10_N3,grid,100,360,3,flat3,seed-exact,0.0,0,99,0.031133717,169,169,3558,30,0,0,True,1.0,1.0,0.0
grid_k10_N3,grid,100,360,3,flat3,seed-exact,0.0,9,90,0.031057738,187,187,3832,30,0,0,True,1.0,1.0,0.0
grid_k10_N3,grid,100,360,3,flat3,seed-exact,0.0,0,90,0.001993971,11,11,1073,30,0,0,True,1.0,1.0,0.0
grid_k10_N3,grid,100,360,3,top1x3,seed-exact,0.0,0,99,8.9941e-05,1,1,98,10,0,0,True,1.0,1.0,0.0
grid_k10_N3,grid,100,360,3,top1x3,seed-exact,0.0,9,90,8.1456e-05,1,1,94,10,0,0,True,1.0,1.0,0.0
grid_k10_N3,grid,100,360,3,top1x3,seed-exact,0.0,0,90,5.5959e-05,1,1,45,10,0,0,True,1.0,1.0,0.0
grid_k12_N3,grid,144,528,3,flat3,seed-exact,0.0,0,143,0.023513627,122,122,4549,30,0,0,True,1.0,1.0,0.0
grid_k12_N3,grid,144,528,3,flat3,seed-exact,0.0,11,132,0.047493954,219,219,5470,30,0,0,True,1.0,1.0,0.0
grid_k12_N3,grid,144,528,3,flat3,seed-exact,0.0,0,132,0.003468474,29,29,1387,30,0,0,True,1.0,1.0,0.0
grid_k12_N3,grid,144,528,3,top1x3,seed-exact,0.0,0,143,0.000133285,1,1,143,10,0,0,True,1.0,1.0,0.0
grid_k12_N3,grid,144,528,3,top1x3,seed-exact,0.0,11,132,0.000124354,1,1,142,10,0,0,True,1.0,1.0,0.0
grid_k12_N3,grid,144,528,3,top1x3,seed-exact,0.0,0,132,0.000114131,1,1,95,10,0,0,True,1.0,1.0,0.0
grid_k14_N3,grid,196,728,3,flat3,seed-exact,0.0,0,195,0.088168639,232,232,10223,30,0,0,True,1.0,1.0,0.0
grid_k14_N3,grid,196,728,3,flat3,seed-exact,0.0,13,182,0.169602288,322,322,13277,30,0,0,True,1.0,1.0,0.0
grid_k14_N3,grid,196,728,3,flat3,seed-exact,0.0,0,182,0.03422973,39,39,6971,30,0,0,True,1.0,1.0,0.0
grid_k14_N3,grid,196,728,3,top1x3,seed-exact,0.0,0,195,0.000183369,1,1,195,10,0,0,True,1.0,1.0,0.0
grid_k14_N3,grid,196,728,3,top1x3,seed-exact,0.0,13,182,0.000169808,1,1,191,10,0,0,True,1.0,1.0,0.0
grid_k14_N3,grid,196,728,3,top1x3,seed-exact,0.0,0,182,0.000150481,1,1,174,10,0,0,True,1.0,1.0,0.0
grid_k16_N3,grid,256,960,3,flat3,seed-exact,0.0,0,255,0.89039558,628,628,34250,30,0,0,True,1.0,1.0,0.0
grid_k16_N3,grid,256,960,3,flat3,seed-exact,0.0,15,240,0.203682804,355,355,15917,30,0,0,True,1.0,1.0,0.0
grid_k16_N3,grid,256,960,3,flat3,seed-exact,0.0,0,240,0.262701937,98,98,19306,30,0,0,True,1.0,1.0,0.0
grid_k16_N3,grid,256,960,3,top1x3,seed-exact,0.0,0,255,0.000235603,1,1,257,10,0,0,True,1.0,1.0,0.0
grid_k16_N3,grid,256,960,3,top1x3,seed-exact,0.0,15,240,0.000237192,1,1,253,10,0,0,True,1.0,1.0,0.0
grid_k16_N3,grid,256,960,3,top1x3,seed-exact,0.0,0,240,0.000222859,1,1,193,10,0,0,True,1.0,1.0,0.0
grid_k20_N3,grid,400,1520,3,flat3,seed-exact,0.0,0,399,1.695970113,674,674,66357,30,0,0,True,1.0,1.0,0.0
grid_k20_N3,grid,400,1520,3,flat3,seed-exact,0.0,19,380,2.846873401,958,958,68830,30,0,0,True,1.0,1.0,0.0
grid_k20_N3,grid,400,1520,3,flat3,seed-exact,0.0,0,380,0.648482658,156,156,39562,30,0,0,True,1.0,1.0,0.0
grid_k20_N3,grid,400,1520,3,top1x3,seed-exact,0.0,0,399,0.000370061,1,1,401,10,0,0,True,1.0,1.0,0.0
grid_k20_N3,grid,400,1520,3,top1x3,seed-exact,0.0,19,380,0.000351287,1,1,401,10,0,0,True,1.0,1.0,0.0
grid_k20_N3,grid,400,1520,3,top1x3,seed-exact,0.0,0,380,0.000288436,1,1,270,10,0,0,True,1.0,1.0,0.0
grid_k25_N3,grid,625,2400,3,flat3,seed-exact,0.0,0,624,44.140236793,2980,2980,326701,30,0,0,True,1.0,1.0,0.0
grid_k25_N3,grid,625,2400,3,flat3,seed-exact,0.0,24,600,10.001999689,1672,1672,168610,30,0,0,True,1.0,1.0,0.0
grid_k25_N3,grid,625,2400,3,flat3,seed-exact,0.0,0,600,4.621285781,250,250,137321,30,0,0,True,1.0,1.0,0.0
grid_k25_N3,grid,625,2400,3,top1x3,seed-exact,0.0,0,624,0.000563549,1,1,627,10,0,0,True,1.0,1.0,0.0
grid_k25_N3,grid,625,2400,3,top1x3,seed-exact,0.0,24,600,0.000566644,1,1,624,10,0,0,True,1.0,1.0,0.0
grid_k25_N3,grid,625,2400,3,top1x3,seed-exact,0.0,0,600,0.000515635,1,1,600,10,0,0,True,1.0,1.0,0.0
grid_k30_N3,grid,900,3480,3,flat3,seed-exact,0.0,0,899,79.550742909,3600,3600,521913,30,0,0,True,1.0,1.0,0.0
grid_k30_N3,grid,900,3480,3,flat3,seed-exact,0.0,29,870,119.375355745,4471,4471,548795,30,0,0,True,1.0,1.0,0.0
grid_k30_N3,grid,900,3480,3,flat3,seed-exact,0.0,0,870,13.296125416,379,379,254203,30,0,0,True,1.0,1.0,0.0
grid_k30_N3,grid,900,3480,3,top1x3,seed-exact,0.0,0,899,0.000809382,1,1,892,10,0,0,True,1.0,1.0,0.0
grid_k30_N3,grid,900,3480,3,top1x3,seed-exact,0.0,29,870,0.000913309,1,1,910,10,0,0,True,1.0,1.0,0.0
grid_k30_N3,grid,900,3480,3,top1x3,seed-exact,0.0,0,870,0.000689891,1,1,829,10,0,0,True,1.0,1.0,0.0
layer_L06W6_N3,layered,38,192,3,flat3,seed-exact,0.0,36,37,0.004092898,92,92,774,30,0,0,True,1.0,1.0,0.0
layer_L06W6_N3,layered,38,192,3,top1x3,seed-exact,0.0,36,37,4.728e-05,1,1,36,10,0,0,True,1.0,1.0,0.0
layer_L10W6_N3,layered,62,336,3,flat3,seed-exact,0.0,60,61,0.230855066,516,516,7029,30,0,0,True,1.0,1.0,0.0
layer_L10W6_N3,layered,62,336,3,top1x3,seed-exact,0.0,60,61,8.6796e-05,1,1,60,10,0,0,True,1.0,1.0,0.0
layer_L14W6_N3,layered,86,480,3,flat3,seed-exact,0.0,84,85,2.629666909,1322,1322,25657,30,0,0,True,1.0,1.0,0.0
layer_L14W6_N3,layered,86,480,3,top1x3,seed-exact,0.0,84,85,0.000117993,1,1,85,10,0,0,True,1.0,1.0,0.0
layer_L20W6_N3,layered,122,696,3,flat3,seed-exact,0.0,120,121,11.359124103,2121,2121,64526,30,0,0,True,1.0,1.0,0.0
layer_L20W6_N3,layered,122,696,3,top1x3,seed-exact,0.0,120,121,0.000188258,1,1,121,10,0,0,True,1.0,1.0,0.0
layer_L26W6_N3,layered,158,912,3,flat3,seed-exact,0.0,156,157,39.017773503,3116,3116,127446,30,0,0,True,1.0,1.0,0.0
layer_L26W6_N3,layered,158,912,3,top1x3,seed-exact,0.0,156,157,0.000299875,1,1,163,10,0,0,True,1.0,1.0,0.0
layer_L34W6_N3,layered,206,1200,3,top1x3,seed-exact,0.0,204,205,0.000326179,1,1,204,10,0,0,True,1.0,1.0,0.0
rand_n200_N3,random,200,800,3,flat3,seed-exact,0.0,93,92,0.001151134,11,11,627,30,0,0,True,1.0,1.0,0.0
rand_n200_N3,random,200,800,3,flat3,seed-exact,0.0,59,182,0.001273686,6,6,895,30,0,0,True,1.0,1.0,0.0
rand_n200_N3,random,200,800,3,flat3,seed-exact,0.0,82,171,0.000416056,5,5,203,30,0,0,True,1.0,1.0,0.0
rand_n200_N3,random,200,800,3,top1x3,seed-exact,0.0,93,92,0.000102078,1,1,31,10,0,0,True,1.0,1.0,0.0
rand_n200_N3,random,200,800,3,top1x3,seed-exact,0.0,59,182,0.000204319,1,1,194,10,0,0,True,1.0,1.0,0.0
rand_n200_N3,random,200,800,3,top1x3,seed-exact,0.0,82,171,9.4478e-05,1,1,27,10,0,0,True,1.0,1.0,0.0
rand_n800_N3,random,800,3200,3,flat3,seed-exact,0.0,284,390,0.004895231,10,10,2902,30,0,0,True,1.0,1.0,0.0
rand_n800_N3,random,800,3200,3,flat3,seed-exact,0.0,37,380,0.007432709,14,14,4197,30,0,0,True,1.0,1.0,0.0
rand_n800_N3,random,800,3200,3,flat3,seed-exact,0.0,300,188,0.001296786,2,2,512,30,0,0,True,1.0,1.0,0.0
rand_n800_N3,random,800,3200,3,top1x3,seed-exact,0.0,284,390,0.000768458,1,1,657,10,0,0,True,1.0,1.0,0.0
rand_n800_N3,random,800,3200,3,top1x3,seed-exact,0.0,37,380,0.000450298,1,1,238,10,0,0,True,1.0,1.0,0.0
rand_n800_N3,random,800,3200,3,top1x3,seed-exact,0.0,300,188,0.000462289,1,1,248,10,0,0,True,1.0,1.0,0.0
rand_n3200_N3,random,3200,12800,3,flat3,seed-exact,0.0,6,2311,0.016993144,5,5,9345,30,0,0,True,1.0,1.0,0.0
rand_n3200_N3,random,3200,12800,3,flat3,seed-exact,0.0,252,1533,0.049442309,19,19,21342,30,0,0,True,1.0,1.0,0.0
rand_n3200_N3,random,3200,12800,3,flat3,seed-exact,0.0,1146,1485,0.031996588,12,12,16928,30,0,0,True,1.0,1.0,0.0
rand_n3200_N3,random,3200,12800,3,top1x3,seed-exact,0.0,6,2311,0.00220033,1,1,1086,10,0,0,True,1.0,1.0,0.0
rand_n3200_N3,random,3200,12800,3,top1x3,seed-exact,0.0,252,1533,0.002352975,1,1,1458,10,0,0,True,1.0,1.0,0.0
rand_n3200_N3,random,3200,12800,3,top1x3,seed-exact,0.0,1146,1485,0.003023016,1,1,2115,10,0,0,True,1.0,1.0,0.0
layer_L06W6_N4,layered,38,192,4,chain2top,seed-exact,0.0,36,37,5.283e-05,1,1,35,12,0,0,True,1.0,1.0,0.0
layer_L06W6_N4,layered,38,192,4,chain4,seed-exact,0.0,36,37,4.85e-05,1,1,35,8,0,0,True,1.0,1.0,0.0
layer_L06W6_N4,layered,38,192,4,diamond4,seed-exact,0.0,36,37,0.000255213,8,8,140,24,0,0,True,1.0,1.0,0.0
layer_L06W6_N4,layered,38,192,4,flat4,seed-exact,0.0,36,37,0.039615805,342,342,2285,128,0,0,True,1.0,1.0,0.0
layer_L06W6_N4,layered,38,192,4,top1,seed-exact,0.0,36,37,0.00012058,1,1,35,32,0,0,True,1.0,1.0,0.0
layer_L10W6_N4,layered,62,336,4,chain2top,seed-exact,0.0,60,61,0.000100218,1,1,61,12,0,0,True,1.0,1.0,0.0
layer_L10W6_N4,layered,62,336,4,chain4,seed-exact,0.0,60,61,9.7586e-05,1,1,61,8,0,0,True,1.0,1.0,0.0
layer_L10W6_N4,layered,62,336,4,diamond4,seed-exact,0.0,60,61,0.001923345,26,26,699,24,0,0,True,1.0,1.0,0.0
layer_L10W6_N4,layered,62,336,4,flat4,seed-exact,0.0,60,61,1.823004554,1598,1598,18705,128,0,0,True,1.0,1.0,0.0
layer_L10W6_N4,layered,62,336,4,top1,seed-exact,0.0,60,61,0.000117385,1,1,63,32,0,0,True,1.0,1.0,0.0
layer_L14W6_N4,layered,86,480,4,chain2top,seed-exact,0.0,84,85,0.0001562,1,1,85,12,0,0,True,1.0,1.0,0.0
layer_L14W6_N4,layered,86,480,4,chain4,seed-exact,0.0,84,85,0.00014407,1,1,85,8,0,0,True,1.0,1.0,0.0
layer_L14W6_N4,layered,86,480,4,diamond4,seed-exact,0.0,84,85,0.004563632,37,37,1358,24,0,0,True,1.0,1.0,0.0
layer_L14W6_N4,layered,86,480,4,flat4,seed-exact,0.0,84,85,65.647444167,6428,6428,110779,128,0,0,True,1.0,1.0,0.0
layer_L14W6_N4,layered,86,480,4,top1,seed-exact,0.0,84,85,0.000181251,1,1,105,32,0,0,True,1.0,1.0,0.0
layer_L20W6_N4,layered,122,696,4,chain2top,seed-exact,0.0,120,121,0.000189442,1,1,118,12,0,0,True,1.0,1.0,0.0
layer_L20W6_N4,layered,122,696,4,chain4,seed-exact,0.0,120,121,0.000189609,1,1,118,8,0,0,True,1.0,1.0,0.0
layer_L20W6_N4,layered,122,696,4,diamond4,seed-exact,0.0,120,121,0.03204086,67,67,2489,24,0,0,True,1.0,1.0,0.0
layer_L20W6_N4,layered,122,696,4,top1,seed-exact,0.0,120,121,0.000218634,1,1,119,32,0,0,True,1.0,1.0,0.0
layer_L26W6_N4,layered,158,912,4,chain2top,seed-exact,0.0,156,157,0.000239679,1,1,151,12,0,0,True,1.0,1.0,0.0
layer_L26W6_N4,layered,158,912,4,chain4,seed-exact,0.0,156,157,0.000303444,1,1,151,8,0,0,True,1.0,1.0,0.0
layer_L26W6_N4,layered,158,912,4,diamond4,seed-exact,0.0,156,157,0.060449176,117,117,7213,24,0,0,True,1.0,1.0,0.0
layer_L26W6_N4,layered,158,912,4,top1,seed-exact,0.0,156,157,0.000259636,1,1,154,32,0,0,True,1.0,1.0,0.0
layer_L34W6_N4,layered,206,1200,4,chain2top,seed-exact,0.0,204,205,0.000351266,1,1,200,12,0,0,True,1.0,1.0,0.0
layer_L34W6_N4,layered,206,1200,4,chain4,seed-exact,0.0,204,205,0.000308264,1,1,200,8,0,0,True,1.0,1.0,0.0
layer_L34W6_N4,layered,206,1200,4,diamond4,seed-exact,0.0,204,205,0.160993674,148,148,12995,24,0,0,True,1.0,1.0,0.0
layer_L34W6_N4,layered,206,1200,4,top1,seed-exact,0.0,204,205,0.000396852,1,1,211,32,0,0,True,1.0,1.0,0.0
rand_n200_N4,random,200,800,4,chain2top,seed-exact,0.0,80,146,0.000178492,1,1,137,12,0,0,True,1.0,1.0,0.0
rand_n200_N4,random,200,800,4,chain2top,seed-exact,0.0,81,193,0.000176652,1,1,127,12,0,0,True,1.0,1.0,0.0
rand_n200_N4,random,200,800,4,chain2top,seed-exact,0.0,180,30,8.6242e-05,1,1,18,12,0,0,True,1.0,1.0,0.0
rand_n200_N4,random,200,800,4,chain4,seed-exact,0.0,80,146,0.00015488,1,1,137,8,0,0,True,1.0,1.0,0.0
rand_n200_N4,random,200,800,4,chain4,seed-exact,0.0,81,193,0.000168206,1,1,127,8,0,0,True,1.0,1.0,0.0
rand_n200_N4,random,200,800,4,chain4,seed-exact,0.0,180,30,8.4108e-05,1,1,18,8,0,0,True,1.0,1.0,0.0
rand_n200_N4,random,200,800,4,diamond4,seed-exact,0.0,80,146,0.000499511,3,3,421,24,0,0,True,1.0,1.0,0.0
rand_n200_N4,random,200,800,4,diamond4,seed-exact,0.0,81,193,0.000401552,3,3,345,24,0,0,True,1.0,1.0,0.0
rand_n200_N4,random,200,800,4,diamond4,seed-exact,0.0,180,30,0.000264475,4,4,153,24,0,0,True,1.0,1.0,0.0
rand_n200_N4,random,200,800,4,flat4,seed-exact,0.0,80,146,0.003184896,17,17,1589,128,0,0,True,1.0,1.0,0.0
rand_n200_N4,random,200,800,4,flat4,seed-exact,0.0,81,193,0.00213829,12,12,1128,128,0,0,True,1.0,1.0,0.0
rand_n200_N4,random,200,800,4,flat4,seed-exact,0.0,180,30,0.000922318,10,10,423,128,0,0,True,1.0,1.0,0.0
rand_n200_N4,random,200,800,4,top1,seed-exact,0.0,80,146,0.000167261,1,1,138,32,0,0,True,1.0,1.0,0.0
rand_n200_N4,random,200,800,4,top1,seed-exact,0.0,81,193,0.000214169,1,1,128,32,0,0,True,1.0,1.0,0.0
rand_n200_N4,random,200,800,4,top1,seed-exact,0.0,180,30,9.3191e-05,1,1,18,32,0,0,True,1.0,1.0,0.0
rand_n800_N4,random,800,3200,4,chain2top,seed-exact,0.0,526,35,0.000565629,1,1,363,12,0,0,True,1.0,1.0,0.0
rand_n800_N4,random,800,3200,4,chain2top,seed-exact,0.0,192,359,0.000567665,1,1,395,12,0,0,True,1.0,1.0,0.0
rand_n800_N4,random,800,3200,4,chain2top,seed-exact,0.0,307,532,0.000579162,1,1,446,12,0,0,True,1.0,1.0,0.0
rand_n800_N4,random,800,3200,4,chain4,seed-exact,0.0,526,35,0.000564185,1,1,363,8,0,0,True,1.0,1.0,0.0
rand_n800_N4,random,800,3200,4,chain4,seed-exact,0.0,192,359,0.000544808,1,1,395,8,0,0,True,1.0,1.0,0.0
rand_n800_N4,random,800,3200,4,chain4,seed-exact,0.0,307,532,0.000561039,1,1,446,8,0,0,True,1.0,1.0,0.0
rand_n800_N4,random,800,3200,4,diamond4,seed-exact,0.0,526,35,0.002649378,7,7,1513,24,0,0,True,1.0,1.0,0.0
rand_n800_N4,random,800,3200,4,diamond4,seed-exact,0.0,192,359,0.001057211,2,2,608,24,0,0,True,1.0,1.0,0.0
rand_n800_N4,random,800,3200,4,diamond4,seed-exact,0.0,307,532,0.002724543,7,7,2006,24,0,0,True,1.0,1.0,0.0
rand_n800_N4,random,800,3200,4,flat4,seed-exact,0.0,526,35,0.018912692,20,20,7157,128,0,0,True,1.0,1.0,0.0
rand_n800_N4,random,800,3200,4,flat4,seed-exact,0.0,192,359,0.008829313,13,13,4404,128,0,0,True,1.0,1.0,0.0
rand_n800_N4,random,800,3200,4,flat4,seed-exact,0.0,307,532,0.019610158,28,28,6870,128,0,0,True,1.0,1.0,0.0
rand_n800_N4,random,800,3200,4,top1,seed-exact,0.0,526,35,0.000577459,1,1,371,32,0,0,True,1.0,1.0,0.0
rand_n800_N4,random,800,3200,4,top1,seed-exact,0.0,192,359,0.000600079,1,1,396,32,0,0,True,1.0,1.0,0.0
rand_n800_N4,random,800,3200,4,top1,seed-exact,0.0,307,532,0.000750897,1,1,446,32,0,0,True,1.0,1.0,0.0
rand_n3200_N4,random,3200,12800,4,chain2top,seed-exact,0.0,1249,3106,0.002546897,1,1,1376,12,0,0,True,1.0,1.0,0.0
rand_n3200_N4,random,3200,12800,4,chain2top,seed-exact,0.0,2731,3058,0.001897236,1,1,619,12,0,0,True,1.0,1.0,0.0
rand_n3200_N4,random,3200,12800,4,chain2top,seed-exact,0.0,1994,2389,0.00192864,1,1,680,12,0,0,True,1.0,1.0,0.0
rand_n3200_N4,random,3200,12800,4,chain4,seed-exact,0.0,1249,3106,0.003072245,1,1,1376,8,0,0,True,1.0,1.0,0.0
rand_n3200_N4,random,3200,12800,4,chain4,seed-exact,0.0,2731,3058,0.002550491,1,1,619,8,0,0,True,1.0,1.0,0.0
rand_n3200_N4,random,3200,12800,4,chain4,seed-exact,0.0,1994,2389,0.002035587,1,1,680,8,0,0,True,1.0,1.0,0.0
rand_n3200_N4,random,3200,12800,4,diamond4,seed-exact,0.0,1249,3106,0.005028455,2,2,2673,24,0,0,True,1.0,1.0,0.0
rand_n3200_N4,random,3200,12800,4,diamond4,seed-exact,0.0,2731,3058,0.004793837,4,4,2270,24,0,0,True,1.0,1.0,0.0
rand_n3200_N4,random,3200,12800,4,diamond4,seed-exact,0.0,1994,2389,0.010867677,6,6,7246,24,0,0,True,1.0,1.0,0.0
rand_n3200_N4,random,3200,12800,4,flat4,seed-exact,0.0,1249,3106,0.019998958,7,7,8672,128,0,0,True,1.0,1.0,0.0
rand_n3200_N4,random,3200,12800,4,flat4,seed-exact,0.0,2731,3058,0.020390388,10,10,7979,128,0,0,True,1.0,1.0,0.0
rand_n3200_N4,random,3200,12800,4,flat4,seed-exact,0.0,1994,2389,0.084904931,21,21,26950,128,0,0,True,1.0,1.0,0.0
rand_n3200_N4,random,3200,12800,4,top1,seed-exact,0.0,1249,3106,0.002857638,1,1,1386,32,0,0,True,1.0,1.0,0.0
rand_n3200_N4,random,3200,12800,4,top1,seed-exact,0.0,2731,3058,0.002254826,1,1,633,32,0,0,True,1.0,1.0,0.0
rand_n3200_N4,random,3200,12800,4,top1,seed-exact,0.0,1994,2389,0.00217739,1,1,683,32,0,0,True,1.0,1.0,0.0
grid_k06_N4,grid,36,120,4,chain2top,peel-seed-exact,0.0,0,35,4.1548e-05,1,1,10,16,10,2,True,1.0,1.0,0.0
grid_k06_N4,grid,36,120,4,chain2top,peel-seed-exact,0.0,5,30,3.2288e-05,1,1,10,16,10,2,True,1.0,1.0,0.0
grid_k06_N4,grid,36,120,4,chain2top,peel-seed-exact,0.0,0,30,2e-05,1,1,5,16,5,2,True,1.0,1.0,0.0
grid_k06_N4,grid,36,120,4,chain4,peel-seed-exact,0.0,0,35,2.4795e-05,1,1,0,12,10,4,True,1.0,1.0,0.0
grid_k06_N4,grid,36,120,4,chain4,peel-seed-exact,0.0,5,30,2.1556e-05,1,1,0,12,10,4,True,1.0,1.0,0.0
grid_k06_N4,grid,36,120,4,chain4,peel-seed-exact,0.0,0,30,1.2128e-05,1,1,0,12,5,4,True,1.0,1.0,0.0
grid_k06_N4,grid,36,120,4,diamond4,peel-seed-exact,0.0,0,35,0.000330329,12,12,175,24,120,0,True,1.0,1.0,0.0
grid_k06_N4,grid,36,120,4,diamond4,peel-seed-exact,0.0,5,30,0.000168309,9,9,101,24,120,0,True,1.0,1.0,0.0
grid_k06_N4,grid,36,120,4,diamond4,peel-seed-exact,0.0,0,30,0.000126029,1,1,89,24,120,0,True,1.0,1.0,0.0
grid_k06_N4,grid,36,120,4,flat4,peel-seed-exact,0.0,0,35,0.000709647,40,40,301,128,120,0,True,1.0,1.0,0.0
grid_k06_N4,grid,36,120,4,flat4,peel-seed-exact,0.0,5,30,0.000402075,26,26,210,128,120,0,True,1.0,1.0,0.0
grid_k06_N4,grid,36,120,4,flat4,peel-seed-exact,0.0,0,30,0.000183709,2,2,133,128,120,0,True,1.0,1.0,0.0
grid_k06_N4,grid,36,120,4,top1,peel-seed-exact,0.0,0,35,3.5625e-05,1,1,10,38,10,1,True,1.0,1.0,0.0
grid_k06_N4,grid,36,120,4,top1,peel-seed-exact,0.0,5,30,3.0737e-05,1,1,10,38,10,1,True,1.0,1.0,0.0
grid_k06_N4,grid,36,120,4,top1,peel-seed-exact,0.0,0,30,1.8862e-05,1,1,5,38,5,1,True,1.0,1.0,0.0
grid_k08_N4,grid,64,224,4,chain2top,peel-seed-exact,0.0,0,63,4.2583e-05,1,1,14,16,14,2,True,1.0,1.0,0.0
grid_k08_N4,grid,64,224,4,chain2top,peel-seed-exact,0.0,7,56,4.0496e-05,1,1,14,16,14,2,True,1.0,1.0,0.0
grid_k08_N4,grid,64,224,4,chain2top,peel-seed-exact,0.0,0,56,2.372e-05,1,1,7,16,7,2,True,1.0,1.0,0.0
grid_k08_N4,grid,64,224,4,chain4,peel-seed-exact,0.0,0,63,3.4457e-05,1,1,0,12,14,4,True,1.0,1.0,0.0
grid_k08_N4,grid,64,224,4,chain4,peel-seed-exact,0.0,7,56,3.1635e-05,1,1,0,12,14,4,True,1.0,1.0,0.0
grid_k08_N4,grid,64,224,4,chain4,peel-seed-exact,0.0,0,56,2.0109e-05,1,1,0,12,7,4,True,1.0,1.0,0.0
grid_k08_N4,grid,64,224,4,diamond4,peel-seed-exact,0.0,0,63,0.000208392,4,4,200,24,224,0,True,1.0,1.0,0.0
grid_k08_N4,grid,64,224,4,diamond4,peel-seed-exact,0.0,7,56,0.000337949,10,10,310,24,224,0,True,1.0,1.0,0.0
grid_k08_N4,grid,64,224,4,diamond4,peel-seed-exact,0.0,0,56,9.8995e-05,1,1,82,24,224,0,True,1.0,1.0,0.0
grid_k08_N4,grid,64,224,4,flat4,peel-seed-exact,0.0,0,63,0.009556259,80,80,1381,128,224,0,True,1.0,1.0,0.0
grid_k08_N4,grid,64,224,4,flat4,peel-seed-exact,0.0,7,56,0.00491556,62,62,1120,128,224,0,True,1.0,1.0,0.0
grid_k08_N4,grid,64,224,4,flat4,peel-seed-exact,0.0,0,56,0.000835641,8,8,442,128,224,0,True,1.0,1.0,0.0
grid_k08_N4,grid,64,224,4,top1,peel-seed-exact,0.0,0,63,6.3091e-05,1,1,14,38,14,1,True,1.0,1.0,0.0
grid_k08_N4,grid,64,224,4,top1,peel-seed-exact,0.0,7,56,4.3108e-05,1,1,14,38,14,1,True,1.0,1.0,0.0
grid_k08_N4,grid,64,224,4,top1,peel-seed-exact,0.0,0,56,2.6089e-05,1,1,7,38,7,1,True,1.0,1.0,0.0
grid_k10_N4,grid,100,360,4,chain2top,peel-seed-exact,0.0,0,99,7.2074e-05,1,1,20,16,20,2,True,1.0,1.0,0.0
grid_k10_N4,grid,100,360,4,chain2top,peel-seed-exact,0.0,9,90,6.8325e-05,1,1,18,16,18,2,True,1.0,1.0,0.0
grid_k10_N4,grid,100,360,4,chain2top,peel-seed-exact,0.0,0,90,5.3251e-05,1,1,13,16,13,2,True,1.0,1.0,0.0
grid_k10_N4,grid,100,360,4,chain4,peel-seed-exact,0.0,0,99,5.711e-05,1,1,0,12,20,4,True,1.0,1.0,0.0
grid_k10_N4,grid,100,360,4,chain4,peel-seed-exact,0.0,9,90,5.076e-05,1,1,0,12,18,4,True,1.0,1.0,0.0
grid_k10_N4,grid,100,360,4,chain4,peel-seed-exact,0.0,0,90,3.7018e-05,1,1,0,12,13,4,True,1.0,1.0,0.0
grid_k10_N4,grid,100,360,4,diamond4,peel-seed-exact,0.0,0,99,0.001671185,29,29,940,24,360,0,True,1.0,1.0,0.0
grid_k10_N4,grid,100,360,4,diamond4,peel-seed-exact,0.0,9,90,0.000781082,17,17,628,24,360,0,True,1.0,1.0,0.0
grid_k10_N4,grid,100,360,4,diamond4,peel-seed-exact,0.0,0,90,0.00040701,8,8,336,24,360,0,True,1.0,1.0,0.0
grid_k10_N4,grid,100,360,4,flat4,peel-seed-exact,0.0,0,99,0.155258484,507,507,7529,128,360,0,True,1.0,1.0,0.0
grid_k10_N4,grid,100,360,4,flat4,peel-seed-exact,0.0,9,90,0.116225194,431,431,6348,128,360,0,True,1.0,1.0,0.0
grid_k10_N4,grid,100,360,4,flat4,peel-seed-exact,0.0,0,90,0.011094397,35,35,1942,128,360,0,True,1.0,1.0,0.0
grid_k10_N4,grid,100,360,4,top1,peel-seed-exact,0.0,0,99,7.4094e-05,1,1,20,38,20,1,True,1.0,1.0,0.0
grid_k10_N4,grid,100,360,4,top1,peel-seed-exact,0.0,9,90,6.402e-05,1,1,18,38,18,1,True,1.0,1.0,0.0
grid_k10_N4,grid,100,360,4,top1,peel-seed-exact,0.0,0,90,4.4481e-05,1,1,13,38,13,1,True,1.0,1.0,0.0
grid_k12_N4,grid,144,528,4,chain2top,peel-seed-exact,0.0,0,143,8.9713e-05,1,1,22,16,22,2,True,1.0,1.0,0.0
grid_k12_N4,grid,144,528,4,chain2top,peel-seed-exact,0.0,11,132,8.0618e-05,1,1,22,16,22,2,True,1.0,1.0,0.0
grid_k12_N4,grid,144,528,4,chain2top,peel-seed-exact,0.0,0,132,6.0786e-05,1,1,15,16,15,2,True,1.0,1.0,0.0
grid_k12_N4,grid,144,528,4,chain4,peel-seed-exact,0.0,0,143,7.3268e-05,1,1,0,12,22,4,True,1.0,1.0,0.0
grid_k12_N4,grid,144,528,4,chain4,peel-seed-exact,0.0,11,132,5.7047e-05,1,1,0,12,22,4,True,1.0,1.0,0.0
grid_k12_N4,grid,144,528,4,chain4,peel-seed-exact,0.0,0,132,4.4262e-05,1,1,0,12,15,4,True,1.0,1.0,0.0
grid_k12_N4,grid,144,528,4,diamond4,peel-seed-exact,0.0,0,143,0.001543513,17,17,1093,24,528,0,True,1.0,1.0,0.0
grid_k12_N4,grid,144,528,4,diamond4,peel-seed-exact,0.0,11,132,0.001904555,20,20,1236,24,528,0,True,1.0,1.0,0.0
grid_k12_N4,grid,144,528,4,diamond4,peel-seed-exact,0.0,0,132,0.000743572,9,9,589,24,528,0,True,1.0,1.0,0.0
grid_k12_N4,grid,144,528,4,flat4,peel-seed-exact,0.0,0,143,1.311060496,1395,1395,24207,128,528,0,True,1.0,1.0,0.0
grid_k12_N4,grid,144,528,4,flat4,peel-seed-exact,0.0,11,132,0.902235105,1129,1129,20032,128,528,0,True,1.0,1.0,0.0
grid_k12_N4,grid,144,528,4,flat4,peel-seed-exact,0.0,0,132,0.07305527,71,71,7863,128,528,0,True,1.0,1.0,0.0
grid_k12_N4,grid,144,528,4,top1,peel-seed-exact,0.0,0,143,0.000102087,1,1,22,38,22,1,True,1.0,1.0,0.0
grid_k12_N4,grid,144,528,4,top1,peel-seed-exact,0.0,11,132,9.8681e-05,1,1,22,38,22,1,True,1.0,1.0,0.0
grid_k12_N4,grid,144,528,4,top1,peel-seed-exact,0.0,0,132,7.005e-05,1,1,15,38,15,1,True,1.0,1.0,0.0
grid_k14_N4,grid,196,728,4,chain2top,peel-seed-exact,0.0,0,195,9.0921e-05,1,1,30,16,30,2,True,1.0,1.0,0.0
grid_k14_N4,grid,196,728,4,chain2top,peel-seed-exact,0.0,13,182,8.4481e-05,1,1,26,16,26,2,True,1.0,1.0,0.0
grid_k14_N4,grid,196,728,4,chain2top,peel-seed-exact,0.0,0,182,7.4943e-05,1,1,15,16,15,2,True,1.0,1.0,0.0
grid_k14_N4,grid,196,728,4,chain4,peel-seed-exact,0.0,0,195,0.000103555,1,1,0,12,30,4,True,1.0,1.0,0.0
grid_k14_N4,grid,196,728,4,chain4,peel-seed-exact,0.0,13,182,9.2807e-05,1,1,0,12,26,4,True,1.0,1.0,0.0
grid_k14_N4,grid,196,728,4,chain4,peel-seed-exact,0.0,0,182,5.8736e-05,1,1,0,12,15,4,True,1.0,1.0,0.0
grid_k14_N4,grid,196,728,4,diamond4,peel-seed-exact,0.0,0,195,0.00294251,24,24,1886,24,728,0,True,1.0,1.0,0.0
grid_k14_N4,grid,196,728,4,diamond4,peel-seed-exact,0.0,13,182,0.005256102,27,27,2370,24,728,0,True,1.0,1.0,0.0
grid_k14_N4,grid,196,728,4,diamond4,peel-seed-exact,0.0,0,182,0.001562043,7,7,1162,24,728,0,True,1.0,1.0,0.0
grid_k14_N4,grid,196,728,4,flat4,peel-seed-exact,0.0,0,195,2.372251405,1205,1205,42135,128,728,0,True,1.0,1.0,0.0
grid_k14_N4,grid,196,728,4,flat4,peel-seed-exact,0.0,13,182,4.958827435,2639,2639,56280,128,728,0,True,1.0,1.0,0.0
grid_k14_N4,grid,196,728,4,flat4,peel-seed-exact,0.0,0,182,0.221455958,98,98,14579,128,728,0,True,1.0,1.0,0.0
grid_k14_N4,grid,196,728,4,top1,peel-seed-exact,0.0,0,195,0.0001329,1,1,30,38,30,1,True,1.0,1.0,0.0
grid_k14_N4,grid,196,728,4,top1,peel-seed-exact,0.0,13,182,9.3942e-05,1,1,26,38,26,1,True,1.0,1.0,0.0
grid_k14_N4,grid,196,728,4,top1,peel-seed-exact,0.0,0,182,7.8262e-05,1,1,22,38,23,1,True,1.0,1.0,0.0
grid_k16_N4,grid,256,960,4,chain2top,peel-seed-exact,0.0,0,255,0.000122891,1,1,30,16,30,2,True,1.0,1.0,0.0
grid_k16_N4,grid,256,960,4,chain2top,peel-seed-exact,0.0,15,240,9.65e-05,1,1,30,16,30,2,True,1.0,1.0,0.0
grid_k16_N4,grid,256,960,4,chain2top,peel-seed-exact,0.0,0,240,0.000141279,1,1,23,16,23,2,True,1.0,1.0,0.0
grid_k16_N4,grid,256,960,4,chain4,peel-seed-exact,0.0,0,255,9.1691e-05,1,1,0,12,30,4,True,1.0,1.0,0.0
grid_k16_N4,grid,256,960,4,chain4,peel-seed-exact,0.0,15,240,0.000149942,1,1,0,12,30,4,True,1.0,1.0,0.0
grid_k16_N4,grid,256,960,4,chain4,peel-seed-exact,0.0,0,240,8.1418e-05,1,1,0,12,23,4,True,1.0,1.0,0.0
grid_k16_N4,grid,256,960,4,diamond4,peel-seed-exact,0.0,0,255,0.006792361,29,29,2849,24,960,0,True,1.0,1.0,0.0
grid_k16_N4,grid,256,960,4,diamond4,peel-seed-exact,0.0,15,240,0.007506808,51,51,3407,24,960,0,True,1.0,1.0,0.0
grid_k16_N4,grid,256,960,4,diamond4,peel-seed-exact,0.0,0,240,0.001454037,9,9,1247,24,960,0,True,1.0,1.0,0.0
grid_k16_N4,grid,256,960,4,flat4,peel-seed-exact,0.0,0,255,15.653976427,3333,3333,111025,128,960,0,True,1.0,1.0,0.0
grid_k16_N4,grid,256,960,4,flat4,peel-seed-exact,0.0,15,240,92.664603661,8840,8840,220029,128,960,0,True,1.0,1.0,0.0
grid_k16_N4,grid,256,960,4,flat4,peel-seed-exact,0.0,0,240,0.256444266,62,62,17164,128,960,0,True,1.0,1.0,0.0
grid_k16_N4,grid,256,960,4,top1,peel-seed-exact,0.0,0,255,0.000140498,1,1,30,38,30,1,True,1.0,1.0,0.0
grid_k16_N4,grid,256,960,4,top1,peel-seed-exact,0.0,15,240,0.000117053,1,1,30,38,30,1,True,1.0,1.0,0.0
grid_k16_N4,grid,256,960,4,top1,peel-seed-exact,0.0,0,240,0.000103968,1,1,23,38,23,1,True,1.0,1.0,0.0
grid_k20_N4,grid,400,1520,4,chain2top,peel-seed-exact,0.0,0,399,0.000158889,1,1,38,16,38,2,True,1.0,1.0,0.0
grid_k20_N4,grid,400,1520,4,chain2top,peel-seed-exact,0.0,19,380,0.000143199,1,1,38,16,38,2,True,1.0,1.0,0.0
grid_k20_N4,grid,400,1520,4,chain2top,peel-seed-exact,0.0,0,380,0.000134035,1,1,29,16,29,2,True,1.0,1.0,0.0
grid_k20_N4,grid,400,1520,4,chain4,peel-seed-exact,0.0,0,399,0.000146916,1,1,0,12,38,4,True,1.0,1.0,0.0
grid_k20_N4,grid,400,1520,4,chain4,peel-seed-exact,0.0,19,380,0.00013515,1,1,0,12,38,4,True,1.0,1.0,0.0
grid_k20_N4,grid,400,1520,4,chain4,peel-seed-exact,0.0,0,380,0.000158832,1,1,0,12,29,4,True,1.0,1.0,0.0
grid_k20_N4,grid,400,1520,4,diamond4,peel-seed-exact,0.0,0,399,0.018447408,44,44,6940,24,1520,0,True,1.0,1.0,0.0
grid_k20_N4,grid,400,1520,4,diamond4,peel-seed-exact,0.0,19,380,0.019157869,59,59,7231,24,1520,0,True,1.0,1.0,0.0
grid_k20_N4,grid,400,1520,4,diamond4,peel-seed-exact,0.0,0,380,0.007602255,30,30,3989,24,1520,0,True,1.0,1.0,0.0
grid_k20_N4,grid,400,1520,4,top1,peel-seed-exact,0.0,0,399,0.00019932,1,1,38,38,38,1,True,1.0,1.0,0.0
grid_k20_N4,grid,400,1520,4,top1,peel-seed-exact,0.0,19,380,0.000200395,1,1,38,38,38,1,True,1.0,1.0,0.0
grid_k20_N4,grid,400,1520,4,top1,peel-seed-exact,0.0,0,380,0.000180218,1,1,29,38,29,1,True,1.0,1.0,0.0
grid_k25_N4,grid,625,2400,4,chain2top,peel-seed-exact,0.0,0,624,0.000236349,1,1,50,16,50,2,True,1.0,1.0,0.0
grid_k25_N4,grid,625,2400,4,chain2top,peel-seed-exact,0.0,24,600,0.000240415,1,1,52,16,52,2,True,1.0,1.0,0.0
grid_k25_N4,grid,625,2400,4,chain2top,peel-seed-exact,0.0,0,600,0.000202719,1,1,40,16,40,2,True,1.0,1.0,0.0
grid_k25_N4,grid,625,2400,4,chain4,peel-seed-exact,0.0,0,624,0.000198996,1,1,0,12,50,4,True,1.0,1.0,0.0
grid_k25_N4,grid,625,2400,4,chain4,peel-seed-exact,0.0,24,600,0.000200016,1,1,0,12,52,4,True,1.0,1.0,0.0
grid_k25_N4,grid,625,2400,4,chain4,peel-seed-exact,0.0,0,600,0.000183122,1,1,0,12,40,4,True,1.0,1.0,0.0
grid_k25_N4,grid,625,2400,4,diamond4,peel-seed-exact,0.0,0,624,0.061011218,82,82,17430,24,2400,0,True,1.0,1.0,0.0
grid_k25_N4,grid,625,2400,4,diamond4,peel-seed-exact,0.0,24,600,0.087675715,101,101,20995,24,2400,0,True,1.0,1.0,0.0
grid_k25_N4,grid,625,2400,4,diamond4,peel-seed-exact,0.0,0,600,0.024676764,17,17,10677,24,2400,0,True,1.0,1.0,0.0
grid_k25_N4,grid,625,2400,4,top1,peel-seed-exact,0.0,0,624,0.000293725,1,1,50,38,50,1,True,1.0,1.0,0.0
grid_k25_N4,grid,625,2400,4,top1,peel-seed-exact,0.0,24,600,0.000314374,1,1,52,38,52,1,True,1.0,1.0,0.0
grid_k25_N4,grid,625,2400,4,top1,peel-seed-exact,0.0,0,600,0.000247961,1,1,40,38,40,1,True,1.0,1.0,0.0
grid_k30_N4,grid,900,3480,4,chain2top,peel-seed-exact,0.0,0,899,0.000417665,1,1,60,16,60,2,True,1.0,1.0,0.0
grid_k30_N4,grid,900,3480,4,chain2top,peel-seed-exact,0.0,29,870,0.000339538,1,1,58,16,58,2,True,1.0,1.0,0.0
grid_k30_N4,grid,900,3480,4,chain2top,peel-seed-exact,0.0,0,870,0.000358837,1,1,33,16,33,2,True,1.0,1.0,0.0
grid_k30_N4,grid,900,3480,4,chain4,peel-seed-exact,0.0,0,899,0.000272919,1,1,0,12,60,4,True,1.0,1.0,0.0
grid_k30_N4,grid,900,3480,4,chain4,peel-seed-exact,0.0,29,870,0.000260777,1,1,0,12,58,4,True,1.0,1.0,0.0
grid_k30_N4,grid,900,3480,4,chain4,peel-seed-exact,0.0,0,870,0.00025234,1,1,0,12,33,4,True,1.0,1.0,0.0
grid_k30_N4,grid,900,3480,4,diamond4,peel-seed-exact,0.0,0,899,0.148778367,95,95,32815,24,3480,0,True,1.0,1.0,0.0
grid_k30_N4,grid,900,3480,4,diamond4,peel-seed-exact,0.0,29,870,0.178013341,100,100,36251,24,3480,0,True,1.0,1.0,0.0
grid_k30_N4,grid,900,3480,4,diamond4,peel-seed-exact,0.0,0,870,0.035861663,16,16,14668,24,3480,0,True,1.0,1.0,0.0
grid_k30_N4,grid,900,3480,4,top1,peel-seed-exact,0.0,0,899,0.000454035,1,1,60,38,60,1,True,1.0,1.0,0.0
grid_k30_N4,grid,900,3480,4,top1,peel-seed-exact,0.0,29,870,0.000494897,1,1,60,38,61,1,True,1.0,1.0,0.0
grid_k30_N4,grid,900,3480,4,top1,peel-seed-exact,0.0,0,870,0.000383178,1,1,33,38,33,1,True,1.0,1.0,0.0
grid_k06_N3,grid,36,120,3,flat3,peel-seed-exact,0.0,0,35,0.000516938,35,35,258,30,120,0,True,1.0,1.0,0.0
grid_k06_N3,grid,36,120,3,flat3,peel-seed-exact,0.0,5,30,0.000441017,28,28,266,30,120,0,True,1.0,1.0,0.0
grid_k06_N3,grid,36,120,3,flat3,peel-seed-exact,0.0,0,30,0.000128535,4,4,112,30,120,0,True,1.0,1.0,0.0
grid_k06_N3,grid,36,120,3,top1x3,peel-seed-exact,0.0,0,35,2.6279e-05,1,1,10,12,10,1,True,1.0,1.0,0.0
grid_k06_N3,grid,36,120,3,top1x3,peel-seed-exact,0.0,5,30,1.9871e-05,1,1,10,12,10,1,True,1.0,1.0,0.0
grid_k06_N3,grid,36,120,3,top1x3,peel-seed-exact,0.0,0,30,1.2551e-05,1,1,7,12,7,1,True,1.0,1.0,0.0
grid_k08_N3,grid,64,224,3,flat3,peel-seed-exact,0.0,0,63,0.002892177,59,59,928,30,224,0,True,1.0,1.0,0.0
grid_k08_N3,grid,64,224,3,flat3,peel-seed-exact,0.0,7,56,0.002666417,55,55,916,30,224,0,True,1.0,1.0,0.0
grid_k08_N3,grid,64,224,3,flat3,peel-seed-exact,0.0,0,56,0.000630276,11,11,423,30,224,0,True,1.0,1.0,0.0
grid_k08_N3,grid,64,224,3,top1x3,peel-seed-exact,0.0,0,63,3.4895e-05,1,1,14,12,14,1,True,1.0,1.0,0.0
grid_k08_N3,grid,64,224,3,top1x3,peel-seed-exact,0.0,7,56,2.8312e-05,1,1,14,12,14,1,True,1.0,1.0,0.0
grid_k08_N3,grid,64,224,3,top1x3,peel-seed-exact,0.0,0,56,2.023e-05,1,1,11,12,11,1,True,1.0,1.0,0.0
grid_k10_N3,grid,100,360,3,flat3,peel-seed-exact,0.0,0,99,0.027089382,169,169,3558,30,360,0,True,1.0,1.0,0.0
grid_k10_N3,grid,100,360,3,flat3,peel-seed-exact,0.0,9,90,0.032063681,187,187,3832,30,360,0,True,1.0,1.0,0.0
grid_k10_N3,grid,100,360,3,flat3,peel-seed-exact,0.0,0,90,0.002004725,11,11,1073,30,360,0,True,1.0,1.0,0.0
grid_k10_N3,grid,100,360,3,top1x3,peel-seed-exact,0.0,0,99,5.2829e-05,1,1,18,12,18,1,True,1.0,1.0,0.0
grid_k10_N3,grid,100,360,3,top1x3,peel-seed-exact,0.0,9,90,4.41e-05,1,1,18,12,18,1,True,1.0,1.0,0.0
grid_k10_N3,grid,100,360,3,top1x3,peel-seed-exact,0.0,0,90,2.9827e-05,1,1,9,12,9,1,True,1.0,1.0,0.0
grid_k12_N3,grid,144,528,3,flat3,peel-seed-exact,0.0,0,143,0.023126729,122,122,4549,30,528,0,True,1.0,1.0,0.0
grid_k12_N3,grid,144,528,3,flat3,peel-seed-exact,0.0,11,132,0.044863134,219,219,5470,30,528,0,True,1.0,1.0,0.0
grid_k12_N3,grid,144,528,3,flat3,peel-seed-exact,0.0,0,132,0.003624477,29,29,1387,30,528,0,True,1.0,1.0,0.0
grid_k12_N3,grid,144,528,3,top1x3,peel-seed-exact,0.0,0,143,6.4032e-05,1,1,24,12,24,1,True,1.0,1.0,0.0
grid_k12_N3,grid,144,528,3,top1x3,peel-seed-exact,0.0,11,132,5.8671e-05,1,1,22,12,22,1,True,1.0,1.0,0.0
grid_k12_N3,grid,144,528,3,top1x3,peel-seed-exact,0.0,0,132,4.4245e-05,1,1,19,12,19,1,True,1.0,1.0,0.0
grid_k14_N3,grid,196,728,3,flat3,peel-seed-exact,0.0,0,195,0.08769852,232,232,10223,30,728,0,True,1.0,1.0,0.0
grid_k14_N3,grid,196,728,3,flat3,peel-seed-exact,0.0,13,182,0.173815557,322,322,13277,30,728,0,True,1.0,1.0,0.0
grid_k14_N3,grid,196,728,3,flat3,peel-seed-exact,0.0,0,182,0.035225618,39,39,6971,30,728,0,True,1.0,1.0,0.0
grid_k14_N3,grid,196,728,3,top1x3,peel-seed-exact,0.0,0,195,0.000830811,1,1,26,12,26,1,True,1.0,1.0,0.0
grid_k14_N3,grid,196,728,3,top1x3,peel-seed-exact,0.0,13,182,7.6073e-05,1,1,26,12,26,1,True,1.0,1.0,0.0
grid_k14_N3,grid,196,728,3,top1x3,peel-seed-exact,0.0,0,182,6.1888e-05,1,1,21,12,21,1,True,1.0,1.0,0.0
grid_k16_N3,grid,256,960,3,flat3,peel-seed-exact,0.0,0,255,0.913585561,628,628,34250,30,960,0,True,1.0,1.0,0.0
grid_k16_N3,grid,256,960,3,flat3,peel-seed-exact,0.0,15,240,0.237627498,355,355,15917,30,960,0,True,1.0,1.0,0.0
grid_k16_N3,grid,256,960,3,flat3,peel-seed-exact,0.0,0,240,0.292456926,98,98,19306,30,960,0,True,1.0,1.0,0.0
grid_k16_N3,grid,256,960,3,top1x3,peel-seed-exact,0.0,0,255,0.000104901,1,1,30,12,30,1,True,1.0,1.0,0.0
grid_k16_N3,grid,256,960,3,top1x3,peel-seed-exact,0.0,15,240,9.0887e-05,1,1,34,12,34,1,True,1.0,1.0,0.0
grid_k16_N3,grid,256,960,3,top1x3,peel-seed-exact,0.0,0,240,7.6745e-05,1,1,21,12,21,1,True,1.0,1.0,0.0
grid_k20_N3,grid,400,1520,3,flat3,peel-seed-exact,0.0,0,399,1.695707445,674,674,66357,30,1520,0,True,1.0,1.0,0.0
grid_k20_N3,grid,400,1520,3,flat3,peel-seed-exact,0.0,19,380,2.959336244,958,958,68830,30,1520,0,True,1.0,1.0,0.0
grid_k20_N3,grid,400,1520,3,flat3,peel-seed-exact,0.0,0,380,0.646802714,156,156,39562,30,1520,0,True,1.0,1.0,0.0
grid_k20_N3,grid,400,1520,3,top1x3,peel-seed-exact,0.0,0,399,0.000145419,1,1,38,12,38,1,True,1.0,1.0,0.0
grid_k20_N3,grid,400,1520,3,top1x3,peel-seed-exact,0.0,19,380,0.000227054,1,1,40,12,40,1,True,1.0,1.0,0.0
grid_k20_N3,grid,400,1520,3,top1x3,peel-seed-exact,0.0,0,380,0.000136381,1,1,27,12,27,1,True,1.0,1.0,0.0
grid_k25_N3,grid,625,2400,3,flat3,peel-seed-exact,0.0,0,624,44.790157572,2980,2980,326701,30,2400,0,True,1.0,1.0,0.0
grid_k25_N3,grid,625,2400,3,flat3,peel-seed-exact,0.0,24,600,10.272258533,1672,1672,168610,30,2400,0,True,1.0,1.0,0.0
grid_k25_N3,grid,625,2400,3,flat3,peel-seed-exact,0.0,0,600,4.773909783,250,250,137321,30,2400,0,True,1.0,1.0,0.0
grid_k25_N3,grid,625,2400,3,top1x3,peel-seed-exact,0.0,0,624,0.000235513,1,1,50,12,50,1,True,1.0,1.0,0.0
grid_k25_N3,grid,625,2400,3,top1x3,peel-seed-exact,0.0,24,600,0.000199371,1,1,48,12,48,1,True,1.0,1.0,0.0
grid_k25_N3,grid,625,2400,3,top1x3,peel-seed-exact,0.0,0,600,0.000180322,1,1,28,12,28,1,True,1.0,1.0,0.0
grid_k30_N3,grid,900,3480,3,flat3,peel-seed-exact,0.0,0,899,79.812434602,3600,3600,521913,30,3480,0,True,1.0,1.0,0.0
grid_k30_N3,grid,900,3480,3,flat3,peel-seed-exact,0.0,29,870,118.977521324,4471,4471,548795,30,3480,0,True,1.0,1.0,0.0
grid_k30_N3,grid,900,3480,3,flat3,peel-seed-exact,0.0,0,870,13.174920166,379,379,254203,30,3480,0,True,1.0,1.0,0.0
grid_k30_N3,grid,900,3480,3,top1x3,peel-seed-exact,0.0,0,899,0.000371346,1,1,62,12,62,1,True,1.0,1.0,0.0
grid_k30_N3,grid,900,3480,3,top1x3,peel-seed-exact,0.0,29,870,0.000329595,1,1,58,12,58,1,True,1.0,1.0,0.0
grid_k30_N3,grid,900,3480,3,top1x3,peel-seed-exact,0.0,0,870,0.000275756,1,1,43,12,43,1,True,1.0,1.0,0.0
layer_L06W6_N3,layered,38,192,3,flat3,peel-seed-exact,0.0,36,37,0.004226064,92,92,774,30,192,0,True,1.0,1.0,0.0
layer_L06W6_N3,layered,38,192,3,top1x3,peel-seed-exact,0.0,36,37,3.1833e-05,1,1,7,12,7,1,True,1.0,1.0,0.0
layer_L10W6_N3,layered,62,336,3,flat3,peel-seed-exact,0.0,60,61,0.229972191,516,516,7029,30,336,0,True,1.0,1.0,0.0
layer_L10W6_N3,layered,62,336,3,top1x3,peel-seed-exact,0.0,60,61,4.4285e-05,1,1,11,12,11,1,True,1.0,1.0,0.0
layer_L14W6_N3,layered,86,480,3,flat3,peel-seed-exact,0.0,84,85,2.66634284,1322,1322,25657,30,480,0,True,1.0,1.0,0.0
layer_L14W6_N3,layered,86,480,3,top1x3,peel-seed-exact,0.0,84,85,7.7558e-05,1,1,15,12,15,1,True,1.0,1.0,0.0
layer_L20W6_N3,layered,122,696,3,flat3,peel-seed-exact,0.0,120,121,11.424902743,2121,2121,64526,30,696,0,True,1.0,1.0,0.0
layer_L20W6_N3,layered,122,696,3,top1x3,peel-seed-exact,0.0,120,121,9.5858e-05,1,1,21,12,21,1,True,1.0,1.0,0.0
layer_L26W6_N3,layered,158,912,3,flat3,peel-seed-exact,0.0,156,157,38.772682293,3116,3116,127446,30,912,0,True,1.0,1.0,0.0
layer_L26W6_N3,layered,158,912,3,top1x3,peel-seed-exact,0.0,156,157,0.000104126,1,1,31,12,33,1,True,1.0,1.0,0.0
layer_L34W6_N3,layered,206,1200,3,top1x3,peel-seed-exact,0.0,204,205,0.000128148,1,1,37,12,38,1,True,1.0,1.0,0.0
rand_n200_N3,random,200,800,3,flat3,peel-seed-exact,0.0,93,92,0.001032368,11,11,627,30,800,0,True,1.0,1.0,0.0
rand_n200_N3,random,200,800,3,flat3,peel-seed-exact,0.0,59,182,0.001232072,6,6,895,30,800,0,True,1.0,1.0,0.0
rand_n200_N3,random,200,800,3,flat3,peel-seed-exact,0.0,82,171,0.000720074,5,5,203,30,800,0,True,1.0,1.0,0.0
rand_n200_N3,random,200,800,3,top1x3,peel-seed-exact,0.0,93,92,9.4202e-05,1,1,4,12,4,1,True,1.0,1.0,0.0
rand_n200_N3,random,200,800,3,top1x3,peel-seed-exact,0.0,59,182,8.1426e-05,1,1,5,12,5,1,True,1.0,1.0,0.0
rand_n200_N3,random,200,800,3,top1x3,peel-seed-exact,0.0,82,171,8.1237e-05,1,1,4,12,4,1,True,1.0,1.0,0.0
rand_n800_N3,random,800,3200,3,flat3,peel-seed-exact,0.0,284,390,0.004898689,10,10,2902,30,3200,0,True,1.0,1.0,0.0
rand_n800_N3,random,800,3200,3,flat3,peel-seed-exact,0.0,37,380,0.007506936,14,14,4197,30,3200,0,True,1.0,1.0,0.0
rand_n800_N3,random,800,3200,3,flat3,peel-seed-exact,0.0,300,188,0.001355683,2,2,512,30,3200,0,True,1.0,1.0,0.0
rand_n800_N3,random,800,3200,3,top1x3,peel-seed-exact,0.0,284,390,0.000331235,1,1,9,12,9,1,True,1.0,1.0,0.0
rand_n800_N3,random,800,3200,3,top1x3,peel-seed-exact,0.0,37,380,0.000315098,1,1,8,12,8,1,True,1.0,1.0,0.0
rand_n800_N3,random,800,3200,3,top1x3,peel-seed-exact,0.0,300,188,0.000337352,1,1,4,12,4,1,True,1.0,1.0,0.0
rand_n3200_N3,random,3200,12800,3,flat3,peel-seed-exact,0.0,6,2311,0.016504641,5,5,9345,30,12800,0,True,1.0,1.0,0.0
rand_n3200_N3,random,3200,12800,3,flat3,peel-seed-exact,0.0,252,1533,0.049270529,19,19,21342,30,12800,0,True,1.0,1.0,0.0
rand_n3200_N3,random,3200,12800,3,flat3,peel-seed-exact,0.0,1146,1485,0.031211393,12,12,16928,30,12800,0,True,1.0,1.0,0.0
rand_n3200_N3,random,3200,12800,3,top1x3,peel-seed-exact,0.0,6,2311,0.001561059,1,1,11,12,11,1,True,1.0,1.0,0.0
rand_n3200_N3,random,3200,12800,3,top1x3,peel-seed-exact,0.0,252,1533,0.001450561,1,1,9,12,9,1,True,1.0,1.0,0.0
rand_n3200_N3,random,3200,12800,3,top1x3,peel-seed-exact,0.0,1146,1485,0.001432609,1,1,8,12,8,1,True,1.0,1.0,0.0
layer_L06W6_N4,layered,38,192,4,chain2top,peel-seed-exact,0.0,36,37,3.7618e-05,1,1,7,16,7,2,True,1.0,1.0,0.0
layer_L06W6_N4,layered,38,192,4,chain4,peel-seed-exact,0.0,36,37,2.9602e-05,1,1,0,12,7,4,True,1.0,1.0,0.0
layer_L06W6_N4,layered,38,192,4,diamond4,peel-seed-exact,0.0,36,37,0.000371102,8,8,140,24,192,0,True,1.0,1.0,0.0
layer_L06W6_N4,layered,38,192,4,flat4,peel-seed-exact,0.0,36,37,0.041230355,342,342,2285,128,192,0,True,1.0,1.0,0.0
layer_L06W6_N4,layered,38,192,4,top1,peel-seed-exact,0.0,36,37,4.0319e-05,1,1,7,38,7,1,True,1.0,1.0,0.0
layer_L10W6_N4,layered,62,336,4,chain2top,peel-seed-exact,0.0,60,61,5.1136e-05,1,1,11,16,11,2,True,1.0,1.0,0.0
layer_L10W6_N4,layered,62,336,4,chain4,peel-seed-exact,0.0,60,61,4.2604e-05,1,1,0,12,11,4,True,1.0,1.0,0.0
layer_L10W6_N4,layered,62,336,4,diamond4,peel-seed-exact,0.0,60,61,0.001906227,26,26,699,24,336,0,True,1.0,1.0,0.0
layer_L10W6_N4,layered,62,336,4,flat4,peel-seed-exact,0.0,60,61,1.78504062,1598,1598,18705,128,336,0,True,1.0,1.0,0.0
layer_L10W6_N4,layered,62,336,4,top1,peel-seed-exact,0.0,60,61,5.9272e-05,1,1,11,38,11,1,True,1.0,1.0,0.0
layer_L14W6_N4,layered,86,480,4,chain2top,peel-seed-exact,0.0,84,85,9.8651e-05,1,1,15,16,15,2,True,1.0,1.0,0.0
layer_L14W6_N4,layered,86,480,4,chain4,peel-seed-exact,0.0,84,85,5.4718e-05,1,1,0,12,15,4,True,1.0,1.0,0.0
layer_L14W6_N4,layered,86,480,4,diamond4,peel-seed-exact,0.0,84,85,0.0044981,37,37,1358,24,480,0,True,1.0,1.0,0.0
layer_L14W6_N4,layered,86,480,4,flat4,peel-seed-exact,0.0,84,85,66.391550498,6428,6428,110779,128,480,0,True,1.0,1.0,0.0
layer_L14W6_N4,layered,86,480,4,top1,peel-seed-exact,0.0,84,85,8.1699e-05,1,1,15,38,15,1,True,1.0,1.0,0.0
layer_L20W6_N4,layered,122,696,4,chain2top,peel-seed-exact,0.0,120,121,8.6244e-05,1,1,21,16,21,2,True,1.0,1.0,0.0
layer_L20W6_N4,layered,122,696,4,chain4,peel-seed-exact,0.0,120,121,7.3397e-05,1,1,0,12,21,4,True,1.0,1.0,0.0
layer_L20W6_N4,layered,122,696,4,diamond4,peel-seed-exact,0.0,120,121,0.011486525,67,67,2489,24,696,0,True,1.0,1.0,0.0
layer_L20W6_N4,layered,122,696,4,top1,peel-seed-exact,0.0,120,121,0.000104837,1,1,21,38,21,1,True,1.0,1.0,0.0
layer_L26W6_N4,layered,158,912,4,chain2top,peel-seed-exact,0.0,156,157,0.000109898,1,1,27,16,27,2,True,1.0,1.0,0.0
layer_L26W6_N4,layered,158,912,4,chain4,peel-seed-exact,0.0,156,157,9.9347e-05,1,1,0,12,27,4,True,1.0,1.0,0.0
layer_L26W6_N4,layered,158,912,4,diamond4,peel-seed-exact,0.0,156,157,0.06233238,117,117,7213,24,912,0,True,1.0,1.0,0.0
layer_L26W6_N4,layered,158,912,4,top1,peel-seed-exact,0.0,156,157,0.000130329,1,1,27,38,27,1,True,1.0,1.0,0.0
layer_L34W6_N4,layered,206,1200,4,chain2top,peel-seed-exact,0.0,204,205,0.000134677,1,1,35,16,35,2,True,1.0,1.0,0.0
layer_L34W6_N4,layered,206,1200,4,chain4,peel-seed-exact,0.0,204,205,0.000114893,1,1,0,12,35,4,True,1.0,1.0,0.0
layer_L34W6_N4,layered,206,1200,4,diamond4,peel-seed-exact,0.0,204,205,0.162156414,148,148,12995,24,1200,0,True,1.0,1.0,0.0
layer_L34W6_N4,layered,206,1200,4,top1,peel-seed-exact,0.0,204,205,0.000171556,1,1,35,38,35,1,True,1.0,1.0,0.0
rand_n200_N4,random,200,800,4,chain2top,peel-seed-exact,0.0,80,146,9.212e-05,1,1,5,16,5,2,True,1.0,1.0,0.0
rand_n200_N4,random,200,800,4,chain2top,peel-seed-exact,0.0,81,193,8.6465e-05,1,1,7,16,7,2,True,1.0,1.0,0.0
rand_n200_N4,random,200,800,4,chain2top,peel-seed-exact,0.0,180,30,8.1867e-05,1,1,5,16,5,2,True,1.0,1.0,0.0
rand_n200_N4,random,200,800,4,chain4,peel-seed-exact,0.0,80,146,8.6244e-05,1,1,0,12,5,4,True,1.0,1.0,0.0
rand_n200_N4,random,200,800,4,chain4,peel-seed-exact,0.0,81,193,8.1587e-05,1,1,0,12,7,4,True,1.0,1.0,0.0
rand_n200_N4,random,200,800,4,chain4,peel-seed-exact,0.0,180,30,0.000131055,1,1,0,12,5,4,True,1.0,1.0,0.0
rand_n200_N4,random,200,800,4,diamond4,peel-seed-exact,0.0,80,146,0.000490107,3,3,421,24,800,0,True,1.0,1.0,0.0
rand_n200_N4,random,200,800,4,diamond4,peel-seed-exact,0.0,81,193,0.000425055,3,3,345,24,800,0,True,1.0,1.0,0.0
rand_n200_N4,random,200,800,4,diamond4,peel-seed-exact,0.0,180,30,0.000274715,4,4,153,24,800,0,True,1.0,1.0,0.0
rand_n200_N4,random,200,800,4,flat4,peel-seed-exact,0.0,80,146,0.003199256,17,17,1589,128,800,0,True,1.0,1.0,0.0
rand_n200_N4,random,200,800,4,flat4,peel-seed-exact,0.0,81,193,0.002297213,12,12,1128,128,800,0,True,1.0,1.0,0.0
rand_n200_N4,random,200,800,4,flat4,peel-seed-exact,0.0,180,30,0.00089726,10,10,423,128,800,0,True,1.0,1.0,0.0
rand_n200_N4,random,200,800,4,top1,peel-seed-exact,0.0,80,146,0.000111654,1,1,5,38,5,1,True,1.0,1.0,0.0
rand_n200_N4,random,200,800,4,top1,peel-seed-exact,0.0,81,193,9.6266e-05,1,1,7,38,7,1,True,1.0,1.0,0.0
rand_n200_N4,random,200,800,4,top1,peel-seed-exact,0.0,180,30,9.0745e-05,1,1,5,38,5,1,True,1.0,1.0,0.0
rand_n800_N4,random,800,3200,4,chain2top,peel-seed-exact,0.0,526,35,0.000342139,1,1,8,16,8,2,True,1.0,1.0,0.0
rand_n800_N4,random,800,3200,4,chain2top,peel-seed-exact,0.0,192,359,0.000319797,1,1,9,16,9,2,True,1.0,1.0,0.0
rand_n800_N4,random,800,3200,4,chain2top,peel-seed-exact,0.0,307,532,0.000344404,1,1,9,16,9,2,True,1.0,1.0,0.0
rand_n800_N4,random,800,3200,4,chain4,peel-seed-exact,0.0,526,35,0.000335454,1,1,0,12,8,4,True,1.0,1.0,0.0
rand_n800_N4,random,800,3200,4,chain4,peel-seed-exact,0.0,192,359,0.000736188,1,1,0,12,9,4,True,1.0,1.0,0.0
rand_n800_N4,random,800,3200,4,chain4,peel-seed-exact,0.0,307,532,0.000310813,1,1,0,12,9,4,True,1.0,1.0,0.0
rand_n800_N4,random,800,3200,4,diamond4,peel-seed-exact,0.0,526,35,0.003567203,7,7,1513,24,3200,0,True,1.0,1.0,0.0
rand_n800_N4,random,800,3200,4,diamond4,peel-seed-exact,0.0,192,359,0.001052352,2,2,608,24,3200,0,True,1.0,1.0,0.0
rand_n800_N4,random,800,3200,4,diamond4,peel-seed-exact,0.0,307,532,0.002706849,7,7,2006,24,3200,0,True,1.0,1.0,0.0
rand_n800_N4,random,800,3200,4,flat4,peel-seed-exact,0.0,526,35,0.017610981,20,20,7157,128,3200,0,True,1.0,1.0,0.0
rand_n800_N4,random,800,3200,4,flat4,peel-seed-exact,0.0,192,359,0.008573974,13,13,4404,128,3200,0,True,1.0,1.0,0.0
rand_n800_N4,random,800,3200,4,flat4,peel-seed-exact,0.0,307,532,0.017602616,28,28,6870,128,3200,0,True,1.0,1.0,0.0
rand_n800_N4,random,800,3200,4,top1,peel-seed-exact,0.0,526,35,0.000373984,1,1,8,38,8,1,True,1.0,1.0,0.0
rand_n800_N4,random,800,3200,4,top1,peel-seed-exact,0.0,192,359,0.000379768,1,1,9,38,9,1,True,1.0,1.0,0.0
rand_n800_N4,random,800,3200,4,top1,peel-seed-exact,0.0,307,532,0.000357135,1,1,9,38,9,1,True,1.0,1.0,0.0
rand_n3200_N4,random,3200,12800,4,chain2top,peel-seed-exact,0.0,1249,3106,0.001570974,1,1,6,16,6,2,True,1.0,1.0,0.0
rand_n3200_N4,random,3200,12800,4,chain2top,peel-seed-exact,0.0,2731,3058,0.00151205,1,1,7,16,7,2,True,1.0,1.0,0.0
rand_n3200_N4,random,3200,12800,4,chain2top,peel-seed-exact,0.0,1994,2389,0.001438867,1,1,6,16,6,2,True,1.0,1.0,0.0
rand_n3200_N4,random,3200,12800,4,chain4,peel-seed-exact,0.0,1249,3106,0.00181468,1,1,0,12,6,4,True,1.0,1.0,0.0
rand_n3200_N4,random,3200,12800,4,chain4,peel-seed-exact,0.0,2731,3058,0.001463931,1,1,0,12,7,4,True,1.0,1.0,0.0
rand_n3200_N4,random,3200,12800,4,chain4,peel-seed-exact,0.0,1994,2389,0.001430075,1,1,0,12,6,4,True,1.0,1.0,0.0
rand_n3200_N4,random,3200,12800,4,diamond4,peel-seed-exact,0.0,1249,3106,0.005190607,2,2,2673,24,12800,0,True,1.0,1.0,0.0
rand_n3200_N4,random,3200,12800,4,diamond4,peel-seed-exact,0.0,2731,3058,0.004935841,4,4,2270,24,12800,0,True,1.0,1.0,0.0
rand_n3200_N4,random,3200,12800,4,diamond4,peel-seed-exact,0.0,1994,2389,0.010411432,6,6,7246,24,12800,0,True,1.0,1.0,0.0
rand_n3200_N4,random,3200,12800,4,flat4,peel-seed-exact,0.0,1249,3106,0.018017548,7,7,8672,128,12800,0,True,1.0,1.0,0.0
rand_n3200_N4,random,3200,12800,4,flat4,peel-seed-exact,0.0,2731,3058,0.018851119,10,10,7979,128,12800,0,True,1.0,1.0,0.0
rand_n3200_N4,random,3200,12800,4,flat4,peel-seed-exact,0.0,1994,2389,0.074630197,21,21,26950,128,12800,0,True,1.0,1.0,0.0
rand_n3200_N4,random,3200,12800,4,top1,peel-seed-exact,0.0,1249,3106,0.002446611,1,1,6,38,6,1,True,1.0,1.0,0.0
rand_n3200_N4,random,3200,12800,4,top1,peel-seed-exact,0.0,2731,3058,0.002414839,1,1,7,38,7,1,True,1.0,1.0,0.0
rand_n3200_N4,random,3200,12800,4,top1,peel-seed-exact,0.0,1994,2389,0.002213012,1,1,6,38,6,1,True,1.0,1.0,0.0
